timestamp,accelerometer1rms_006,trainval
2020-02-08 15:10:47,0.209086,True
2020-02-08 15:10:48,0.212775,True
2020-02-08 15:10:49,0.209704,True
2020-02-08 15:10:50,0.21325,True
2020-02-08 15:10:51,0.209905,True
2020-02-08 15:10:52,0.213608,True
2020-02-08 15:10:53,0.210258,True
2020-02-08 15:10:54,0.212029,True
2020-02-08 15:10:55,0.2138,True
2020-02-08 15:10:56,0.210707,True
2020-02-08 15:10:57,0.213969,True
2020-02-08 15:10:58,0.211383,True
2020-02-08 15:10:59,0.212999,True
2020-02-08 15:11:00,0.211052,True
2020-02-08 15:11:01,0.21149,True
2020-02-08 15:11:02,0.213298,True
2020-02-08 15:11:03,0.21212,True
2020-02-08 15:11:04,0.213231,True
2020-02-08 15:11:05,0.21194,True
2020-02-08 15:11:06,0.213267,True
2020-02-08 15:11:07,0.21176,True
2020-02-08 15:11:08,0.213522,True
2020-02-08 15:11:09,0.212249,True
2020-02-08 15:11:10,0.213318,True
2020-02-08 15:11:11,0.214047,True
2020-02-08 15:11:12,0.21204,True
2020-02-08 15:11:13,0.214889,True
2020-02-08 15:11:14,0.210577,True
2020-02-08 15:11:15,0.215083,True
2020-02-08 15:11:16,0.210787,True
2020-02-08 15:11:17,0.212457,True
2020-02-08 15:11:18,0.214127,True
2020-02-08 15:11:19,0.212526,True
2020-02-08 15:11:20,0.213863,True
2020-02-08 15:11:21,0.214328,True
2020-02-08 15:11:22,0.214625,True
2020-02-08 15:11:23,0.214029,True
2020-02-08 15:11:24,0.214919,True
2020-02-08 15:11:25,0.211533,True
2020-02-08 15:11:26,0.21537,True
2020-02-08 15:11:27,0.21171,True
2020-02-08 15:11:28,0.213821,True
2020-02-08 15:11:29,0.214102,True
2020-02-08 15:11:30,0.213619,True
2020-02-08 15:11:31,0.213503,True
2020-02-08 15:11:32,0.213849,True
2020-02-08 15:11:33,0.213658,True
2020-02-08 15:11:34,0.213278,True
2020-02-08 15:11:35,0.214645,True
2020-02-08 15:11:36,0.211811,True
2020-02-08 15:11:37,0.214602,True
2020-02-08 15:11:38,0.212417,True
2020-02-08 15:11:39,0.212917,True
2020-02-08 15:11:40,0.2131565,True
2020-02-08 15:11:41,0.213396,True
2020-02-08 15:11:42,0.213907,True
2020-02-08 15:11:43,0.21404,True
2020-02-08 15:11:44,0.214135,True
2020-02-08 15:11:45,0.213705,True
2020-02-08 15:11:46,0.212944,True
2020-02-08 15:11:47,0.211935,True
2020-02-08 15:11:48,0.213753,True
2020-02-08 15:11:49,0.211662,True
2020-02-08 15:11:50,0.213024,True
2020-02-08 15:11:51,0.212216,True
2020-02-08 15:11:52,0.212841,True
2020-02-08 15:11:53,0.213882,True
2020-02-08 15:11:54,0.213596,True
2020-02-08 15:11:55,0.213318,True
2020-02-08 15:11:56,0.213939,True
2020-02-08 15:11:57,0.214001,True
2020-02-08 15:11:58,0.212688,True
2020-02-08 15:11:59,0.213974,True
2020-02-08 15:12:00,0.21171,True
2020-02-08 15:12:01,0.212353,True
2020-02-08 15:12:02,0.212728,True
2020-02-08 15:12:03,0.2129505,True
2020-02-08 15:12:04,0.213173,True
2020-02-08 15:12:05,0.213366,True
2020-02-08 15:12:06,0.214072,True
2020-02-08 15:12:07,0.213422,True
2020-02-08 15:12:08,0.212736,True
2020-02-08 15:12:09,0.213883,True
2020-02-08 15:12:10,0.213159,True
2020-02-08 15:12:11,0.211942,True
2020-02-08 15:12:12,0.212546,True
2020-02-08 15:12:13,0.212697,True
2020-02-08 15:12:14,0.211742,True
2020-02-08 15:12:15,0.213209,True
2020-02-08 15:12:16,0.213529,True
2020-02-08 15:12:17,0.214103,True
2020-02-08 15:12:18,0.213411,True
2020-02-08 15:12:19,0.214551,True
2020-02-08 15:12:20,0.212839,True
2020-02-08 15:12:21,0.213617,True
2020-02-08 15:12:22,0.212648,True
2020-02-08 15:12:23,0.211912,True
2020-02-08 15:12:24,0.213775,True
2020-02-08 15:12:25,0.213752,True
2020-02-08 15:12:26,0.213729,True
2020-02-08 15:12:27,0.214946,True
2020-02-08 15:12:28,0.213253,True
2020-02-08 15:12:29,0.214387,True
2020-02-08 15:12:30,0.212669,True
2020-02-08 15:12:31,0.213042,True
2020-02-08 15:12:32,0.212108,True
2020-02-08 15:12:33,0.213888,True
2020-02-08 15:12:34,0.212425,True
2020-02-08 15:12:35,0.214392,True
2020-02-08 15:12:36,0.21341,True
2020-02-08 15:12:37,0.214609,True
2020-02-08 15:12:38,0.212921,True
2020-02-08 15:12:39,0.213834,True
2020-02-08 15:12:40,0.213137,True
2020-02-08 15:12:41,0.210938,True
2020-02-08 15:12:42,0.213696,True
2020-02-08 15:12:43,0.211332,True
2020-02-08 15:12:44,0.214063,True
2020-02-08 15:12:45,0.212932,True
2020-02-08 15:12:46,0.214541,True
2020-02-08 15:12:47,0.2134625,True
2020-02-08 15:12:48,0.212384,True
2020-02-08 15:12:49,0.213286,True
2020-02-08 15:12:50,0.212682,True
2020-02-08 15:12:51,0.211349,True
2020-02-08 15:12:52,0.213884,True
2020-02-08 15:12:53,0.213705,True
2020-02-08 15:12:54,0.212465,True
2020-02-08 15:12:55,0.214175,True
2020-02-08 15:12:56,0.212352,True
2020-02-08 15:12:57,0.213922,True
2020-02-08 15:12:58,0.212938,True
2020-02-08 15:12:59,0.21175,True
2020-02-08 15:13:00,0.213704,True
2020-02-08 15:13:01,0.209559,True
2020-02-08 15:13:02,0.213468,True
2020-02-08 15:13:03,0.211677,True
2020-02-08 15:13:04,0.213111,True
2020-02-08 15:13:05,0.212101,True
2020-02-08 15:13:06,0.21346,True
2020-02-08 15:13:07,0.212694,True
2020-02-08 15:13:08,0.212656,True
2020-02-08 15:13:09,0.213355,True
2020-02-08 15:13:10,0.21161049999999998,True
2020-02-08 15:13:11,0.209866,True
2020-02-08 15:13:12,0.213789,True
2020-02-08 15:13:13,0.210923,True
2020-02-08 15:13:14,0.213254,True
2020-02-08 15:13:15,0.212698,True
2020-02-08 15:13:16,0.213411,True
2020-02-08 15:13:17,0.212947,True
2020-02-08 15:13:18,0.213489,True
2020-02-08 15:13:19,0.210893,True
2020-02-08 15:13:20,0.213622,True
2020-02-08 15:13:21,0.210367,True
2020-02-08 15:13:22,0.213233,True
2020-02-08 15:13:23,0.213076,True
2020-02-08 15:13:24,0.213589,True
2020-02-08 15:13:25,0.212552,True
2020-02-08 15:13:26,0.213116,True
2020-02-08 15:13:27,0.213211,True
2020-02-08 15:13:28,0.211193,True
2020-02-08 15:13:29,0.213495,True
2020-02-08 15:13:30,0.210197,True
2020-02-08 15:13:31,0.21277,True
2020-02-08 15:13:32,0.212021,True
2020-02-08 15:13:33,0.212594,True
2020-02-08 15:13:34,0.213167,True
2020-02-08 15:13:35,0.21215,True
2020-02-08 15:13:36,0.213178,True
2020-02-08 15:13:37,0.211768,True
2020-02-08 15:13:38,0.212959,True
2020-02-08 15:13:39,0.213922,True
2020-02-08 15:13:40,0.214645,True
2020-02-08 15:13:41,0.210948,True
2020-02-08 15:13:42,0.213241,True
2020-02-08 15:13:43,0.213526,True
2020-02-08 15:13:44,0.213774,True
2020-02-08 15:13:45,0.213261,True
2020-02-08 15:13:46,0.213301,True
2020-02-08 15:13:47,0.214522,True
2020-02-08 15:13:48,0.211485,True
2020-02-08 15:13:49,0.215077,True
2020-02-08 15:13:50,0.211537,True
2020-02-08 15:13:51,0.212435,True
2020-02-08 15:13:52,0.213126,True
2020-02-08 15:13:53,0.213516,True
2020-02-08 15:13:54,0.214064,True
2020-02-08 15:13:55,0.213836,True
2020-02-08 15:13:56,0.214268,True
2020-02-08 15:13:57,0.213558,True
2020-02-08 15:13:58,0.212848,True
2020-02-08 15:13:59,0.213763,True
2020-02-08 15:14:00,0.211468,True
2020-02-08 15:14:01,0.212406,True
2020-02-08 15:14:02,0.212811,True
2020-02-08 15:14:03,0.213574,True
2020-02-08 15:14:04,0.213742,True
2020-02-08 15:14:05,0.213903,True
2020-02-08 15:14:06,0.211865,True
2020-02-08 15:14:07,0.213503,True
2020-02-08 15:14:08,0.210942,True
2020-02-08 15:14:09,0.212316,True
2020-02-08 15:14:10,0.212313,True
2020-02-08 15:14:11,0.211886,True
2020-02-08 15:14:12,0.213268,True
2020-02-08 15:14:13,0.212929,True
2020-02-08 15:14:14,0.213166,True
2020-02-08 15:14:15,0.213352,True
2020-02-08 15:14:16,0.213687,True
2020-02-08 15:14:17,0.211547,True
2020-02-08 15:14:18,0.213693,True
2020-02-08 15:14:19,0.211851,True
2020-02-08 15:14:20,0.2115415,True
2020-02-08 15:14:21,0.211232,True
2020-02-08 15:14:22,0.213294,True
2020-02-08 15:14:23,0.212511,True
2020-02-08 15:14:24,0.21409,True
2020-02-08 15:14:25,0.213404,True
2020-02-08 15:14:26,0.212554,True
2020-02-08 15:14:27,0.213843,True
2020-02-08 15:14:28,0.212787,True
2020-02-08 15:14:29,0.211412,True
2020-02-08 15:14:30,0.212717,True
2020-02-08 15:14:31,0.212625,True
2020-02-08 15:14:32,0.214057,True
2020-02-08 15:14:33,0.213699,True
2020-02-08 15:14:34,0.214568,True
2020-02-08 15:14:35,0.212492,True
2020-02-08 15:14:36,0.213934,True
2020-02-08 15:14:37,0.212657,True
2020-02-08 15:14:38,0.212927,True
2020-02-08 15:14:39,0.213463,True
2020-02-08 15:14:40,0.210888,True
2020-02-08 15:14:41,0.2124745,True
2020-02-08 15:14:42,0.214061,True
2020-02-08 15:14:43,0.212598,True
2020-02-08 15:14:44,0.214431,True
2020-02-08 15:14:45,0.213932,True
2020-02-08 15:14:46,0.21462,True
2020-02-08 15:14:47,0.213785,True
2020-02-08 15:14:48,0.213869,True
2020-02-08 15:14:49,0.211399,True
2020-02-08 15:14:50,0.213947,True
2020-02-08 15:14:51,0.212715,True
2020-02-08 15:14:52,0.214606,True
2020-02-08 15:14:53,0.213992,True
2020-02-08 15:14:54,0.215106,True
2020-02-08 15:14:55,0.213173,True
2020-02-08 15:14:56,0.214229,True
2020-02-08 15:14:57,0.214007,True
2020-02-08 15:14:58,0.210798,True
2020-02-08 15:14:59,0.214059,True
2020-02-08 15:15:00,0.211245,True
2020-02-08 15:15:01,0.213617,True
2020-02-08 15:15:02,0.213273,True
2020-02-08 15:15:03,0.213747,True
2020-02-08 15:15:04,0.213111,True
2020-02-08 15:15:05,0.212475,True
2020-02-08 15:15:06,0.21313,True
2020-02-08 15:15:07,0.212466,True
2020-02-08 15:15:08,0.213107,True
2020-02-08 15:15:09,0.213373,True
2020-02-08 15:15:10,0.214469,True
2020-02-08 15:15:11,0.211491,True
2020-02-08 15:15:12,0.214424,True
2020-02-08 15:15:13,0.213432,True
2020-02-08 15:15:14,0.215344,True
2020-02-08 15:15:15,0.214345,True
2020-02-08 15:15:16,0.215681,True
2020-02-08 15:15:17,0.214144,True
2020-02-08 15:15:18,0.214942,True
2020-02-08 15:15:19,0.214567,True
2020-02-08 15:15:20,0.213132,True
2020-02-08 15:15:21,0.215613,True
2020-02-08 15:15:22,0.21234,True
2020-02-08 15:15:23,0.216107,True
2020-02-08 15:15:24,0.212866,True
2020-02-08 15:15:25,0.215644,True
2020-02-08 15:15:26,0.214671,True
2020-02-08 15:15:27,0.215401,True
2020-02-08 15:15:28,0.216131,True
2020-02-08 15:15:29,0.215109,True
2020-02-08 15:15:30,0.21605,True
2020-02-08 15:15:31,0.215629,True
2020-02-08 15:15:32,0.215069,True
2020-02-08 15:15:33,0.212275,True
2020-02-08 15:15:34,0.216517,True
2020-02-08 15:15:35,0.214216,True
2020-02-08 15:15:36,0.216068,True
2020-02-08 15:15:37,0.215963,True
2020-02-08 15:15:38,0.216774,True
2020-02-08 15:15:39,0.215678,True
2020-02-08 15:15:40,0.215936,True
2020-02-08 15:15:41,0.216861,True
2020-02-08 15:15:42,0.213925,True
2020-02-08 15:15:43,0.217761,True
2020-02-08 15:15:44,0.213944,True
2020-02-08 15:15:45,0.216318,True
2020-02-08 15:15:46,0.216618,True
2020-02-08 15:15:47,0.216595,True
2020-02-08 15:15:48,0.216499,True
2020-02-08 15:15:49,0.216777,True
2020-02-08 15:15:50,0.2172045,True
2020-02-08 15:15:51,0.217632,True
2020-02-08 15:15:52,0.214564,True
2020-02-08 15:15:53,0.217655,True
2020-02-08 15:15:54,0.213481,True
2020-02-08 15:15:55,0.215531,True
2020-02-08 15:15:56,0.215568,True
2020-02-08 15:15:57,0.216638,True
2020-02-08 15:15:58,0.216305,True
2020-02-08 15:15:59,0.216692,True
2020-02-08 15:16:00,0.214965,True
2020-02-08 15:16:01,0.217376,True
2020-02-08 15:16:02,0.213617,True
2020-02-08 15:16:03,0.214908,True
2020-02-08 15:16:04,0.214418,True
2020-02-08 15:16:05,0.214454,True
2020-02-08 15:16:06,0.215916,True
2020-02-08 15:16:07,0.216299,True
2020-02-08 15:16:08,0.216344,True
2020-02-08 15:16:09,0.216182,True
2020-02-08 15:16:10,0.216592,True
2020-02-08 15:16:11,0.215523,True
2020-02-08 15:16:12,0.2157175,True
2020-02-08 15:16:13,0.215912,True
2020-02-08 15:16:14,0.214401,True
2020-02-08 15:16:15,0.215335,True
2020-02-08 15:16:16,0.215873,True
2020-02-08 15:16:17,0.216348,True
2020-02-08 15:16:18,0.215686,True
2020-02-08 15:16:19,0.216141,True
2020-02-08 15:16:20,0.214386,True
2020-02-08 15:16:21,0.216081,True
2020-02-08 15:16:22,0.212933,True
2020-02-08 15:16:23,0.213819,True
2020-02-08 15:16:24,0.214029,True
2020-02-08 15:16:25,0.21464,True
2020-02-08 15:16:26,0.215196,True
2020-02-08 15:16:27,0.215714,True
2020-02-08 15:16:28,0.216149,True
2020-02-08 15:16:29,0.214318,True
2020-02-08 15:16:30,0.216317,True
2020-02-08 15:16:31,0.213992,True
2020-02-08 15:16:32,0.215478,True
2020-02-08 15:16:33,0.214994,True
2020-02-08 15:16:34,0.2145265,True
2020-02-08 15:16:35,0.214059,True
2020-02-08 15:16:36,0.215854,True
2020-02-08 15:16:37,0.216133,True
2020-02-08 15:16:38,0.217134,True
2020-02-08 15:16:39,0.215177,True
2020-02-08 15:16:40,0.217022,True
2020-02-08 15:16:41,0.213837,True
2020-02-08 15:16:42,0.215396,True
2020-02-08 15:16:43,0.215077,True
2020-02-08 15:16:44,0.216764,True
2020-02-08 15:16:45,0.215573,True
2020-02-08 15:16:46,0.216681,True
2020-02-08 15:16:47,0.214977,True
2020-02-08 15:16:48,0.216325,True
2020-02-08 15:16:49,0.215265,True
2020-02-08 15:16:50,0.214199,True
2020-02-08 15:16:51,0.215621,True
2020-02-08 15:16:52,0.213117,True
2020-02-08 15:16:53,0.216052,True
2020-02-08 15:16:54,0.214077,True
2020-02-08 15:16:55,0.216284,True
2020-02-08 15:16:56,0.21591300000000002,True
2020-02-08 15:16:57,0.215542,True
2020-02-08 15:16:58,0.217056,True
2020-02-08 15:16:59,0.215572,True
2020-02-08 15:17:00,0.216042,True
2020-02-08 15:17:01,0.215365,True
2020-02-08 15:17:02,0.216611,True
2020-02-08 15:17:03,0.213116,True
2020-02-08 15:17:04,0.216463,True
2020-02-08 15:17:05,0.215943,True
2020-02-08 15:17:06,0.217505,True
2020-02-08 15:17:07,0.215938,True
2020-02-08 15:17:08,0.216202,True
2020-02-08 15:17:09,0.21646,True
2020-02-08 15:17:10,0.21295,True
2020-02-08 15:17:11,0.215886,True
2020-02-08 15:17:12,0.214227,True
2020-02-08 15:17:13,0.216135,True
2020-02-08 15:17:14,0.215222,True
2020-02-08 15:17:15,0.215714,True
2020-02-08 15:17:16,0.214841,True
2020-02-08 15:17:17,0.215219,True
2020-02-08 15:17:18,0.215051,True
2020-02-08 15:17:19,0.21288,True
2020-02-08 15:17:20,0.2141105,True
2020-02-08 15:17:21,0.215341,True
2020-02-08 15:17:22,0.212622,True
2020-02-08 15:17:23,0.215285,True
2020-02-08 15:17:24,0.214774,True
2020-02-08 15:17:25,0.215984,True
2020-02-08 15:17:26,0.215766,True
2020-02-08 15:17:27,0.215199,True
2020-02-08 15:17:28,0.213616,True
2020-02-08 15:17:29,0.215111,True
2020-02-08 15:17:30,0.212808,True
2020-02-08 15:17:31,0.215119,True
2020-02-08 15:17:32,0.214823,True
2020-02-08 15:17:33,0.216043,True
2020-02-08 15:17:34,0.214661,True
2020-02-08 15:17:35,0.215526,True
2020-02-08 15:17:36,0.215093,True
2020-02-08 15:17:37,0.213275,True
2020-02-08 15:17:38,0.215337,True
2020-02-08 15:17:39,0.212327,True
2020-02-08 15:17:40,0.21466,True
2020-02-08 15:17:41,0.2144605,True
2020-02-08 15:17:42,0.214261,True
2020-02-08 15:17:43,0.215506,True
2020-02-08 15:17:44,0.213946,True
2020-02-08 15:17:45,0.214637,True
2020-02-08 15:17:46,0.214547,True
2020-02-08 15:17:47,0.214333,True
2020-02-08 15:17:48,0.212083,True
2020-02-08 15:17:49,0.216017,True
2020-02-08 15:17:50,0.214088,True
2020-02-08 15:17:51,0.214872,True
2020-02-08 15:17:52,0.219152,True
2020-02-08 15:17:53,0.217368,True
2020-02-08 15:17:54,0.214345,True
2020-02-08 15:17:55,0.215691,True
2020-02-08 15:17:56,0.21414,True
2020-02-08 15:17:57,0.214331,True
2020-02-08 15:17:58,0.215514,True
2020-02-08 15:17:59,0.211918,True
2020-02-08 15:18:00,0.215921,True
2020-02-08 15:18:01,0.212752,True
2020-02-08 15:18:02,0.213475,True
2020-02-08 15:18:03,0.21311950000000002,True
2020-02-08 15:18:04,0.212764,True
2020-02-08 15:18:05,0.214581,True
2020-02-08 15:18:06,0.20985,True
2020-02-08 15:18:07,0.21083,True
2020-02-08 15:18:08,0.212801,True
2020-02-08 15:18:09,0.213425,True
2020-02-08 15:18:10,0.2148,True
2020-02-08 15:18:11,0.214444,True
2020-02-08 15:18:12,0.215007,True
2020-02-08 15:18:13,0.214726,True
2020-02-08 15:18:14,0.215099,True
2020-02-08 15:18:15,0.214678,True
2020-02-08 15:18:16,0.214867,True
2020-02-08 15:18:17,0.215217,True
2020-02-08 15:18:18,0.215305,True
2020-02-08 15:18:19,0.215834,True
2020-02-08 15:18:20,0.215365,True
2020-02-08 15:18:21,0.21676,True
2020-02-08 15:18:22,0.216216,True
2020-02-08 15:18:23,0.216323,True
2020-02-08 15:18:24,0.21643,True
2020-02-08 15:18:25,0.216269,True
2020-02-08 15:18:26,0.216915,True
2020-02-08 15:18:27,0.21642,True
2020-02-08 15:18:28,0.217499,True
2020-02-08 15:18:29,0.217126,True
2020-02-08 15:18:30,0.2182,True
2020-02-08 15:18:31,0.219041,True
2020-02-08 15:18:32,0.216068,True
2020-02-08 15:18:33,0.217506,True
2020-02-08 15:18:34,0.217589,True
2020-02-08 15:18:35,0.216481,True
2020-02-08 15:18:36,0.218229,True
2020-02-08 15:18:37,0.217093,True
2020-02-08 15:18:38,0.218315,True
2020-02-08 15:18:39,0.219026,True
2020-02-08 15:18:40,0.219024,True
2020-02-08 15:18:41,0.218352,True
2020-02-08 15:18:42,0.219096,True
2020-02-08 15:18:43,0.217205,True
2020-02-08 15:18:44,0.2169,True
2020-02-08 15:18:45,0.217625,True
2020-02-08 15:18:46,0.21691300000000002,True
2020-02-08 15:18:47,0.216201,True
2020-02-08 15:18:48,0.217863,True
2020-02-08 15:18:49,0.217853,True
2020-02-08 15:18:50,0.218683,True
2020-02-08 15:18:51,0.219088,True
2020-02-08 15:18:52,0.219113,True
2020-02-08 15:18:53,0.219453,True
2020-02-08 15:18:54,0.217855,True
2020-02-08 15:18:55,0.218249,True
2020-02-08 15:18:56,0.21826,True
2020-02-08 15:18:57,0.216496,True
2020-02-08 15:18:58,0.21829,True
2020-02-08 15:18:59,0.217566,True
2020-02-08 15:19:00,0.219201,True
2020-02-08 15:19:01,0.218687,True
2020-02-08 15:19:02,0.219571,True
2020-02-08 15:19:03,0.218392,True
2020-02-08 15:19:04,0.219355,True
2020-02-08 15:19:05,0.218042,True
2020-02-08 15:19:06,0.218798,True
2020-02-08 15:19:07,0.219087,True
2020-02-08 15:19:08,0.21718,True
2020-02-08 15:19:09,0.218315,True
2020-02-08 15:19:10,0.21945,True
2020-02-08 15:19:11,0.218014,True
2020-02-08 15:19:12,0.22004,True
2020-02-08 15:19:13,0.218866,True
2020-02-08 15:19:14,0.220368,True
2020-02-08 15:19:15,0.219797,True
2020-02-08 15:19:16,0.219428,True
2020-02-08 15:19:17,0.21758,True
2020-02-08 15:19:18,0.219991,True
2020-02-08 15:19:19,0.217628,True
2020-02-08 15:19:20,0.220154,True
2020-02-08 15:19:21,0.219595,True
2020-02-08 15:19:22,0.221188,True
2020-02-08 15:19:23,0.219635,True
2020-02-08 15:19:24,0.220623,True
2020-02-08 15:19:25,0.219777,True
2020-02-08 15:19:26,0.218187,True
2020-02-08 15:19:27,0.220159,True
2020-02-08 15:19:28,0.216548,True
2020-02-08 15:19:29,0.219992,True
2020-02-08 15:19:30,0.2191435,True
2020-02-08 15:19:31,0.218295,True
2020-02-08 15:19:32,0.220097,True
2020-02-08 15:19:33,0.218949,True
2020-02-08 15:19:34,0.220524,True
2020-02-08 15:19:35,0.219588,True
2020-02-08 15:19:36,0.219402,True
2020-02-08 15:19:37,0.217445,True
2020-02-08 15:19:38,0.220482,True
2020-02-08 15:19:39,0.219089,True
2020-02-08 15:19:40,0.220232,True
2020-02-08 15:19:41,0.219431,True
2020-02-08 15:19:42,0.219409,True
2020-02-08 15:19:43,0.218529,True
2020-02-08 15:19:44,0.218382,True
2020-02-08 15:19:45,0.220367,True
2020-02-08 15:19:46,0.216769,True
2020-02-08 15:19:47,0.220651,True
2020-02-08 15:19:48,0.217112,True
2020-02-08 15:19:49,0.219728,True
2020-02-08 15:19:50,0.219595,True
2020-02-08 15:19:51,0.22023,True
2020-02-08 15:19:52,0.219378,True
2020-02-08 15:19:53,0.21956,True
2020-02-08 15:19:54,0.220722,True
2020-02-08 15:19:55,0.2190205,True
2020-02-08 15:19:56,0.217319,True
2020-02-08 15:19:57,0.220318,True
2020-02-08 15:19:58,0.218166,True
2020-02-08 15:19:59,0.219521,True
2020-02-08 15:20:00,0.220173,True
2020-02-08 15:20:01,0.219064,True
2020-02-08 15:20:02,0.219134,True
2020-02-08 15:20:03,0.219968,True
2020-02-08 15:20:04,0.215678,True
2020-02-08 15:20:05,0.217936,True
2020-02-08 15:20:06,0.217282,True
2020-02-08 15:20:07,0.218678,True
2020-02-08 15:20:08,0.218631,True
2020-02-08 15:20:09,0.219117,True
2020-02-08 15:20:10,0.220049,True
2020-02-08 15:20:11,0.215321,True
2020-02-08 15:20:12,0.218513,True
2020-02-08 15:20:13,0.217304,True
2020-02-08 15:20:14,0.217508,True
2020-02-08 15:20:15,0.218371,True
2020-02-08 15:20:16,0.218211,True
2020-02-08 15:20:17,0.218611,True
2020-02-08 15:20:18,0.217717,True
2020-02-08 15:20:19,0.216823,True
2020-02-08 15:20:20,0.218584,True
2020-02-08 15:20:21,0.215922,True
2020-02-08 15:20:22,0.216806,True
2020-02-08 15:20:23,0.216981,True
2020-02-08 15:20:24,0.217846,True
2020-02-08 15:20:25,0.217138,True
2020-02-08 15:20:26,0.219006,True
2020-02-08 15:20:27,0.215891,True
2020-02-08 15:20:28,0.216595,True
2020-02-08 15:20:29,0.216118,True
2020-02-08 15:20:30,0.216332,True
2020-02-08 15:20:31,0.21787,True
2020-02-08 15:20:32,0.217241,True
2020-02-08 15:20:33,0.218312,True
2020-02-08 15:20:34,0.217118,True
2020-02-08 15:20:35,0.217632,True
2020-02-08 15:20:36,0.215857,True
2020-02-08 15:20:37,0.216932,True
2020-02-08 15:20:38,0.217701,True
2020-02-08 15:20:39,0.217892,True
2020-02-08 15:20:40,0.218592,True
2020-02-08 15:20:41,0.21802500000000002,True
2020-02-08 15:20:42,0.217458,True
2020-02-08 15:20:43,0.219966,True
2020-02-08 15:20:44,0.217118,True
2020-02-08 15:20:45,0.21812,True
2020-02-08 15:20:46,0.21947,True
2020-02-08 15:20:47,0.219787,True
2020-02-08 15:20:48,0.218996,True
2020-02-08 15:20:49,0.21973,True
2020-02-08 15:20:50,0.218407,True
2020-02-08 15:20:51,0.217114,True
2020-02-08 15:20:52,0.2186,True
2020-02-08 15:20:53,0.21821,True
2020-02-08 15:20:54,0.216567,True
2020-02-08 15:20:55,0.215786,True
2020-02-08 15:20:56,0.217483,True
2020-02-08 15:20:57,0.217983,True
2020-02-08 15:20:58,0.218635,True
2020-02-08 15:20:59,0.217648,True
2020-02-08 15:21:00,0.219197,True
2020-02-08 15:21:01,0.217857,True
2020-02-08 15:21:02,0.219161,True
2020-02-08 15:21:03,0.217601,True
2020-02-08 15:21:04,0.216541,True
2020-02-08 15:21:05,0.217897,True
2020-02-08 15:21:06,0.219253,True
2020-02-08 15:21:07,0.218926,True
2020-02-08 15:21:08,0.220243,True
2020-02-08 15:21:09,0.218444,True
2020-02-08 15:21:10,0.219206,True
2020-02-08 15:21:11,0.218276,True
2020-02-08 15:21:12,0.218844,True
2020-02-08 15:21:13,0.218452,True
2020-02-08 15:21:14,0.220538,True
2020-02-08 15:21:15,0.220011,True
2020-02-08 15:21:16,0.220157,True
2020-02-08 15:21:17,0.218778,True
2020-02-08 15:21:18,0.21784,True
2020-02-08 15:21:19,0.219299,True
2020-02-08 15:21:20,0.217801,True
2020-02-08 15:21:21,0.220143,True
2020-02-08 15:21:22,0.219226,True
2020-02-08 15:21:23,0.220016,True
2020-02-08 15:21:24,0.21881,True
2020-02-08 15:21:25,0.217009,True
2020-02-08 15:21:26,0.219226,True
2020-02-08 15:21:27,0.216585,True
2020-02-08 15:21:28,0.2180645,True
2020-02-08 15:21:29,0.219544,True
2020-02-08 15:21:30,0.218674,True
2020-02-08 15:21:31,0.219469,True
2020-02-08 15:21:32,0.218425,True
2020-02-08 15:21:33,0.218536,True
2020-02-08 15:21:34,0.219362,True
2020-02-08 15:21:35,0.219148,True
2020-02-08 15:21:36,0.219088,True
2020-02-08 15:21:37,0.219473,True
2020-02-08 15:21:38,0.218215,True
2020-02-08 15:21:39,0.218889,True
2020-02-08 15:21:40,0.218574,True
2020-02-08 15:21:41,0.215624,True
2020-02-08 15:21:42,0.21902,True
2020-02-08 15:21:43,0.21887,True
2020-02-08 15:21:44,0.220429,True
2020-02-08 15:21:45,0.218564,True
2020-02-08 15:21:46,0.219114,True
2020-02-08 15:21:47,0.219553,True
2020-02-08 15:21:48,0.216259,True
2020-02-08 15:21:49,0.218219,True
2020-02-08 15:21:50,0.21801199999999998,True
2020-02-08 15:21:51,0.217805,True
2020-02-08 15:21:52,0.219268,True
2020-02-08 15:21:53,0.217056,True
2020-02-08 15:21:54,0.21593,True
2020-02-08 15:21:55,0.21791,True
2020-02-08 15:21:56,0.214055,True
2020-02-08 15:21:57,0.217274,True
2020-02-08 15:21:58,0.217549,True
2020-02-08 15:21:59,0.216543,True
2020-02-08 15:22:00,0.216723,True
2020-02-08 15:22:01,0.218093,True
2020-02-08 15:22:02,0.214123,True
2020-02-08 15:22:03,0.217689,True
2020-02-08 15:22:04,0.216963,True
2020-02-08 15:22:05,0.217996,True
2020-02-08 15:22:06,0.217303,True
2020-02-08 15:22:07,0.217017,True
2020-02-08 15:22:08,0.218242,True
2020-02-08 15:22:09,0.213791,True
2020-02-08 15:22:10,0.217354,True
2020-02-08 15:22:11,0.217175,True
2020-02-08 15:22:12,0.21771,True
2020-02-08 15:22:13,0.21723,True
2020-02-08 15:22:14,0.217786,True
2020-02-08 15:22:15,0.21801900000000002,True
2020-02-08 15:22:16,0.218252,True
2020-02-08 15:22:17,0.214533,True
2020-02-08 15:22:18,0.217639,True
2020-02-08 15:22:19,0.217775,True
2020-02-08 15:22:20,0.218366,True
2020-02-08 15:22:21,0.217657,True
2020-02-08 15:22:22,0.218063,True
2020-02-08 15:22:23,0.215743,True
2020-02-08 15:22:24,0.216624,True
2020-02-08 15:22:25,0.217504,True
2020-02-08 15:22:26,0.218328,True
2020-02-08 15:22:27,0.218631,True
2020-02-08 15:22:28,0.216024,True
2020-02-08 15:22:29,0.218803,True
2020-02-08 15:22:30,0.21676,True
2020-02-08 15:22:31,0.218576,True
2020-02-08 15:22:32,0.219022,True
2020-02-08 15:22:33,0.217439,True
2020-02-08 15:22:34,0.219771,True
2020-02-08 15:22:35,0.215764,True
2020-02-08 15:22:36,0.217269,True
2020-02-08 15:22:37,0.218353,True
2020-02-08 15:22:38,0.218067,True
2020-02-08 15:22:39,0.218338,True
2020-02-08 15:22:40,0.218609,True
2020-02-08 15:22:41,0.21707,True
2020-02-08 15:22:42,0.218046,True
2020-02-08 15:22:43,0.215618,True
2020-02-08 15:22:44,0.215858,True
2020-02-08 15:22:45,0.216698,True
2020-02-08 15:22:46,0.217388,True
2020-02-08 15:22:47,0.217434,True
2020-02-08 15:22:48,0.217625,True
2020-02-08 15:22:49,0.216742,True
2020-02-08 15:22:50,0.217796,True
2020-02-08 15:22:51,0.215521,True
2020-02-08 15:22:52,0.216374,True
2020-02-08 15:22:53,0.217798,True
2020-02-08 15:22:54,0.218182,True
2020-02-08 15:22:55,0.219204,True
2020-02-08 15:22:56,0.217006,True
2020-02-08 15:22:57,0.218102,True
2020-02-08 15:22:58,0.217196,True
2020-02-08 15:22:59,0.21631,True
2020-02-08 15:23:00,0.219157,True
2020-02-08 15:23:01,0.219104,True
2020-02-08 15:23:02,0.219051,True
2020-02-08 15:23:03,0.21943,True
2020-02-08 15:23:04,0.217805,True
2020-02-08 15:23:05,0.216006,True
2020-02-08 15:23:06,0.218014,True
2020-02-08 15:23:07,0.218788,True
2020-02-08 15:23:08,0.217924,True
2020-02-08 15:23:09,0.217929,True
2020-02-08 15:23:10,0.2171,True
2020-02-08 15:23:11,0.216072,True
2020-02-08 15:23:12,0.217925,True
2020-02-08 15:23:13,0.21788,True
2020-02-08 15:23:14,0.217451,True
2020-02-08 15:23:15,0.21662,True
2020-02-08 15:23:16,0.217794,True
2020-02-08 15:23:17,0.216479,True
2020-02-08 15:23:18,0.215721,True
2020-02-08 15:23:19,0.217495,True
2020-02-08 15:23:20,0.217109,True
2020-02-08 15:23:21,0.218573,True
2020-02-08 15:23:22,0.216866,True
2020-02-08 15:23:23,0.2173995,True
2020-02-08 15:23:24,0.217933,True
2020-02-08 15:23:25,0.217176,True
2020-02-08 15:23:26,0.214417,True
2020-02-08 15:23:27,0.217731,True
2020-02-08 15:23:28,0.217541,True
2020-02-08 15:23:29,0.219291,True
2020-02-08 15:23:30,0.216549,True
2020-02-08 15:23:31,0.217933,True
2020-02-08 15:23:32,0.21681,True
2020-02-08 15:23:33,0.219096,True
2020-02-08 15:23:34,0.217143,True
2020-02-08 15:23:35,0.216941,True
2020-02-08 15:23:36,0.216425,True
2020-02-08 15:23:37,0.21375,True
2020-02-08 15:23:38,0.216876,True
2020-02-08 15:23:39,0.216966,True
2020-02-08 15:23:40,0.217312,True
2020-02-08 15:23:41,0.216493,True
2020-02-08 15:23:42,0.215338,True
2020-02-08 15:23:43,0.2158695,True
2020-02-08 15:23:44,0.216401,True
2020-02-08 15:23:45,0.214323,True
2020-02-08 15:23:46,0.216389,True
2020-02-08 15:23:47,0.216003,True
2020-02-08 15:23:48,0.215769,True
2020-02-08 15:23:49,0.21641,True
2020-02-08 15:23:50,0.217099,True
2020-02-08 15:23:51,0.212897,True
2020-02-08 15:23:52,0.217202,True
2020-02-08 15:23:53,0.217185,True
2020-02-08 15:23:54,0.218236,True
2020-02-08 15:23:55,0.217191,True
2020-02-08 15:23:56,0.216971,True
2020-02-08 15:23:57,0.217756,True
2020-02-08 15:23:58,0.213734,True
2020-02-08 15:23:59,0.217474,True
2020-02-08 15:24:00,0.216749,True
2020-02-08 15:24:01,0.217867,True
2020-02-08 15:24:02,0.216937,True
2020-02-08 15:24:03,0.215033,True
2020-02-08 15:24:04,0.2163225,True
2020-02-08 15:24:05,0.217612,True
2020-02-08 15:24:06,0.214397,True
2020-02-08 15:24:07,0.217568,True
2020-02-08 15:24:08,0.216378,True
2020-02-08 15:24:09,0.217369,True
2020-02-08 15:24:10,0.21668,True
2020-02-08 15:24:11,0.217209,True
2020-02-08 15:24:12,0.214872,True
2020-02-08 15:24:13,0.217962,True
2020-02-08 15:24:14,0.216442,True
2020-02-08 15:24:15,0.216394,True
2020-02-08 15:24:16,0.217731,True
2020-02-08 15:24:17,0.212299,True
2020-02-08 15:24:18,0.216687,True
2020-02-08 15:24:19,0.21644,True
2020-02-08 15:24:20,0.217111,True
2020-02-08 15:24:21,0.216229,True
2020-02-08 15:24:22,0.214591,True
2020-02-08 15:24:23,0.217052,True
2020-02-08 15:24:24,0.212635,True
2020-02-08 15:24:25,0.216163,True
2020-02-08 15:24:26,0.215971,True
2020-02-08 15:24:27,0.216227,True
2020-02-08 15:24:28,0.216483,True
2020-02-08 15:24:29,0.216797,True
2020-02-08 15:24:30,0.213413,True
2020-02-08 15:24:31,0.216562,True
2020-02-08 15:24:32,0.214409,True
2020-02-08 15:24:33,0.215659,True
2020-02-08 15:24:34,0.216011,True
2020-02-08 15:24:35,0.216817,True
2020-02-08 15:24:36,0.213723,True
2020-02-08 15:24:37,0.217024,True
2020-02-08 15:24:38,0.214251,True
2020-02-08 15:24:39,0.215882,True
2020-02-08 15:24:40,0.217365,True
2020-02-08 15:24:41,0.21694,True
2020-02-08 15:24:42,0.217846,True
2020-02-08 15:24:43,0.214402,True
2020-02-08 15:24:44,0.215722,True
2020-02-08 15:24:45,0.215633,True
2020-02-08 15:24:46,0.216951,True
2020-02-08 15:24:47,0.217034,True
2020-02-08 15:24:48,0.216026,True
2020-02-08 15:24:49,0.217184,True
2020-02-08 15:24:50,0.214298,True
2020-02-08 15:24:51,0.214648,True
2020-02-08 15:24:52,0.214998,True
2020-02-08 15:24:53,0.216664,True
2020-02-08 15:24:54,0.217051,True
2020-02-08 15:24:55,0.216777,True
2020-02-08 15:24:56,0.216201,True
2020-02-08 15:24:57,0.216411,True
2020-02-08 15:24:58,0.215471,True
2020-02-08 15:24:59,0.216092,True
2020-02-08 15:25:00,0.216378,True
2020-02-08 15:25:01,0.216875,True
2020-02-08 15:25:02,0.217572,True
2020-02-08 15:25:03,0.217826,True
2020-02-08 15:25:04,0.215413,True
2020-02-08 15:25:05,0.216107,True
2020-02-08 15:25:06,0.216137,True
2020-02-08 15:25:07,0.216617,True
2020-02-08 15:25:08,0.217696,True
2020-02-08 15:25:09,0.218217,True
2020-02-08 15:25:10,0.218384,True
2020-02-08 15:25:11,0.21588,True
2020-02-08 15:25:12,0.217234,True
2020-02-08 15:25:13,0.2168275,True
2020-02-08 15:25:14,0.216421,True
2020-02-08 15:25:15,0.215962,True
2020-02-08 15:25:16,0.218197,True
2020-02-08 15:25:17,0.217724,True
2020-02-08 15:25:18,0.219228,True
2020-02-08 15:25:19,0.216235,True
2020-02-08 15:25:20,0.21656,True
2020-02-08 15:25:21,0.215789,True
2020-02-08 15:25:22,0.218565,True
2020-02-08 15:25:23,0.216665,True
2020-02-08 15:25:24,0.218027,True
2020-02-08 15:25:25,0.216092,True
2020-02-08 15:25:26,0.214632,True
2020-02-08 15:25:27,0.216097,True
2020-02-08 15:25:28,0.214134,True
2020-02-08 15:25:29,0.216976,True
2020-02-08 15:25:30,0.216171,True
2020-02-08 15:25:31,0.217473,True
2020-02-08 15:25:32,0.216597,True
2020-02-08 15:25:33,0.217569,True
2020-02-08 15:25:34,0.215911,True
2020-02-08 15:25:35,0.215109,True
2020-02-08 15:25:36,0.216471,True
2020-02-08 15:25:37,0.217833,True
2020-02-08 15:25:38,0.215158,True
2020-02-08 15:25:39,0.218435,True
2020-02-08 15:25:40,0.217987,True
2020-02-08 15:25:41,0.219664,True
2020-02-08 15:25:42,0.217641,True
2020-02-08 15:25:43,0.218057,True
2020-02-08 15:25:44,0.215516,True
2020-02-08 15:25:45,0.218606,True
2020-02-08 15:25:46,0.218235,True
2020-02-08 15:25:47,0.219043,True
2020-02-08 15:25:48,0.21723,True
2020-02-08 15:25:49,0.217459,True
2020-02-08 15:25:50,0.217554,True
2020-02-08 15:25:51,0.214333,True
2020-02-08 15:25:52,0.217294,True
2020-02-08 15:25:53,0.216214,True
2020-02-08 15:25:54,0.21813,True
2020-02-08 15:25:55,0.21738,True
2020-02-08 15:25:56,0.218593,True
2020-02-08 15:25:57,0.218294,True
2020-02-08 15:25:58,0.217995,True
2020-02-08 15:25:59,0.216251,True
2020-02-08 15:26:00,0.217735,True
2020-02-08 15:26:01,0.216862,True
2020-02-08 15:26:02,0.219365,True
2020-02-08 15:26:03,0.218451,True
2020-02-08 15:26:04,0.217936,True
2020-02-08 15:26:05,0.215746,True
2020-02-08 15:26:06,0.218608,True
2020-02-08 15:26:07,0.217481,True
2020-02-08 15:26:08,0.219351,True
2020-02-08 15:26:09,0.218129,True
2020-02-08 15:26:10,0.219425,True
2020-02-08 15:26:11,0.217859,True
2020-02-08 15:26:12,0.216092,True
2020-02-08 15:26:13,0.218872,True
2020-02-08 15:26:14,0.215866,True
2020-02-08 15:26:15,0.218553,True
2020-02-08 15:26:16,0.217107,True
2020-02-08 15:26:17,0.218871,True
2020-02-08 15:26:18,0.217507,True
2020-02-08 15:26:19,0.219144,True
2020-02-08 15:26:20,0.218729,True
2020-02-08 15:26:21,0.216078,True
2020-02-08 15:26:22,0.216018,True
2020-02-08 15:26:23,0.215958,True
2020-02-08 15:26:24,0.214393,True
2020-02-08 15:26:25,0.21808,True
2020-02-08 15:26:26,0.214557,True
2020-02-08 15:26:27,0.219095,True
2020-02-08 15:26:28,0.21422,True
2020-02-08 15:26:29,0.21631,True
2020-02-08 15:26:30,0.217553,True
2020-02-08 15:26:31,0.217106,True
2020-02-08 15:26:32,0.217994,True
2020-02-08 15:26:33,0.216957,True
2020-02-08 15:26:34,0.217615,True
2020-02-08 15:26:35,0.218439,True
2020-02-08 15:26:36,0.215355,True
2020-02-08 15:26:37,0.219291,True
2020-02-08 15:26:38,0.215688,True
2020-02-08 15:26:39,0.218076,True
2020-02-08 15:26:40,0.218182,True
2020-02-08 15:26:41,0.219097,True
2020-02-08 15:26:42,0.218653,True
2020-02-08 15:26:43,0.217395,True
2020-02-08 15:26:44,0.219742,True
2020-02-08 15:26:45,0.21765099999999998,True
2020-02-08 15:26:46,0.21556,True
2020-02-08 15:26:47,0.217849,True
2020-02-08 15:26:48,0.218147,True
2020-02-08 15:26:49,0.218413,True
2020-02-08 15:26:50,0.219064,True
2020-02-08 15:26:51,0.217568,True
2020-02-08 15:26:52,0.215862,True
2020-02-08 15:26:53,0.21768,True
2020-02-08 15:26:54,0.216878,True
2020-02-08 15:26:55,0.216532,True
2020-02-08 15:26:56,0.218114,True
2020-02-08 15:26:57,0.218774,True
2020-02-08 15:26:58,0.218707,True
2020-02-08 15:26:59,0.218618,True
2020-02-08 15:27:00,0.219109,True
2020-02-08 15:27:01,0.21625,True
2020-02-08 15:27:02,0.216904,True
2020-02-08 15:27:03,0.217264,True
2020-02-08 15:27:04,0.218204,True
2020-02-08 15:27:05,0.218665,True
2020-02-08 15:27:06,0.219283,True
2020-02-08 15:27:07,0.2190975,True
2020-02-08 15:27:08,0.218912,True
2020-02-08 15:27:09,0.215803,True
2020-02-08 15:27:10,0.218087,True
2020-02-08 15:27:11,0.216552,True
2020-02-08 15:27:12,0.217197,True
2020-02-08 15:27:13,0.219809,True
2020-02-08 15:27:14,0.220518,True
2020-02-08 15:27:15,0.218195,True
2020-02-08 15:27:16,0.219219,True
2020-02-08 15:27:17,0.217989,True
2020-02-08 15:27:18,0.216977,True
2020-02-08 15:27:19,0.219245,True
2020-02-08 15:27:20,0.219499,True
2020-02-08 15:27:21,0.219619,True
2020-02-08 15:27:22,0.218954,True
2020-02-08 15:27:23,0.219989,True
2020-02-08 15:27:24,0.218768,True
2020-02-08 15:27:25,0.217369,True
2020-02-08 15:27:26,0.217857,True
2020-02-08 15:27:27,0.218533,True
2020-02-08 15:27:28,0.220187,True
2020-02-08 15:27:29,0.21954,True
2020-02-08 15:27:30,0.2200195,True
2020-02-08 15:27:31,0.220499,True
2020-02-08 15:27:32,0.218511,True
2020-02-08 15:27:33,0.218083,True
2020-02-08 15:27:34,0.218398,True
2020-02-08 15:27:35,0.218082,True
2020-02-08 15:27:36,0.219654,True
2020-02-08 15:27:37,0.220529,True
2020-02-08 15:27:38,0.21826,True
2020-02-08 15:27:39,0.218293,True
2020-02-08 15:27:40,0.218448,True
2020-02-08 15:27:41,0.216537,True
2020-02-08 15:27:42,0.220047,True
2020-02-08 15:27:43,0.21954,True
2020-02-08 15:27:44,0.221884,True
2020-02-08 15:27:45,0.220289,True
2020-02-08 15:27:46,0.219286,True
2020-02-08 15:27:47,0.220279,True
2020-02-08 15:27:48,0.217633,True
2020-02-08 15:27:49,0.220375,True
2020-02-08 15:27:50,0.219814,True
2020-02-08 15:27:51,0.220302,True
2020-02-08 15:27:52,0.22079,True
2020-02-08 15:27:53,0.2198,True
2020-02-08 15:27:54,0.218923,True
2020-02-08 15:27:55,0.219871,True
2020-02-08 15:27:56,0.216809,True
2020-02-08 15:27:57,0.219885,True
2020-02-08 15:27:58,0.220046,True
2020-02-08 15:27:59,0.218844,True
2020-02-08 15:28:00,0.217468,True
2020-02-08 15:28:01,0.218576,True
2020-02-08 15:28:02,0.216784,True
2020-02-08 15:28:03,0.220124,True
2020-02-08 15:28:04,0.218953,True
2020-02-08 15:28:05,0.219783,True
2020-02-08 15:28:06,0.218339,True
2020-02-08 15:28:07,0.217299,True
2020-02-08 15:28:08,0.219081,True
2020-02-08 15:28:09,0.215816,True
2020-02-08 15:28:10,0.218314,True
2020-02-08 15:28:11,0.216981,True
2020-02-08 15:28:12,0.219432,True
2020-02-08 15:28:13,0.219008,True
2020-02-08 15:28:14,0.219992,True
2020-02-08 15:28:15,0.2195335,True
2020-02-08 15:28:16,0.219075,True
2020-02-08 15:28:17,0.218482,True
2020-02-08 15:28:18,0.219825,True
2020-02-08 15:28:19,0.216447,True
2020-02-08 15:28:20,0.219298,True
2020-02-08 15:28:21,0.220136,True
2020-02-08 15:28:22,0.21824,True
2020-02-08 15:28:23,0.219171,True
2020-02-08 15:28:24,0.218425,True
2020-02-08 15:28:25,0.215848,True
2020-02-08 15:28:26,0.218737,True
2020-02-08 15:28:27,0.216344,True
2020-02-08 15:28:28,0.21871,True
2020-02-08 15:28:29,0.217852,True
2020-02-08 15:28:30,0.219168,True
2020-02-08 15:28:31,0.217856,True
2020-02-08 15:28:32,0.217567,True
2020-02-08 15:28:33,0.218112,True
2020-02-08 15:28:34,0.218657,True
2020-02-08 15:28:35,0.214302,True
2020-02-08 15:28:36,0.219189,True
2020-02-08 15:28:37,0.218365,True
2020-02-08 15:28:38,0.219811,True
2020-02-08 15:28:39,0.219523,True
2020-02-08 15:28:40,0.220728,True
2020-02-08 15:28:41,0.215868,True
2020-02-08 15:28:42,0.218757,True
2020-02-08 15:28:43,0.21832,True
2020-02-08 15:28:44,0.219701,True
2020-02-08 15:28:45,0.218592,True
2020-02-08 15:28:46,0.219392,True
2020-02-08 15:28:47,0.219106,True
2020-02-08 15:28:48,0.214664,True
2020-02-08 15:28:49,0.218512,True
2020-02-08 15:28:50,0.215709,True
2020-02-08 15:28:51,0.217558,True
2020-02-08 15:28:52,0.21799,True
2020-02-08 15:28:53,0.218244,True
2020-02-08 15:28:54,0.217715,True
2020-02-08 15:28:55,0.21786450000000002,True
2020-02-08 15:28:56,0.218014,True
2020-02-08 15:28:57,0.219125,True
2020-02-08 15:28:58,0.216149,True
2020-02-08 15:28:59,0.218906,True
2020-02-08 15:29:00,0.216467,True
2020-02-08 15:29:01,0.218691,True
2020-02-08 15:29:02,0.21925,True
2020-02-08 15:29:03,0.219833,True
2020-02-08 15:29:04,0.217279,True
2020-02-08 15:29:05,0.218997,True
2020-02-08 15:29:06,0.216742,True
2020-02-08 15:29:07,0.217324,True
2020-02-08 15:29:08,0.21924,True
2020-02-08 15:29:09,0.218906,True
2020-02-08 15:29:10,0.219881,True
2020-02-08 15:29:11,0.218642,True
2020-02-08 15:29:12,0.219652,True
2020-02-08 15:29:13,0.216128,True
2020-02-08 15:29:14,0.215818,True
2020-02-08 15:29:15,0.21692,True
2020-02-08 15:29:16,0.216175,True
2020-02-08 15:29:17,0.21751,True
2020-02-08 15:29:18,0.217099,True
2020-02-08 15:29:19,0.217382,True
2020-02-08 15:29:20,0.217665,True
2020-02-08 15:29:21,0.216599,True
2020-02-08 15:29:22,0.218462,True
2020-02-08 15:29:23,0.214842,True
2020-02-08 15:29:24,0.216274,True
2020-02-08 15:29:25,0.216209,True
2020-02-08 15:29:26,0.217579,True
2020-02-08 15:29:27,0.217212,True
2020-02-08 15:29:28,0.218074,True
2020-02-08 15:29:29,0.215727,True
2020-02-08 15:29:30,0.218237,True
2020-02-08 15:29:31,0.216601,True
2020-02-08 15:29:32,0.215693,True
2020-02-08 15:29:33,0.217604,True
2020-02-08 15:29:34,0.217681,True
2020-02-08 15:29:35,0.218433,True
2020-02-08 15:29:36,0.216391,True
2020-02-08 15:29:37,0.217772,True
2020-02-08 15:29:38,0.215789,True
2020-02-08 15:29:39,0.214585,True
2020-02-08 15:29:40,0.216126,True
2020-02-08 15:29:41,0.21641500000000002,True
2020-02-08 15:29:42,0.216704,True
2020-02-08 15:29:43,0.218328,True
2020-02-08 15:29:44,0.216752,True
2020-02-08 15:29:45,0.217973,True
2020-02-08 15:29:46,0.216062,True
2020-02-08 15:29:47,0.215812,True
2020-02-08 15:29:48,0.214722,True
2020-02-08 15:29:49,0.216615,True
2020-02-08 15:29:50,0.216506,True
2020-02-08 15:29:51,0.217812,True
2020-02-08 15:29:52,0.216987,True
2020-02-08 15:29:53,0.218563,True
2020-02-08 15:29:54,0.217542,True
2020-02-08 15:29:55,0.216357,True
2020-02-08 15:29:56,0.217447,True
2020-02-08 15:29:57,0.215734,True
2020-02-08 15:29:58,0.219059,True
2020-02-08 15:29:59,0.219054,True
2020-02-08 15:30:00,0.222114,True
2020-02-08 15:30:01,0.220903,True
2020-02-08 15:30:02,0.219741,True
2020-02-08 15:30:03,0.21965400000000002,True
2020-02-08 15:30:04,0.219567,True
2020-02-08 15:30:05,0.216859,True
2020-02-08 15:30:06,0.22002,True
2020-02-08 15:30:07,0.218138,True
2020-02-08 15:30:08,0.221145,True
2020-02-08 15:30:09,0.2204,True
2020-02-08 15:30:10,0.219521,True
2020-02-08 15:30:11,0.217331,True
2020-02-08 15:30:12,0.219769,True
2020-02-08 15:30:13,0.216363,True
2020-02-08 15:30:14,0.220487,True
2020-02-08 15:30:15,0.219358,True
2020-02-08 15:30:16,0.221015,True
2020-02-08 15:30:17,0.219119,True
2020-02-08 15:30:18,0.218582,True
2020-02-08 15:30:19,0.217016,True
2020-02-08 15:30:20,0.21538,True
2020-02-08 15:30:21,0.21931,True
2020-02-08 15:30:22,0.218266,True
2020-02-08 15:30:23,0.220295,True
2020-02-08 15:30:24,0.218192,True
2020-02-08 15:30:25,0.218855,True
2020-02-08 15:30:26,0.219518,True
2020-02-08 15:30:27,0.218646,True
2020-02-08 15:30:28,0.216017,True
2020-02-08 15:30:29,0.21923,True
2020-02-08 15:30:30,0.216512,True
2020-02-08 15:30:31,0.219248,True
2020-02-08 15:30:32,0.220025,True
2020-02-08 15:30:33,0.21843,True
2020-02-08 15:30:34,0.21957,True
2020-02-08 15:30:35,0.219388,True
2020-02-08 15:30:36,0.216888,True
2020-02-08 15:30:37,0.219964,True
2020-02-08 15:30:38,0.21813,True
2020-02-08 15:30:39,0.219814,True
2020-02-08 15:30:40,0.218753,True
2020-02-08 15:30:41,0.219806,True
2020-02-08 15:30:42,0.218968,True
2020-02-08 15:30:43,0.217904,True
2020-02-08 15:30:44,0.219977,True
2020-02-08 15:30:45,0.217138,True
2020-02-08 15:30:46,0.220393,True
2020-02-08 15:30:47,0.220257,True
2020-02-08 15:30:48,0.220121,True
2020-02-08 15:30:49,0.220942,True
2020-02-08 15:30:50,0.219288,True
2020-02-08 15:30:51,0.219681,True
2020-02-08 15:30:52,0.220765,True
2020-02-08 15:30:53,0.219945,True
2020-02-08 15:30:54,0.220563,True
2020-02-08 15:30:55,0.220306,True
2020-02-08 15:30:56,0.219583,True
2020-02-08 15:30:57,0.219225,True
2020-02-08 15:30:58,0.220299,True
2020-02-08 15:30:59,0.21605,True
2020-02-08 15:31:00,0.21926,True
2020-02-08 15:31:01,0.218419,True
2020-02-08 15:31:02,0.219279,True
2020-02-08 15:31:03,0.221,True
2020-02-08 15:31:04,0.220047,True
2020-02-08 15:31:05,0.220346,True
2020-02-08 15:31:06,0.21862,True
2020-02-08 15:31:07,0.22162,True
2020-02-08 15:31:08,0.217426,True
2020-02-08 15:31:09,0.21822350000000001,True
2020-02-08 15:31:10,0.219021,True
2020-02-08 15:31:11,0.218647,True
2020-02-08 15:31:12,0.219428,True
2020-02-08 15:31:13,0.220262,True
2020-02-08 15:31:14,0.219816,True
2020-02-08 15:31:15,0.221095,True
2020-02-08 15:31:16,0.219793,True
2020-02-08 15:31:17,0.217493,True
2020-02-08 15:31:18,0.218295,True
2020-02-08 15:31:19,0.219685,True
2020-02-08 15:31:20,0.220164,True
2020-02-08 15:31:21,0.219964,True
2020-02-08 15:31:22,0.218784,True
2020-02-08 15:31:23,0.220939,True
2020-02-08 15:31:24,0.217008,True
2020-02-08 15:31:25,0.218692,True
2020-02-08 15:31:26,0.219017,True
2020-02-08 15:31:27,0.219206,True
2020-02-08 15:31:28,0.219961,True
2020-02-08 15:31:29,0.219912,True
2020-02-08 15:31:30,0.220655,True
2020-02-08 15:31:31,0.218125,True
2020-02-08 15:31:32,0.21892,True
2020-02-08 15:31:33,0.219715,True
2020-02-08 15:31:34,0.217867,True
2020-02-08 15:31:35,0.218399,True
2020-02-08 15:31:36,0.219698,True
2020-02-08 15:31:37,0.220576,True
2020-02-08 15:31:38,0.220694,True
2020-02-08 15:31:39,0.220701,True
2020-02-08 15:31:40,0.217639,True
2020-02-08 15:31:41,0.217756,True
2020-02-08 15:31:42,0.218792,True
2020-02-08 15:31:43,0.218269,True
2020-02-08 15:31:44,0.216492,True
2020-02-08 15:31:45,0.217928,True
2020-02-08 15:31:46,0.217697,True
2020-02-08 15:31:47,0.218605,True
2020-02-08 15:31:48,0.219553,True
2020-02-08 15:31:49,0.21776,True
2020-02-08 15:31:50,0.219786,True
2020-02-08 15:31:51,0.217696,True
2020-02-08 15:31:52,0.218123,True
2020-02-08 15:31:53,0.218168,True
2020-02-08 15:31:54,0.216862,True
2020-02-08 15:31:55,0.2177575,True
2020-02-08 15:31:56,0.218653,True
2020-02-08 15:31:57,0.218342,True
2020-02-08 15:31:58,0.219421,True
2020-02-08 15:31:59,0.21892,True
2020-02-08 15:32:00,0.220037,True
2020-02-08 15:32:01,0.218901,True
2020-02-08 15:32:02,0.218956,True
2020-02-08 15:32:03,0.217206,True
2020-02-08 15:32:04,0.219454,True
2020-02-08 15:32:05,0.219785,True
2020-02-08 15:32:06,0.220959,True
2020-02-08 15:32:07,0.220044,True
2020-02-08 15:32:08,0.220147,True
2020-02-08 15:32:09,0.219307,True
2020-02-08 15:32:10,0.216976,True
2020-02-08 15:32:11,0.220629,True
2020-02-08 15:32:12,0.219057,True
2020-02-08 15:32:13,0.220783,True
2020-02-08 15:32:14,0.220594,True
2020-02-08 15:32:15,0.219705,True
2020-02-08 15:32:16,0.21831,True
2020-02-08 15:32:17,0.2185175,True
2020-02-08 15:32:18,0.218725,True
2020-02-08 15:32:19,0.221578,True
2020-02-08 15:32:20,0.215841,True
2020-02-08 15:32:21,0.218684,True
2020-02-08 15:32:22,0.218495,True
2020-02-08 15:32:23,0.218837,True
2020-02-08 15:32:24,0.219523,True
2020-02-08 15:32:25,0.21919,True
2020-02-08 15:32:26,0.217168,True
2020-02-08 15:32:27,0.219436,True
2020-02-08 15:32:28,0.214753,True
2020-02-08 15:32:29,0.218323,True
2020-02-08 15:32:30,0.217418,True
2020-02-08 15:32:31,0.219076,True
2020-02-08 15:32:32,0.217719,True
2020-02-08 15:32:33,0.219089,True
2020-02-08 15:32:34,0.218952,True
2020-02-08 15:32:35,0.216906,True
2020-02-08 15:32:36,0.219718,True
2020-02-08 15:32:37,0.215546,True
2020-02-08 15:32:38,0.219648,True
2020-02-08 15:32:39,0.218062,True
2020-02-08 15:32:40,0.219809,True
2020-02-08 15:32:41,0.21931499999999998,True
2020-02-08 15:32:42,0.218821,True
2020-02-08 15:32:43,0.219381,True
2020-02-08 15:32:44,0.219112,True
2020-02-08 15:32:45,0.21678,True
2020-02-08 15:32:46,0.219735,True
2020-02-08 15:32:47,0.21948,True
2020-02-08 15:32:48,0.217689,True
2020-02-08 15:32:49,0.219322,True
2020-02-08 15:32:50,0.219317,True
2020-02-08 15:32:51,0.219433,True
2020-02-08 15:32:52,0.21933,True
2020-02-08 15:32:53,0.217633,True
2020-02-08 15:32:54,0.220418,True
2020-02-08 15:32:55,0.216219,True
2020-02-08 15:32:56,0.218988,True
2020-02-08 15:32:57,0.21902,True
2020-02-08 15:32:58,0.219715,True
2020-02-08 15:32:59,0.219042,True
2020-02-08 15:33:00,0.219258,True
2020-02-08 15:33:01,0.220073,True
2020-02-08 15:33:02,0.215401,True
2020-02-08 15:33:03,0.2181085,True
2020-02-08 15:33:04,0.220816,True
2020-02-08 15:33:05,0.218585,True
2020-02-08 15:33:06,0.219722,True
2020-02-08 15:33:07,0.219952,True
2020-02-08 15:33:08,0.220268,True
2020-02-08 15:33:09,0.218367,True
2020-02-08 15:33:10,0.220479,True
2020-02-08 15:33:11,0.216966,True
2020-02-08 15:33:12,0.21848,True
2020-02-08 15:33:13,0.219197,True
2020-02-08 15:33:14,0.219942,True
2020-02-08 15:33:15,0.219326,True
2020-02-08 15:33:16,0.219164,True
2020-02-08 15:33:17,0.219791,True
2020-02-08 15:33:18,0.216869,True
2020-02-08 15:33:19,0.219077,True
2020-02-08 15:33:20,0.217406,True
2020-02-08 15:33:21,0.218132,True
2020-02-08 15:33:22,0.218395,True
2020-02-08 15:33:23,0.218796,True
2020-02-08 15:33:24,0.218624,True
2020-02-08 15:33:25,0.218534,True
2020-02-08 15:33:26,0.218444,True
2020-02-08 15:33:27,0.218579,True
2020-02-08 15:33:28,0.21672,True
2020-02-08 15:33:29,0.21936,True
2020-02-08 15:33:30,0.216109,True
2020-02-08 15:33:31,0.21747,True
2020-02-08 15:33:32,0.218311,True
2020-02-08 15:33:33,0.218788,True
2020-02-08 15:33:34,0.218451,True
2020-02-08 15:33:35,0.218758,True
2020-02-08 15:33:36,0.218079,True
2020-02-08 15:33:37,0.219354,True
2020-02-08 15:33:38,0.21581,True
2020-02-08 15:33:39,0.217252,True
2020-02-08 15:33:40,0.217733,True
2020-02-08 15:33:41,0.217547,True
2020-02-08 15:33:42,0.218983,True
2020-02-08 15:33:43,0.218805,True
2020-02-08 15:33:44,0.218979,True
2020-02-08 15:33:45,0.217882,True
2020-02-08 15:33:46,0.219188,True
2020-02-08 15:33:47,0.2181095,True
2020-02-08 15:33:48,0.217031,True
2020-02-08 15:33:49,0.217437,True
2020-02-08 15:33:50,0.218356,True
2020-02-08 15:33:51,0.216993,True
2020-02-08 15:33:52,0.219298,True
2020-02-08 15:33:53,0.219229,True
2020-02-08 15:33:54,0.218648,True
2020-02-08 15:33:55,0.219542,True
2020-02-08 15:33:56,0.218401,True
2020-02-08 15:33:57,0.217689,True
2020-02-08 15:33:58,0.218785,True
2020-02-08 15:33:59,0.21719,True
2020-02-08 15:34:00,0.219071,True
2020-02-08 15:34:01,0.218956,True
2020-02-08 15:34:02,0.219609,True
2020-02-08 15:34:03,0.217529,True
2020-02-08 15:34:04,0.218668,True
2020-02-08 15:34:05,0.217717,True
2020-02-08 15:34:06,0.216668,True
2020-02-08 15:34:07,0.217854,True
2020-02-08 15:34:08,0.215682,True
2020-02-08 15:34:09,0.218977,True
2020-02-08 15:34:10,0.217197,True
2020-02-08 15:34:11,0.218174,True
2020-02-08 15:34:12,0.219151,True
2020-02-08 15:34:13,0.218534,True
2020-02-08 15:34:14,0.220027,True
2020-02-08 15:34:15,0.218402,True
2020-02-08 15:34:16,0.219025,True
2020-02-08 15:34:17,0.216531,True
2020-02-08 15:34:18,0.21888,True
2020-02-08 15:34:19,0.217718,True
2020-02-08 15:34:20,0.219953,True
2020-02-08 15:34:21,0.218783,True
2020-02-08 15:34:22,0.219653,True
2020-02-08 15:34:23,0.218063,True
2020-02-08 15:34:24,0.216934,True
2020-02-08 15:34:25,0.218591,True
2020-02-08 15:34:26,0.216762,True
2020-02-08 15:34:27,0.219307,True
2020-02-08 15:34:28,0.219153,True
2020-02-08 15:34:29,0.219714,True
2020-02-08 15:34:30,0.218423,True
2020-02-08 15:34:31,0.218039,True
2020-02-08 15:34:32,0.218634,True
2020-02-08 15:34:33,0.2169625,True
2020-02-08 15:34:34,0.215291,True
2020-02-08 15:34:35,0.218489,True
2020-02-08 15:34:36,0.217782,True
2020-02-08 15:34:37,0.218855,True
2020-02-08 15:34:38,0.217836,True
2020-02-08 15:34:39,0.218239,True
2020-02-08 15:34:40,0.216638,True
2020-02-08 15:34:41,0.218719,True
2020-02-08 15:34:42,0.21467,True
2020-02-08 15:34:43,0.218686,True
2020-02-08 15:34:44,0.217782,True
2020-02-08 15:34:45,0.219702,True
2020-02-08 15:34:46,0.218815,True
2020-02-08 15:34:47,0.219444,True
2020-02-08 15:34:48,0.218706,True
2020-02-08 15:34:49,0.217164,True
2020-02-08 15:34:50,0.219981,True
2020-02-08 15:34:51,0.216427,True
2020-02-08 15:34:52,0.218098,True
2020-02-08 15:34:53,0.214889,True
2020-02-08 15:34:54,0.21612399999999998,True
2020-02-08 15:34:55,0.217359,True
2020-02-08 15:34:56,0.216272,True
2020-02-08 15:34:57,0.218069,True
2020-02-08 15:34:58,0.217421,True
2020-02-08 15:34:59,0.219803,True
2020-02-08 15:35:00,0.218088,True
2020-02-08 15:35:01,0.218761,True
2020-02-08 15:35:02,0.217631,True
2020-02-08 15:35:03,0.219879,True
2020-02-08 15:35:04,0.216321,True
2020-02-08 15:35:05,0.219797,True
2020-02-08 15:35:06,0.218638,True
2020-02-08 15:35:07,0.220067,True
2020-02-08 15:35:08,0.219185,True
2020-02-08 15:35:09,0.219606,True
2020-02-08 15:35:10,0.219655,True
2020-02-08 15:35:11,0.217563,True
2020-02-08 15:35:12,0.220571,True
2020-02-08 15:35:13,0.215674,True
2020-02-08 15:35:14,0.219393,True
2020-02-08 15:35:15,0.219054,True
2020-02-08 15:35:16,0.219652,True
2020-02-08 15:35:17,0.2195915,True
2020-02-08 15:35:18,0.219531,True
2020-02-08 15:35:19,0.219483,True
2020-02-08 15:35:20,0.219759,True
2020-02-08 15:35:21,0.217263,True
2020-02-08 15:35:22,0.220786,True
2020-02-08 15:35:23,0.21908,True
2020-02-08 15:35:24,0.218538,True
2020-02-08 15:35:25,0.219812,True
2020-02-08 15:35:26,0.219401,True
2020-02-08 15:35:27,0.219484,True
2020-02-08 15:35:28,0.220071,True
2020-02-08 15:35:29,0.216975,True
2020-02-08 15:35:30,0.219194,True
2020-02-08 15:35:31,0.21785,True
2020-02-08 15:35:32,0.218104,True
2020-02-08 15:35:33,0.21882,True
2020-02-08 15:35:34,0.219115,True
2020-02-08 15:35:35,0.218967,True
2020-02-08 15:35:36,0.218739,True
2020-02-08 15:35:37,0.219515,True
2020-02-08 15:35:38,0.217701,True
2020-02-08 15:35:39,0.21822350000000001,True
2020-02-08 15:35:40,0.218746,True
2020-02-08 15:35:41,0.217397,True
2020-02-08 15:35:42,0.217708,True
2020-02-08 15:35:43,0.21879,True
2020-02-08 15:35:44,0.218914,True
2020-02-08 15:35:45,0.219506,True
2020-02-08 15:35:46,0.220039,True
2020-02-08 15:35:47,0.21733,True
2020-02-08 15:35:48,0.21851,True
2020-02-08 15:35:49,0.218169,True
2020-02-08 15:35:50,0.217962,True
2020-02-08 15:35:51,0.219812,True
2020-02-08 15:35:52,0.219433,True
2020-02-08 15:35:53,0.220185,True
2020-02-08 15:35:54,0.21902,True
2020-02-08 15:35:55,0.22036,True
2020-02-08 15:35:56,0.217237,True
2020-02-08 15:35:57,0.21785,True
2020-02-08 15:35:58,0.219004,True
2020-02-08 15:35:59,0.218319,True
2020-02-08 15:36:00,0.2191375,True
2020-02-08 15:36:01,0.219956,True
2020-02-08 15:36:02,0.219434,True
2020-02-08 15:36:03,0.219774,True
2020-02-08 15:36:04,0.218137,True
2020-02-08 15:36:05,0.221682,True
2020-02-08 15:36:06,0.218176,True
2020-02-08 15:36:07,0.218838,True
2020-02-08 15:36:08,0.217305,True
2020-02-08 15:36:09,0.218984,True
2020-02-08 15:36:10,0.219214,True
2020-02-08 15:36:11,0.220179,True
2020-02-08 15:36:12,0.219067,True
2020-02-08 15:36:13,0.220123,True
2020-02-08 15:36:14,0.218686,True
2020-02-08 15:36:15,0.219329,True
2020-02-08 15:36:16,0.218517,True
2020-02-08 15:36:17,0.217344,True
2020-02-08 15:36:18,0.218906,True
2020-02-08 15:36:19,0.219058,True
2020-02-08 15:36:20,0.220315,True
2020-02-08 15:36:21,0.218991,True
2020-02-08 15:36:22,0.219675,True
2020-02-08 15:36:23,0.220359,True
2020-02-08 15:36:24,0.218798,True
2020-02-08 15:36:25,0.218595,True
2020-02-08 15:36:26,0.216416,True
2020-02-08 15:36:27,0.214866,True
2020-02-08 15:36:28,0.215221,True
2020-02-08 15:36:29,0.21665,True
2020-02-08 15:36:30,0.215583,True
2020-02-08 15:36:31,0.216721,True
2020-02-08 15:36:32,0.214812,True
2020-02-08 15:36:33,0.216124,True
2020-02-08 15:36:34,0.215494,True
2020-02-08 15:36:35,0.21325,True
2020-02-08 15:36:36,0.216297,True
2020-02-08 15:36:37,0.213376,True
2020-02-08 15:36:38,0.216653,True
2020-02-08 15:36:39,0.215811,True
2020-02-08 15:36:40,0.217107,True
2020-02-08 15:36:41,0.215233,True
2020-02-08 15:36:42,0.216057,True
2020-02-08 15:36:43,0.216184,True
2020-02-08 15:36:44,0.213654,True
2020-02-08 15:36:45,0.2151725,True
2020-02-08 15:36:46,0.216691,True
2020-02-08 15:36:47,0.213301,True
2020-02-08 15:36:48,0.216523,True
2020-02-08 15:36:49,0.216222,True
2020-02-08 15:36:50,0.217128,True
2020-02-08 15:36:51,0.2158,True
2020-02-08 15:36:52,0.216695,True
2020-02-08 15:36:53,0.212959,True
2020-02-08 15:36:54,0.21621,True
2020-02-08 15:36:55,0.214706,True
2020-02-08 15:36:56,0.216289,True
2020-02-08 15:36:57,0.216273,True
2020-02-08 15:36:58,0.217075,True
2020-02-08 15:36:59,0.215904,True
2020-02-08 15:37:00,0.215547,True
2020-02-08 15:37:01,0.216409,True
2020-02-08 15:37:02,0.213553,True
2020-02-08 15:37:03,0.216566,True
2020-02-08 15:37:04,0.215611,True
2020-02-08 15:37:05,0.217551,True
2020-02-08 15:37:06,0.216084,True
2020-02-08 15:37:07,0.216661,True
2020-02-08 15:37:08,0.217238,True
2020-02-08 15:37:09,0.215831,True
2020-02-08 15:37:10,0.214236,True
2020-02-08 15:37:11,0.216821,True
2020-02-08 15:37:12,0.213747,True
2020-02-08 15:37:13,0.215545,True
2020-02-08 15:37:14,0.217109,True
2020-02-08 15:37:15,0.215643,True
2020-02-08 15:37:16,0.215912,True
2020-02-08 15:37:17,0.217812,True
2020-02-08 15:37:18,0.212863,True
2020-02-08 15:37:19,0.217317,True
2020-02-08 15:37:20,0.21523,True
2020-02-08 15:37:21,0.216641,True
2020-02-08 15:37:22,0.216547,True
2020-02-08 15:37:23,0.217008,True
2020-02-08 15:37:24,0.216976,True
2020-02-08 15:37:25,0.215452,True
2020-02-08 15:37:26,0.217836,True
2020-02-08 15:37:27,0.213421,True
2020-02-08 15:37:28,0.214838,True
2020-02-08 15:37:29,0.216255,True
2020-02-08 15:37:30,0.216427,True
2020-02-08 15:37:31,0.216502,True
2020-02-08 15:37:32,0.216185,True
2020-02-08 15:37:33,0.216839,True
2020-02-08 15:37:34,0.216447,True
2020-02-08 15:37:35,0.217141,True
2020-02-08 15:37:36,0.213681,True
2020-02-08 15:37:37,0.215679,True
2020-02-08 15:37:38,0.215095,True
2020-02-08 15:37:39,0.216449,True
2020-02-08 15:37:40,0.216004,True
2020-02-08 15:37:41,0.216157,True
2020-02-08 15:37:42,0.217233,True
2020-02-08 15:37:43,0.2145,True
2020-02-08 15:37:44,0.217447,True
2020-02-08 15:37:45,0.214085,True
2020-02-08 15:37:46,0.214872,True
2020-02-08 15:37:47,0.215944,True
2020-02-08 15:37:48,0.216311,True
2020-02-08 15:37:49,0.216776,True
2020-02-08 15:37:50,0.216387,True
2020-02-08 15:37:51,0.215998,True
2020-02-08 15:37:52,0.217136,True
2020-02-08 15:37:53,0.21518,True
2020-02-08 15:37:54,0.216053,True
2020-02-08 15:37:55,0.214701,True
2020-02-08 15:37:56,0.216658,True
2020-02-08 15:37:57,0.21637,True
2020-02-08 15:37:58,0.216326,True
2020-02-08 15:37:59,0.21673,True
2020-02-08 15:38:00,0.216765,True
2020-02-08 15:38:01,0.214853,True
2020-02-08 15:38:02,0.215855,True
2020-02-08 15:38:03,0.214971,True
2020-02-08 15:38:04,0.215203,True
2020-02-08 15:38:05,0.216178,True
2020-02-08 15:38:06,0.215866,True
2020-02-08 15:38:07,0.212247,True
2020-02-08 15:38:08,0.213416,True
2020-02-08 15:38:09,0.214475,True
2020-02-08 15:38:10,0.214857,True
2020-02-08 15:38:11,0.214852,True
2020-02-08 15:38:12,0.214847,True
2020-02-08 15:38:13,0.215053,True
2020-02-08 15:38:14,0.215888,True
2020-02-08 15:38:15,0.214674,True
2020-02-08 15:38:16,0.216399,True
2020-02-08 15:38:17,0.216159,True
2020-02-08 15:38:18,0.215777,True
2020-02-08 15:38:19,0.21487,True
2020-02-08 15:38:20,0.218445,True
2020-02-08 15:38:21,0.215889,True
2020-02-08 15:38:22,0.218456,True
2020-02-08 15:38:23,0.218928,True
2020-02-08 15:38:24,0.219576,True
2020-02-08 15:38:25,0.21842,True
2020-02-08 15:38:26,0.219165,True
2020-02-08 15:38:27,0.217923,True
2020-02-08 15:38:28,0.218045,True
2020-02-08 15:38:29,0.217355,True
2020-02-08 15:38:30,0.215697,True
2020-02-08 15:38:31,0.2167985,True
2020-02-08 15:38:32,0.2179,True
2020-02-08 15:38:33,0.217065,True
2020-02-08 15:38:34,0.219087,True
2020-02-08 15:38:35,0.218728,True
2020-02-08 15:38:36,0.217132,True
2020-02-08 15:38:37,0.217767,True
2020-02-08 15:38:38,0.217721,True
2020-02-08 15:38:39,0.215486,True
2020-02-08 15:38:40,0.218854,True
2020-02-08 15:38:41,0.21635,True
2020-02-08 15:38:42,0.219124,True
2020-02-08 15:38:43,0.218603,True
2020-02-08 15:38:44,0.219184,True
2020-02-08 15:38:45,0.217047,True
2020-02-08 15:38:46,0.217974,True
2020-02-08 15:38:47,0.218638,True
2020-02-08 15:38:48,0.215026,True
2020-02-08 15:38:49,0.218677,True
2020-02-08 15:38:50,0.217723,True
2020-02-08 15:38:51,0.216769,True
2020-02-08 15:38:52,0.218745,True
2020-02-08 15:38:53,0.218762,True
2020-02-08 15:38:54,0.219347,True
2020-02-08 15:38:55,0.218463,True
2020-02-08 15:38:56,0.219102,True
2020-02-08 15:38:57,0.216438,True
2020-02-08 15:38:58,0.219069,True
2020-02-08 15:38:59,0.217354,True
2020-02-08 15:39:00,0.219476,True
2020-02-08 15:39:01,0.218845,True
2020-02-08 15:39:02,0.219688,True
2020-02-08 15:39:03,0.218283,True
2020-02-08 15:39:04,0.219704,True
2020-02-08 15:39:05,0.218806,True
2020-02-08 15:39:06,0.217606,True
2020-02-08 15:39:07,0.219463,True
2020-02-08 15:39:08,0.216376,True
2020-02-08 15:39:09,0.219537,True
2020-02-08 15:39:10,0.218079,True
2020-02-08 15:39:11,0.220016,True
2020-02-08 15:39:12,0.21847,True
2020-02-08 15:39:13,0.21910849999999998,True
2020-02-08 15:39:14,0.219747,True
2020-02-08 15:39:15,0.218833,True
2020-02-08 15:39:16,0.217926,True
2020-02-08 15:39:17,0.220443,True
2020-02-08 15:39:18,0.215727,True
2020-02-08 15:39:19,0.219543,True
2020-02-08 15:39:20,0.219831,True
2020-02-08 15:39:21,0.219217,True
2020-02-08 15:39:22,0.219727,True
2020-02-08 15:39:23,0.219399,True
2020-02-08 15:39:24,0.217434,True
2020-02-08 15:39:25,0.218973,True
2020-02-08 15:39:26,0.215788,True
2020-02-08 15:39:27,0.218546,True
2020-02-08 15:39:28,0.218279,True
2020-02-08 15:39:29,0.219532,True
2020-02-08 15:39:30,0.217668,True
2020-02-08 15:39:31,0.219175,True
2020-02-08 15:39:32,0.219753,True
2020-02-08 15:39:33,0.216026,True
2020-02-08 15:39:34,0.220627,True
2020-02-08 15:39:35,0.218885,True
2020-02-08 15:39:36,0.217143,True
2020-02-08 15:39:37,0.219228,True
2020-02-08 15:39:38,0.220267,True
2020-02-08 15:39:39,0.220284,True
2020-02-08 15:39:40,0.219882,True
2020-02-08 15:39:41,0.218244,True
2020-02-08 15:39:42,0.215961,True
2020-02-08 15:39:43,0.219136,True
2020-02-08 15:39:44,0.218074,True
2020-02-08 15:39:45,0.219106,True
2020-02-08 15:39:46,0.219345,True
2020-02-08 15:39:47,0.220252,True
2020-02-08 15:39:48,0.219468,True
2020-02-08 15:39:49,0.217942,True
2020-02-08 15:39:50,0.219835,True
2020-02-08 15:39:51,0.216029,True
2020-02-08 15:39:52,0.218455,True
2020-02-08 15:39:53,0.217728,True
2020-02-08 15:39:54,0.21811,True
2020-02-08 15:39:55,0.218768,True
2020-02-08 15:39:56,0.218557,True
2020-02-08 15:39:57,0.2188855,True
2020-02-08 15:39:58,0.219214,True
2020-02-08 15:39:59,0.217605,True
2020-02-08 15:40:00,0.219534,True
2020-02-08 15:40:01,0.216846,True
2020-02-08 15:40:02,0.218056,True
2020-02-08 15:40:03,0.218019,True
2020-02-08 15:40:04,0.219024,True
2020-02-08 15:40:05,0.219318,True
2020-02-08 15:40:06,0.218622,True
2020-02-08 15:40:07,0.219055,True
2020-02-08 15:40:08,0.219738,True
2020-02-08 15:40:09,0.216756,True
2020-02-08 15:40:10,0.218427,True
2020-02-08 15:40:11,0.217369,True
2020-02-08 15:40:12,0.218108,True
2020-02-08 15:40:13,0.219118,True
2020-02-08 15:40:14,0.219253,True
2020-02-08 15:40:15,0.22013,True
2020-02-08 15:40:16,0.218003,True
2020-02-08 15:40:17,0.219812,True
2020-02-08 15:40:18,0.217485,True
2020-02-08 15:40:19,0.2177515,True
2020-02-08 15:40:20,0.218018,True
2020-02-08 15:40:21,0.219248,True
2020-02-08 15:40:22,0.217865,True
2020-02-08 15:40:23,0.219135,True
2020-02-08 15:40:24,0.219912,True
2020-02-08 15:40:25,0.219955,True
2020-02-08 15:40:26,0.218799,True
2020-02-08 15:40:27,0.218877,True
2020-02-08 15:40:28,0.217807,True
2020-02-08 15:40:29,0.218999,True
2020-02-08 15:40:30,0.218337,True
2020-02-08 15:40:31,0.22017,True
2020-02-08 15:40:32,0.219936,True
2020-02-08 15:40:33,0.220534,True
2020-02-08 15:40:34,0.218636,True
2020-02-08 15:40:35,0.220171,True
2020-02-08 15:40:36,0.218459,True
2020-02-08 15:40:37,0.217275,True
2020-02-08 15:40:38,0.219712,True
2020-02-08 15:40:39,0.218468,True
2020-02-08 15:40:40,0.220059,True
2020-02-08 15:40:41,0.2193705,True
2020-02-08 15:40:42,0.218682,True
2020-02-08 15:40:43,0.219911,True
2020-02-08 15:40:44,0.218725,True
2020-02-08 15:40:45,0.218342,True
2020-02-08 15:40:46,0.218622,True
2020-02-08 15:40:47,0.219441,True
2020-02-08 15:40:48,0.216581,True
2020-02-08 15:40:49,0.218763,True
2020-02-08 15:40:50,0.218595,True
2020-02-08 15:40:51,0.219092,True
2020-02-08 15:40:52,0.217958,True
2020-02-08 15:40:53,0.218494,True
2020-02-08 15:40:54,0.217978,True
2020-02-08 15:40:55,0.216655,True
2020-02-08 15:40:56,0.218202,True
2020-02-08 15:40:57,0.216009,True
2020-02-08 15:40:58,0.218419,True
2020-02-08 15:40:59,0.218032,True
2020-02-08 15:41:00,0.21917,True
2020-02-08 15:41:01,0.217155,True
2020-02-08 15:41:02,0.218405,True
2020-02-08 15:41:03,0.217976,True
2020-02-08 15:41:04,0.217547,True
2020-02-08 15:41:05,0.216499,True
2020-02-08 15:41:06,0.218553,True
2020-02-08 15:41:07,0.215053,True
2020-02-08 15:41:08,0.218756,True
2020-02-08 15:41:09,0.219156,True
2020-02-08 15:41:10,0.216279,True
2020-02-08 15:41:11,0.218729,True
2020-02-08 15:41:12,0.219285,True
2020-02-08 15:41:13,0.216143,True
2020-02-08 15:41:14,0.219391,True
2020-02-08 15:41:15,0.216173,True
2020-02-08 15:41:16,0.218673,True
2020-02-08 15:41:17,0.218268,True
2020-02-08 15:41:18,0.219382,True
2020-02-08 15:41:19,0.218177,True
2020-02-08 15:41:20,0.219511,True
2020-02-08 15:41:21,0.2194215,True
2020-02-08 15:41:22,0.219332,True
2020-02-08 15:41:23,0.216994,True
2020-02-08 15:41:24,0.218959,True
2020-02-08 15:41:25,0.215988,True
2020-02-08 15:41:26,0.218936,True
2020-02-08 15:41:27,0.217223,True
2020-02-08 15:41:28,0.218304,True
2020-02-08 15:41:29,0.21964,True
2020-02-08 15:41:30,0.217729,True
2020-02-08 15:41:31,0.218897,True
2020-02-08 15:41:32,0.218899,True
2020-02-08 15:41:33,0.216277,True
2020-02-08 15:41:34,0.219857,True
2020-02-08 15:41:35,0.215841,True
2020-02-08 15:41:36,0.218733,True
2020-02-08 15:41:37,0.21802,True
2020-02-08 15:41:38,0.21905,True
2020-02-08 15:41:39,0.217662,True
2020-02-08 15:41:40,0.21828999999999998,True
2020-02-08 15:41:41,0.218918,True
2020-02-08 15:41:42,0.218859,True
2020-02-08 15:41:43,0.217366,True
2020-02-08 15:41:44,0.220024,True
2020-02-08 15:41:45,0.218703,True
2020-02-08 15:41:46,0.218251,True
2020-02-08 15:41:47,0.218191,True
2020-02-08 15:41:48,0.218444,True
2020-02-08 15:41:49,0.218771,True
2020-02-08 15:41:50,0.218234,True
2020-02-08 15:41:51,0.218037,True
2020-02-08 15:41:52,0.21973,True
2020-02-08 15:41:53,0.216003,True
2020-02-08 15:41:54,0.218541,True
2020-02-08 15:41:55,0.217801,True
2020-02-08 15:41:56,0.21708,True
2020-02-08 15:41:57,0.217533,True
2020-02-08 15:41:58,0.218523,True
2020-02-08 15:41:59,0.218004,True
2020-02-08 15:42:00,0.216898,True
2020-02-08 15:42:01,0.218003,True
2020-02-08 15:42:02,0.219108,True
2020-02-08 15:42:03,0.215417,True
2020-02-08 15:42:04,0.217855,True
2020-02-08 15:42:05,0.216863,True
2020-02-08 15:42:06,0.217871,True
2020-02-08 15:42:07,0.218613,True
2020-02-08 15:42:08,0.217838,True
2020-02-08 15:42:09,0.216693,True
2020-02-08 15:42:10,0.218197,True
2020-02-08 15:42:11,0.215462,True
2020-02-08 15:42:12,0.216544,True
2020-02-08 15:42:13,0.217252,True
2020-02-08 15:42:14,0.217414,True
2020-02-08 15:42:15,0.218236,True
2020-02-08 15:42:16,0.217663,True
2020-02-08 15:42:17,0.218424,True
2020-02-08 15:42:18,0.216764,True
2020-02-08 15:42:19,0.218103,True
2020-02-08 15:42:20,0.21553,True
2020-02-08 15:42:21,0.216407,True
2020-02-08 15:42:22,0.216915,True
2020-02-08 15:42:23,0.2167085,True
2020-02-08 15:42:24,0.216502,True
2020-02-08 15:42:25,0.217963,True
2020-02-08 15:42:26,0.218259,True
2020-02-08 15:42:27,0.217472,True
2020-02-08 15:42:28,0.212951,True
2020-02-08 15:42:29,0.213649,True
2020-02-08 15:42:30,0.212321,True
2020-02-08 15:42:31,0.213461,True
2020-02-08 15:42:32,0.213307,True
2020-02-08 15:42:33,0.215277,True
2020-02-08 15:42:34,0.215155,True
2020-02-08 15:42:35,0.215192,True
2020-02-08 15:42:36,0.213642,True
2020-02-08 15:42:37,0.21365,True
2020-02-08 15:42:38,0.213873,True
2020-02-08 15:42:39,0.212045,True
2020-02-08 15:42:40,0.213905,True
2020-02-08 15:42:41,0.214855,True
2020-02-08 15:42:42,0.214857,True
2020-02-08 15:42:43,0.214112,True
2020-02-08 15:42:44,0.214387,True
2020-02-08 15:42:45,0.213849,True
2020-02-08 15:42:46,0.213311,True
2020-02-08 15:42:47,0.212447,True
2020-02-08 15:42:48,0.213351,True
2020-02-08 15:42:49,0.213218,True
2020-02-08 15:42:50,0.214746,True
2020-02-08 15:42:51,0.215261,True
2020-02-08 15:42:52,0.214247,True
2020-02-08 15:42:53,0.214382,True
2020-02-08 15:42:54,0.213029,True
2020-02-08 15:42:55,0.21114,True
2020-02-08 15:42:56,0.214427,True
2020-02-08 15:42:57,0.214232,True
2020-02-08 15:42:58,0.215652,True
2020-02-08 15:42:59,0.214748,True
2020-02-08 15:43:00,0.215594,True
2020-02-08 15:43:01,0.213606,True
2020-02-08 15:43:02,0.213595,True
2020-02-08 15:43:03,0.214572,True
2020-02-08 15:43:04,0.212199,True
2020-02-08 15:43:05,0.215014,True
2020-02-08 15:43:06,0.2148605,True
2020-02-08 15:43:07,0.214707,True
2020-02-08 15:43:08,0.216343,True
2020-02-08 15:43:09,0.214116,True
2020-02-08 15:43:10,0.214538,True
2020-02-08 15:43:11,0.214654,True
2020-02-08 15:43:12,0.215374,True
2020-02-08 15:43:13,0.214983,True
2020-02-08 15:43:14,0.216477,True
2020-02-08 15:43:15,0.214958,True
2020-02-08 15:43:16,0.214163,True
2020-02-08 15:43:17,0.215021,True
2020-02-08 15:43:18,0.21133,True
2020-02-08 15:43:19,0.21476,True
2020-02-08 15:43:20,0.214545,True
2020-02-08 15:43:21,0.215226,True
2020-02-08 15:43:22,0.214376,True
2020-02-08 15:43:23,0.213926,True
2020-02-08 15:43:24,0.214934,True
2020-02-08 15:43:25,0.211921,True
2020-02-08 15:43:26,0.214367,True
2020-02-08 15:43:27,0.214356,True
2020-02-08 15:43:28,0.2149705,True
2020-02-08 15:43:29,0.215585,True
2020-02-08 15:43:30,0.214228,True
2020-02-08 15:43:31,0.215312,True
2020-02-08 15:43:32,0.214773,True
2020-02-08 15:43:33,0.212573,True
2020-02-08 15:43:34,0.213706,True
2020-02-08 15:43:35,0.216218,True
2020-02-08 15:43:36,0.214486,True
2020-02-08 15:43:37,0.215007,True
2020-02-08 15:43:38,0.215009,True
2020-02-08 15:43:39,0.212038,True
2020-02-08 15:43:40,0.214596,True
2020-02-08 15:43:41,0.211156,True
2020-02-08 15:43:42,0.214903,True
2020-02-08 15:43:43,0.214578,True
2020-02-08 15:43:44,0.215684,True
2020-02-08 15:43:45,0.214556,True
2020-02-08 15:43:46,0.214644,True
2020-02-08 15:43:47,0.216328,True
2020-02-08 15:43:48,0.21146,True
2020-02-08 15:43:49,0.215519,True
2020-02-08 15:43:50,0.214374,True
2020-02-08 15:43:51,0.213229,True
2020-02-08 15:43:52,0.214463,True
2020-02-08 15:43:53,0.214809,True
2020-02-08 15:43:54,0.214997,True
2020-02-08 15:43:55,0.213653,True
2020-02-08 15:43:56,0.216482,True
2020-02-08 15:43:57,0.211403,True
2020-02-08 15:43:58,0.214798,True
2020-02-08 15:43:59,0.214165,True
2020-02-08 15:44:00,0.212981,True
2020-02-08 15:44:01,0.212751,True
2020-02-08 15:44:02,0.212802,True
2020-02-08 15:44:03,0.213348,True
2020-02-08 15:44:04,0.210587,True
2020-02-08 15:44:05,0.213578,True
2020-02-08 15:44:06,0.210559,True
2020-02-08 15:44:07,0.212011,False
2020-02-08 15:44:08,0.212822,False
2020-02-08 15:44:09,0.213283,False
2020-02-08 15:44:10,0.213261,False
2020-02-08 15:44:11,0.212646,False
2020-02-08 15:44:12,0.212031,False
2020-02-08 15:44:13,0.214067,False
2020-02-08 15:44:14,0.210686,False
2020-02-08 15:44:15,0.211786,False
2020-02-08 15:44:16,0.211487,False
2020-02-08 15:44:17,0.212963,False
2020-02-08 15:44:18,0.21266,False
2020-02-08 15:44:19,0.213335,False
2020-02-08 15:44:20,0.212148,False
2020-02-08 15:44:21,0.21344,False
2020-02-08 15:44:22,0.210738,False
2020-02-08 15:44:23,0.21136,False
2020-02-08 15:44:24,0.212773,False
2020-02-08 15:44:25,0.212709,False
2020-02-08 15:44:26,0.213101,False
2020-02-08 15:44:27,0.212688,False
2020-02-08 15:44:28,0.21331,False
2020-02-08 15:44:29,0.213932,False
2020-02-08 15:44:30,0.210693,False
2020-02-08 15:44:31,0.211832,False
2020-02-08 15:44:32,0.212263,False
2020-02-08 15:44:33,0.211582,False
2020-02-08 15:44:34,0.212828,False
2020-02-08 15:44:35,0.207714,False
2020-02-08 15:44:36,0.208247,False
2020-02-08 15:44:37,0.209409,False
2020-02-08 15:44:38,0.209742,False
2020-02-08 15:44:39,0.210469,False
2020-02-08 15:44:40,0.210746,False
2020-02-08 15:44:41,0.21107,False
2020-02-08 15:44:42,0.211374,False
2020-02-08 15:44:43,0.211719,False
2020-02-08 15:44:44,0.210805,False
2020-02-08 15:44:45,0.212813,False
2020-02-08 15:44:46,0.210595,False
2020-02-08 15:44:47,0.212384,False
2020-02-08 15:44:48,0.21073,False
2020-02-08 15:44:49,0.209777,False
2020-02-08 15:44:50,0.2106285,False
2020-02-08 15:44:51,0.21148,False
2020-02-08 15:44:52,0.210856,False
2020-02-08 15:44:53,0.211779,False
2020-02-08 15:44:54,0.21223,False
2020-02-08 15:44:55,0.212362,False
2020-02-08 15:44:56,0.213045,False
2020-02-08 15:44:57,0.211327,False
2020-02-08 15:44:58,0.212231,False
2020-02-08 15:44:59,0.211923,False
2020-02-08 15:45:00,0.210821,False
2020-02-08 15:45:01,0.213077,False
2020-02-08 15:45:02,0.212893,False
2020-02-08 15:45:03,0.21433,False
2020-02-08 15:45:04,0.213479,False
2020-02-08 15:45:05,0.214529,False
2020-02-08 15:45:06,0.212645,False
