timestamp,current_007,trainval
2020-02-08 15:27:27,2.64414,True
2020-02-08 15:27:28,2.84564,True
2020-02-08 15:27:29,1.92799,True
2020-02-08 15:27:30,2.2876250000000002,True
2020-02-08 15:27:31,2.64726,True
2020-02-08 15:27:32,2.89023,True
2020-02-08 15:27:33,2.39902,True
2020-02-08 15:27:34,2.98483,True
2020-02-08 15:27:35,2.39799,True
2020-02-08 15:27:36,2.01666,True
2020-02-08 15:27:37,2.93265,True
2020-02-08 15:27:38,2.65383,True
2020-02-08 15:27:39,2.19903,True
2020-02-08 15:27:40,2.8925,True
2020-02-08 15:27:41,1.9051,True
2020-02-08 15:27:42,1.79305,True
2020-02-08 15:27:43,1.72572,True
2020-02-08 15:27:44,2.66093,True
2020-02-08 15:27:45,2.95008,True
2020-02-08 15:27:46,2.12647,True
2020-02-08 15:27:47,1.18718,True
2020-02-08 15:27:48,2.71268,True
2020-02-08 15:27:49,2.53027,True
2020-02-08 15:27:50,2.25383,True
2020-02-08 15:27:51,1.63573,True
2020-02-08 15:27:52,1.01763,True
2020-02-08 15:27:53,2.22791,True
2020-02-08 15:27:54,0.981137,True
2020-02-08 15:27:55,2.81994,True
2020-02-08 15:27:56,2.67024,True
2020-02-08 15:27:57,2.6322,True
2020-02-08 15:27:58,2.64862,True
2020-02-08 15:27:59,2.6448,True
2020-02-08 15:28:00,2.77429,True
2020-02-08 15:28:01,2.33041,True
2020-02-08 15:28:02,2.84081,True
2020-02-08 15:28:03,2.88921,True
2020-02-08 15:28:04,2.98242,True
2020-02-08 15:28:05,2.66637,True
2020-02-08 15:28:06,1.94356,True
2020-02-08 15:28:07,3.11205,True
2020-02-08 15:28:08,3.14896,True
2020-02-08 15:28:09,2.66555,True
2020-02-08 15:28:10,2.62654,True
2020-02-08 15:28:11,3.06587,True
2020-02-08 15:28:12,2.53031,True
2020-02-08 15:28:13,2.43537,True
2020-02-08 15:28:14,2.48964,True
2020-02-08 15:28:15,2.344425,True
2020-02-08 15:28:16,2.19921,True
2020-02-08 15:28:17,2.3368,True
2020-02-08 15:28:18,2.49928,True
2020-02-08 15:28:19,2.46938,True
2020-02-08 15:28:20,1.41278,True
2020-02-08 15:28:21,1.85339,True
2020-02-08 15:28:22,1.645,True
2020-02-08 15:28:23,1.78467,True
2020-02-08 15:28:24,2.0932,True
2020-02-08 15:28:25,2.11327,True
2020-02-08 15:28:26,2.79668,True
2020-02-08 15:28:27,2.27012,True
2020-02-08 15:28:28,1.32495,True
2020-02-08 15:28:29,2.52823,True
2020-02-08 15:28:30,2.54344,True
2020-02-08 15:28:31,2.77593,True
2020-02-08 15:28:32,2.48816,True
2020-02-08 15:28:33,2.60637,True
2020-02-08 15:28:34,2.72458,True
2020-02-08 15:28:35,2.28338,True
2020-02-08 15:28:36,2.54616,True
2020-02-08 15:28:37,1.26078,True
2020-02-08 15:28:38,2.01239,True
2020-02-08 15:28:39,2.93795,True
2020-02-08 15:28:40,2.64824,True
2020-02-08 15:28:41,2.65104,True
2020-02-08 15:28:42,2.66365,True
2020-02-08 15:28:43,2.54013,True
2020-02-08 15:28:44,2.03075,True
2020-02-08 15:28:45,2.24006,True
2020-02-08 15:28:46,2.50362,True
2020-02-08 15:28:47,1.92107,True
2020-02-08 15:28:48,2.36746,True
2020-02-08 15:28:49,2.79451,True
2020-02-08 15:28:50,1.71628,True
2020-02-08 15:28:51,3.07148,True
2020-02-08 15:28:52,1.52265,True
2020-02-08 15:28:53,1.7975,True
2020-02-08 15:28:54,2.05485,True
2020-02-08 15:28:55,2.3828300000000002,True
2020-02-08 15:28:56,2.71081,True
2020-02-08 15:28:57,2.95222,True
2020-02-08 15:28:58,2.15448,True
2020-02-08 15:28:59,2.80424,True
2020-02-08 15:29:00,2.64363,True
2020-02-08 15:29:01,2.62889,True
2020-02-08 15:29:02,2.44867,True
2020-02-08 15:29:03,2.68009,True
2020-02-08 15:29:04,2.25714,True
2020-02-08 15:29:05,2.64995,True
2020-02-08 15:29:06,2.88449,True
2020-02-08 15:29:07,2.60831,True
2020-02-08 15:29:08,2.84201,True
2020-02-08 15:29:09,1.61809,True
2020-02-08 15:29:10,2.6495,True
2020-02-08 15:29:11,2.38809,True
2020-02-08 15:29:12,2.37435,True
2020-02-08 15:29:13,0.936209,True
2020-02-08 15:29:14,2.56054,True
2020-02-08 15:29:15,3.01391,True
2020-02-08 15:29:16,2.61914,True
2020-02-08 15:29:17,2.62825,True
2020-02-08 15:29:18,3.03042,True
2020-02-08 15:29:19,3.05163,True
2020-02-08 15:29:20,3.07284,True
2020-02-08 15:29:21,2.08475,True
2020-02-08 15:29:22,2.59135,True
2020-02-08 15:29:23,2.5709,True
2020-02-08 15:29:24,2.00621,True
2020-02-08 15:29:25,2.45032,True
2020-02-08 15:29:26,2.58057,True
2020-02-08 15:29:27,3.08618,True
2020-02-08 15:29:28,2.22638,True
2020-02-08 15:29:29,2.93237,True
2020-02-08 15:29:30,1.83234,True
2020-02-08 15:29:31,2.00202,True
2020-02-08 15:29:32,2.06763,True
2020-02-08 15:29:33,2.38641,True
2020-02-08 15:29:34,2.69674,True
2020-02-08 15:29:35,2.55093,True
2020-02-08 15:29:36,2.14374,True
2020-02-08 15:29:37,2.26002,True
2020-02-08 15:29:38,2.49149,True
2020-02-08 15:29:39,2.6752,True
2020-02-08 15:29:40,2.39736,True
2020-02-08 15:29:41,2.065805,True
2020-02-08 15:29:42,1.73425,True
2020-02-08 15:29:43,2.43087,True
2020-02-08 15:29:44,2.50284,True
2020-02-08 15:29:45,2.30442,True
2020-02-08 15:29:46,2.62808,True
2020-02-08 15:29:47,2.50102,True
2020-02-08 15:29:48,0.969588,True
2020-02-08 15:29:49,2.67707,True
2020-02-08 15:29:50,2.46101,True
2020-02-08 15:29:51,2.57596,True
2020-02-08 15:29:52,2.79388,True
2020-02-08 15:29:53,2.88081,True
2020-02-08 15:29:54,2.58615,True
2020-02-08 15:29:55,2.59043,True
2020-02-08 15:29:56,2.78854,True
2020-02-08 15:29:57,2.26785,True
2020-02-08 15:29:58,2.1562,True
2020-02-08 15:29:59,2.52291,True
2020-02-08 15:30:00,1.87671,True
2020-02-08 15:30:01,1.91673,True
2020-02-08 15:30:02,1.07962,True
2020-02-08 15:30:03,1.6723599999999998,True
2020-02-08 15:30:04,2.2651,True
2020-02-08 15:30:05,2.18316,True
2020-02-08 15:30:06,2.63554,True
2020-02-08 15:30:07,2.56594,True
2020-02-08 15:30:08,1.95161,True
2020-02-08 15:30:09,1.79347,True
2020-02-08 15:30:10,1.74004,True
2020-02-08 15:30:11,1.79287,True
2020-02-08 15:30:12,2.88457,True
2020-02-08 15:30:13,1.87152,True
2020-02-08 15:30:14,3.09016,True
2020-02-08 15:30:15,2.83664,True
2020-02-08 15:30:16,2.56602,True
2020-02-08 15:30:17,2.03119,True
2020-02-08 15:30:18,2.71533,True
2020-02-08 15:30:19,2.82486,True
2020-02-08 15:30:20,3.01185,True
2020-02-08 15:30:21,2.97792,True
2020-02-08 15:30:22,2.91698,True
2020-02-08 15:30:23,2.71586,True
2020-02-08 15:30:24,2.90918,True
2020-02-08 15:30:25,2.78498,True
2020-02-08 15:30:26,2.66078,True
2020-02-08 15:30:27,2.69132,True
2020-02-08 15:30:28,1.85333,True
2020-02-08 15:30:29,2.90704,True
2020-02-08 15:30:30,1.0493,True
2020-02-08 15:30:31,2.95485,True
2020-02-08 15:30:32,2.7606,True
2020-02-08 15:30:33,2.67487,True
2020-02-08 15:30:34,2.4988,True
2020-02-08 15:30:35,2.81198,True
2020-02-08 15:30:36,2.64314,True
2020-02-08 15:30:37,2.24279,True
2020-02-08 15:30:38,1.89654,True
2020-02-08 15:30:39,1.84316,True
2020-02-08 15:30:40,2.16144,True
2020-02-08 15:30:41,1.3894,True
2020-02-08 15:30:42,1.93991,True
2020-02-08 15:30:43,1.85171,True
2020-02-08 15:30:44,1.92586,True
2020-02-08 15:30:45,2.59009,True
2020-02-08 15:30:46,1.93291,True
2020-02-08 15:30:47,1.8560699999999999,True
2020-02-08 15:30:48,1.77923,True
2020-02-08 15:30:49,2.70954,True
2020-02-08 15:30:50,2.78571,True
2020-02-08 15:30:51,2.74237,True
2020-02-08 15:30:52,1.82946,True
2020-02-08 15:30:53,1.9484,True
2020-02-08 15:30:54,2.29167,True
2020-02-08 15:30:55,2.48141,True
2020-02-08 15:30:56,2.7064,True
2020-02-08 15:30:57,2.09841,True
2020-02-08 15:30:58,2.05481,True
2020-02-08 15:30:59,2.70173,True
2020-02-08 15:31:00,1.39597,True
2020-02-08 15:31:01,2.75873,True
2020-02-08 15:31:02,1.52968,True
2020-02-08 15:31:03,2.73248,True
2020-02-08 15:31:04,2.34786,True
2020-02-08 15:31:05,1.82631,True
2020-02-08 15:31:06,2.49379,True
2020-02-08 15:31:07,3.09116,True
2020-02-08 15:31:08,1.33638,True
2020-02-08 15:31:09,2.11531,True
2020-02-08 15:31:10,2.89424,True
2020-02-08 15:31:11,2.88303,True
2020-02-08 15:31:12,1.7248,True
2020-02-08 15:31:13,2.35596,True
2020-02-08 15:31:14,2.67643,True
2020-02-08 15:31:15,2.91808,True
2020-02-08 15:31:16,2.75185,True
2020-02-08 15:31:17,2.64551,True
2020-02-08 15:31:18,3.16718,True
2020-02-08 15:31:19,2.59071,True
2020-02-08 15:31:20,2.63106,True
2020-02-08 15:31:21,2.74179,True
2020-02-08 15:31:22,1.87635,True
2020-02-08 15:31:23,2.14642,True
2020-02-08 15:31:24,2.91528,True
2020-02-08 15:31:25,1.76866,True
2020-02-08 15:31:26,2.51181,True
2020-02-08 15:31:27,1.20999,True
2020-02-08 15:31:28,1.71507,True
2020-02-08 15:31:29,1.75947,True
2020-02-08 15:31:30,2.63983,True
2020-02-08 15:31:31,1.82146,True
2020-02-08 15:31:32,1.759245,True
2020-02-08 15:31:33,1.69703,True
2020-02-08 15:31:34,1.78673,True
2020-02-08 15:31:35,2.00825,True
2020-02-08 15:31:36,2.08561,True
2020-02-08 15:31:37,2.83448,True
2020-02-08 15:31:38,1.69734,True
2020-02-08 15:31:39,2.70256,True
2020-02-08 15:31:40,2.1547,True
2020-02-08 15:31:41,1.98339,True
2020-02-08 15:31:42,2.65052,True
2020-02-08 15:31:43,1.24495,True
2020-02-08 15:31:44,1.71788,True
2020-02-08 15:31:45,2.81218,True
2020-02-08 15:31:46,2.6341,True
2020-02-08 15:31:47,1.84664,True
2020-02-08 15:31:48,2.50379,True
2020-02-08 15:31:49,2.48509,True
2020-02-08 15:31:50,2.60768,True
2020-02-08 15:31:51,1.80302,True
2020-02-08 15:31:52,2.57753,True
2020-02-08 15:31:53,3.07336,True
2020-02-08 15:31:54,1.81889,True
2020-02-08 15:31:55,1.886305,True
2020-02-08 15:31:56,1.95372,True
2020-02-08 15:31:57,2.91713,True
2020-02-08 15:31:58,1.8702,True
2020-02-08 15:31:59,2.45337,True
2020-02-08 15:32:00,2.81028,True
2020-02-08 15:32:01,2.63798,True
2020-02-08 15:32:02,1.8759,True
2020-02-08 15:32:03,2.89954,True
2020-02-08 15:32:04,3.03492,True
2020-02-08 15:32:05,2.79148,True
2020-02-08 15:32:06,2.94117,True
2020-02-08 15:32:07,2.88839,True
2020-02-08 15:32:08,0.922208,True
2020-02-08 15:32:09,2.7588,True
2020-02-08 15:32:10,1.86344,True
2020-02-08 15:32:11,2.8692,True
2020-02-08 15:32:12,2.63189,True
2020-02-08 15:32:13,2.56194,True
2020-02-08 15:32:14,2.58503,True
2020-02-08 15:32:15,2.52563,True
2020-02-08 15:32:16,2.66305,True
2020-02-08 15:32:17,2.76957,True
2020-02-08 15:32:18,2.87609,True
2020-02-08 15:32:19,2.96377,True
2020-02-08 15:32:20,2.27821,True
2020-02-08 15:32:21,1.93733,True
2020-02-08 15:32:22,2.68205,True
2020-02-08 15:32:23,2.55234,True
2020-02-08 15:32:24,2.96001,True
2020-02-08 15:32:25,1.97978,True
2020-02-08 15:32:26,2.67648,True
2020-02-08 15:32:27,1.74748,True
2020-02-08 15:32:28,1.7916,True
2020-02-08 15:32:29,2.73848,True
2020-02-08 15:32:30,1.12008,True
2020-02-08 15:32:31,2.66451,True
2020-02-08 15:32:32,2.28568,True
2020-02-08 15:32:33,1.71319,True
2020-02-08 15:32:34,2.68605,True
2020-02-08 15:32:35,2.14266,True
2020-02-08 15:32:36,2.58172,True
2020-02-08 15:32:37,1.81336,True
2020-02-08 15:32:38,1.88284,True
2020-02-08 15:32:39,1.95506,True
2020-02-08 15:32:40,2.47998,True
2020-02-08 15:32:41,2.31841,True
2020-02-08 15:32:42,2.15684,True
2020-02-08 15:32:43,1.72249,True
2020-02-08 15:32:44,1.85175,True
2020-02-08 15:32:45,2.42932,True
2020-02-08 15:32:46,2.83421,True
2020-02-08 15:32:47,2.04473,True
2020-02-08 15:32:48,2.5823,True
2020-02-08 15:32:49,2.30633,True
2020-02-08 15:32:50,2.00057,True
2020-02-08 15:32:51,2.54698,True
2020-02-08 15:32:52,2.09176,True
2020-02-08 15:32:53,2.93454,True
2020-02-08 15:32:54,2.59552,True
2020-02-08 15:32:55,2.49786,True
2020-02-08 15:32:56,2.0797,True
2020-02-08 15:32:57,1.82454,True
2020-02-08 15:32:58,2.21588,True
2020-02-08 15:32:59,1.76022,True
2020-02-08 15:33:00,2.00216,True
2020-02-08 15:33:01,1.92088,True
2020-02-08 15:33:02,1.53271,True
2020-02-08 15:33:03,1.5951650000000002,True
2020-02-08 15:33:04,1.65762,True
2020-02-08 15:33:05,1.81464,True
2020-02-08 15:33:06,1.91724,True
2020-02-08 15:33:07,1.85462,True
2020-02-08 15:33:08,2.28202,True
2020-02-08 15:33:09,1.72365,True
2020-02-08 15:33:10,2.60988,True
2020-02-08 15:33:11,2.78703,True
2020-02-08 15:33:12,1.20189,True
2020-02-08 15:33:13,2.63188,True
2020-02-08 15:33:14,2.70305,True
2020-02-08 15:33:15,2.03176,True
2020-02-08 15:33:16,2.12787,True
2020-02-08 15:33:17,1.95287,True
2020-02-08 15:33:18,2.20415,True
2020-02-08 15:33:19,2.51229,True
2020-02-08 15:33:20,2.13364,True
2020-02-08 15:33:21,2.30104,True
2020-02-08 15:33:22,2.6701,True
2020-02-08 15:33:23,1.41071,True
2020-02-08 15:33:24,2.40741,True
2020-02-08 15:33:25,2.5488299999999997,True
2020-02-08 15:33:26,2.69025,True
2020-02-08 15:33:27,3.03527,True
2020-02-08 15:33:28,2.83595,True
2020-02-08 15:33:29,2.34438,True
2020-02-08 15:33:30,2.67809,True
2020-02-08 15:33:31,2.69552,True
2020-02-08 15:33:32,2.11048,True
2020-02-08 15:33:33,2.60441,True
2020-02-08 15:33:34,2.55654,True
2020-02-08 15:33:35,2.64805,True
2020-02-08 15:33:36,2.35519,True
2020-02-08 15:33:37,1.90492,True
2020-02-08 15:33:38,2.45859,True
2020-02-08 15:33:39,2.56476,True
2020-02-08 15:33:40,2.56949,True
2020-02-08 15:33:41,2.98018,True
2020-02-08 15:33:42,2.49105,True
2020-02-08 15:33:43,2.70771,True
2020-02-08 15:33:44,2.48701,True
2020-02-08 15:33:45,1.8565,True
2020-02-08 15:33:46,2.91497,True
2020-02-08 15:33:47,2.85765,True
2020-02-08 15:33:48,2.80033,True
2020-02-08 15:33:49,2.39678,True
2020-02-08 15:33:50,2.33209,True
2020-02-08 15:33:51,2.32609,True
2020-02-08 15:33:52,2.55238,True
2020-02-08 15:33:53,0.992203,True
2020-02-08 15:33:54,2.31281,True
2020-02-08 15:33:55,2.37213,True
2020-02-08 15:33:56,2.49753,True
2020-02-08 15:33:57,2.72077,True
2020-02-08 15:33:58,2.57926,True
2020-02-08 15:33:59,2.03525,True
2020-02-08 15:34:00,2.38957,True
2020-02-08 15:34:01,1.5489,True
2020-02-08 15:34:02,2.30896,True
2020-02-08 15:34:03,2.31102,True
2020-02-08 15:34:04,2.86508,True
2020-02-08 15:34:05,2.69881,True
2020-02-08 15:34:06,2.89636,True
2020-02-08 15:34:07,2.71835,True
2020-02-08 15:34:08,2.3899,True
2020-02-08 15:34:09,2.42366,True
2020-02-08 15:34:10,2.40239,True
2020-02-08 15:34:11,2.5462499999999997,True
2020-02-08 15:34:12,2.69011,True
2020-02-08 15:34:13,2.63173,True
2020-02-08 15:34:14,0.863201,True
2020-02-08 15:34:15,2.52289,True
2020-02-08 15:34:16,2.29356,True
2020-02-08 15:34:17,1.87009,True
2020-02-08 15:34:18,2.11171,True
2020-02-08 15:34:19,2.54959,True
2020-02-08 15:34:20,2.42451,True
2020-02-08 15:34:21,2.80624,True
2020-02-08 15:34:22,2.77178,True
2020-02-08 15:34:23,2.31137,True
2020-02-08 15:34:24,2.76389,True
2020-02-08 15:34:25,2.71973,True
2020-02-08 15:34:26,2.45715,True
2020-02-08 15:34:27,0.92904,True
2020-02-08 15:34:28,2.58098,True
2020-02-08 15:34:29,2.85995,True
2020-02-08 15:34:30,2.74916,True
2020-02-08 15:34:31,2.83003,True
2020-02-08 15:34:32,2.50125,True
2020-02-08 15:34:33,2.25756,True
2020-02-08 15:34:34,2.01387,True
2020-02-08 15:34:35,2.5836,True
2020-02-08 15:34:36,2.7388,True
2020-02-08 15:34:37,2.70985,True
2020-02-08 15:34:38,2.70245,True
2020-02-08 15:34:39,1.98551,True
2020-02-08 15:34:40,2.26918,True
2020-02-08 15:34:41,1.01858,True
2020-02-08 15:34:42,1.01966,True
2020-02-08 15:34:43,2.56688,True
2020-02-08 15:34:44,1.07857,True
2020-02-08 15:34:45,2.65454,True
2020-02-08 15:34:46,1.10212,True
2020-02-08 15:34:47,2.06365,True
2020-02-08 15:34:48,1.96061,True
2020-02-08 15:34:49,1.92945,True
2020-02-08 15:34:50,2.73808,True
2020-02-08 15:34:51,1.85487,True
2020-02-08 15:34:52,1.84328,True
2020-02-08 15:34:53,1.70387,True
2020-02-08 15:34:54,2.169425,True
2020-02-08 15:34:55,2.63498,True
2020-02-08 15:34:56,2.00281,True
2020-02-08 15:34:57,1.87437,True
2020-02-08 15:34:58,2.16321,True
2020-02-08 15:34:59,1.9452,True
2020-02-08 15:35:00,2.72802,True
2020-02-08 15:35:01,2.15879,True
2020-02-08 15:35:02,2.18951,True
2020-02-08 15:35:03,2.96344,True
2020-02-08 15:35:04,2.08167,True
2020-02-08 15:35:05,0.918886,True
2020-02-08 15:35:06,1.76996,True
2020-02-08 15:35:07,2.5914,True
2020-02-08 15:35:08,2.52349,True
2020-02-08 15:35:09,2.50887,True
2020-02-08 15:35:10,2.64,True
2020-02-08 15:35:11,2.37315,True
2020-02-08 15:35:12,2.98629,True
2020-02-08 15:35:13,2.44429,True
2020-02-08 15:35:14,1.9965,True
2020-02-08 15:35:15,2.99021,True
2020-02-08 15:35:16,2.27884,True
2020-02-08 15:35:17,2.3898900000000003,True
2020-02-08 15:35:18,2.50094,True
2020-02-08 15:35:19,2.76823,True
2020-02-08 15:35:20,2.29577,True
2020-02-08 15:35:21,2.44931,True
2020-02-08 15:35:22,2.75287,True
2020-02-08 15:35:23,3.1218,True
2020-02-08 15:35:24,2.64133,True
2020-02-08 15:35:25,2.46767,True
2020-02-08 15:35:26,2.73575,True
2020-02-08 15:35:27,2.58694,True
2020-02-08 15:35:28,2.84619,True
2020-02-08 15:35:29,2.66033,True
2020-02-08 15:35:30,2.65029,True
2020-02-08 15:35:31,2.67928,True
2020-02-08 15:35:32,2.68294,True
2020-02-08 15:35:33,2.57454,True
2020-02-08 15:35:34,1.96561,True
2020-02-08 15:35:35,2.03511,True
2020-02-08 15:35:36,2.58475,True
2020-02-08 15:35:37,1.92158,True
2020-02-08 15:35:38,1.8765,True
2020-02-08 15:35:39,2.372635,True
2020-02-08 15:35:40,2.86877,True
2020-02-08 15:35:41,1.70536,True
2020-02-08 15:35:42,2.53475,True
2020-02-08 15:35:43,2.04196,True
2020-02-08 15:35:44,1.41993,True
2020-02-08 15:35:45,2.65507,True
2020-02-08 15:35:46,2.09339,True
2020-02-08 15:35:47,2.98889,True
2020-02-08 15:35:48,1.91489,True
2020-02-08 15:35:49,1.8192,True
2020-02-08 15:35:50,1.9806,True
2020-02-08 15:35:51,3.11299,True
2020-02-08 15:35:52,2.64605,True
2020-02-08 15:35:53,1.58541,True
2020-02-08 15:35:54,2.66569,True
2020-02-08 15:35:55,2.80837,True
2020-02-08 15:35:56,2.65096,True
2020-02-08 15:35:57,2.81853,True
2020-02-08 15:35:58,1.31639,True
2020-02-08 15:35:59,2.88119,True
2020-02-08 15:36:00,2.748275,True
2020-02-08 15:36:01,2.61536,True
2020-02-08 15:36:02,3.14562,True
2020-02-08 15:36:03,2.84188,True
2020-02-08 15:36:04,2.91711,True
2020-02-08 15:36:05,2.68829,True
2020-02-08 15:36:06,2.71365,True
2020-02-08 15:36:07,3.06838,True
2020-02-08 15:36:08,1.31027,True
2020-02-08 15:36:09,2.81122,True
2020-02-08 15:36:10,2.64796,True
2020-02-08 15:36:11,2.52527,True
2020-02-08 15:36:12,2.62907,True
2020-02-08 15:36:13,2.0533,True
2020-02-08 15:36:14,3.03717,True
2020-02-08 15:36:15,3.06185,True
2020-02-08 15:36:16,2.75492,True
2020-02-08 15:36:17,1.7411,True
2020-02-08 15:36:18,2.672,True
2020-02-08 15:36:19,2.62494,True
2020-02-08 15:36:20,1.85128,True
2020-02-08 15:36:21,2.64056,True
2020-02-08 15:36:22,2.614365,True
2020-02-08 15:36:23,2.58817,True
2020-02-08 15:36:24,3.0828,True
2020-02-08 15:36:25,2.54838,True
2020-02-08 15:36:26,2.63476,True
2020-02-08 15:36:27,1.13139,True
2020-02-08 15:36:28,1.85005,True
2020-02-08 15:36:29,1.37051,True
2020-02-08 15:36:30,2.93695,True
2020-02-08 15:36:31,2.96241,True
2020-02-08 15:36:32,1.92927,True
2020-02-08 15:36:33,2.17781,True
2020-02-08 15:36:34,1.00705,True
2020-02-08 15:36:35,2.28684,True
2020-02-08 15:36:36,2.35245,True
2020-02-08 15:36:37,2.23469,True
2020-02-08 15:36:38,2.33187,True
2020-02-08 15:36:39,2.47637,True
2020-02-08 15:36:40,2.35298,True
2020-02-08 15:36:41,2.58277,True
2020-02-08 15:36:42,2.65086,True
2020-02-08 15:36:43,2.92169,True
2020-02-08 15:36:44,2.45729,True
2020-02-08 15:36:45,2.56195,True
2020-02-08 15:36:46,2.66661,True
2020-02-08 15:36:47,2.5037,True
2020-02-08 15:36:48,2.56162,True
2020-02-08 15:36:49,2.64876,True
2020-02-08 15:36:50,2.49682,True
2020-02-08 15:36:51,2.97271,True
2020-02-08 15:36:52,2.74059,True
2020-02-08 15:36:53,2.69606,True
2020-02-08 15:36:54,2.81018,True
2020-02-08 15:36:55,3.11458,True
2020-02-08 15:36:56,2.82352,True
2020-02-08 15:36:57,2.74941,True
2020-02-08 15:36:58,2.6912,True
2020-02-08 15:36:59,2.84738,True
2020-02-08 15:37:00,3.06618,True
2020-02-08 15:37:01,2.624,True
2020-02-08 15:37:02,2.50942,True
2020-02-08 15:37:03,2.25309,True
2020-02-08 15:37:04,2.39008,True
2020-02-08 15:37:05,2.21225,True
2020-02-08 15:37:06,1.06404,True
2020-02-08 15:37:07,1.8411400000000002,True
2020-02-08 15:37:08,2.61824,True
2020-02-08 15:37:09,1.16496,True
2020-02-08 15:37:10,2.1301,True
2020-02-08 15:37:11,1.95574,True
2020-02-08 15:37:12,2.03993,True
2020-02-08 15:37:13,1.93008,True
2020-02-08 15:37:14,1.4575,True
2020-02-08 15:37:15,1.80722,True
2020-02-08 15:37:16,1.75311,True
2020-02-08 15:37:17,2.54704,True
2020-02-08 15:37:18,3.00266,True
2020-02-08 15:37:19,1.88778,True
2020-02-08 15:37:20,2.18676,True
2020-02-08 15:37:21,2.70357,True
2020-02-08 15:37:22,2.61509,True
2020-02-08 15:37:23,2.87804,True
2020-02-08 15:37:24,2.17069,True
2020-02-08 15:37:25,2.24664,True
2020-02-08 15:37:26,1.52977,True
2020-02-08 15:37:27,2.48848,True
2020-02-08 15:37:28,2.595065,True
2020-02-08 15:37:29,2.70165,True
2020-02-08 15:37:30,3.07015,True
2020-02-08 15:37:31,2.59156,True
2020-02-08 15:37:32,2.72113,True
2020-02-08 15:37:33,2.64977,True
2020-02-08 15:37:34,2.5544,True
2020-02-08 15:37:35,2.71991,True
2020-02-08 15:37:36,2.95294,True
2020-02-08 15:37:37,2.24442,True
2020-02-08 15:37:38,1.33796,True
2020-02-08 15:37:39,2.70825,True
2020-02-08 15:37:40,2.7583,True
2020-02-08 15:37:41,2.52726,True
2020-02-08 15:37:42,2.71362,True
2020-02-08 15:37:43,2.5298,True
2020-02-08 15:37:44,2.15026,True
2020-02-08 15:37:45,2.74637,True
2020-02-08 15:37:46,2.22498,True
2020-02-08 15:37:47,1.78978,True
2020-02-08 15:37:48,1.98154,True
2020-02-08 15:37:49,2.02489,True
2020-02-08 15:37:50,2.3949949999999998,True
2020-02-08 15:37:51,2.7651,True
2020-02-08 15:37:52,2.47885,True
2020-02-08 15:37:53,1.64685,True
2020-02-08 15:37:54,2.48365,True
2020-02-08 15:37:55,2.28537,True
2020-02-08 15:37:56,3.04942,True
2020-02-08 15:37:57,2.87306,True
2020-02-08 15:37:58,2.68874,True
2020-02-08 15:37:59,2.09775,True
2020-02-08 15:38:00,2.59232,True
2020-02-08 15:38:01,2.57414,True
2020-02-08 15:38:02,2.16036,True
2020-02-08 15:38:03,2.27788,True
2020-02-08 15:38:04,2.35974,True
2020-02-08 15:38:05,2.88312,True
2020-02-08 15:38:06,1.50447,True
2020-02-08 15:38:07,2.65024,True
2020-02-08 15:38:08,2.58978,True
2020-02-08 15:38:09,1.14696,True
2020-02-08 15:38:10,2.82286,True
2020-02-08 15:38:11,2.9631600000000002,True
2020-02-08 15:38:12,3.10346,True
2020-02-08 15:38:13,2.99238,True
2020-02-08 15:38:14,1.65419,True
2020-02-08 15:38:15,2.6616,True
2020-02-08 15:38:16,2.68874,True
2020-02-08 15:38:17,2.9789,True
2020-02-08 15:38:18,2.47398,True
2020-02-08 15:38:19,2.64913,True
2020-02-08 15:38:20,2.40987,True
2020-02-08 15:38:21,1.02098,True
2020-02-08 15:38:22,2.1742,True
2020-02-08 15:38:23,2.17283,True
2020-02-08 15:38:24,1.8146,True
2020-02-08 15:38:25,1.32287,True
2020-02-08 15:38:26,2.42406,True
2020-02-08 15:38:27,1.79405,True
2020-02-08 15:38:28,2.66266,True
2020-02-08 15:38:29,1.72611,True
2020-02-08 15:38:30,2.11337,True
2020-02-08 15:38:31,2.05842,True
2020-02-08 15:38:32,2.00347,True
2020-02-08 15:38:33,2.63425,True
2020-02-08 15:38:34,2.11976,True
2020-02-08 15:38:35,2.33925,True
2020-02-08 15:38:36,2.19925,True
2020-02-08 15:38:37,3.04187,True
2020-02-08 15:38:38,2.3466,True
2020-02-08 15:38:39,2.73071,True
2020-02-08 15:38:40,2.85307,True
2020-02-08 15:38:41,2.51033,True
2020-02-08 15:38:42,2.30265,True
2020-02-08 15:38:43,2.5176,True
2020-02-08 15:38:44,2.89308,True
2020-02-08 15:38:45,2.81526,True
2020-02-08 15:38:46,2.78507,True
2020-02-08 15:38:47,2.76523,True
2020-02-08 15:38:48,2.74631,True
2020-02-08 15:38:49,3.076,True
2020-02-08 15:38:50,3.078875,True
2020-02-08 15:38:51,3.08175,True
2020-02-08 15:38:52,2.7211,True
2020-02-08 15:38:53,2.64587,True
2020-02-08 15:38:54,2.81979,True
2020-02-08 15:38:55,2.94211,True
2020-02-08 15:38:56,2.73285,True
2020-02-08 15:38:57,2.80012,True
2020-02-08 15:38:58,2.6104,True
2020-02-08 15:38:59,2.53149,True
2020-02-08 15:39:00,2.50065,True
2020-02-08 15:39:01,2.47584,True
2020-02-08 15:39:02,2.18643,True
2020-02-08 15:39:03,2.25374,True
2020-02-08 15:39:04,2.25416,True
2020-02-08 15:39:05,2.26708,True
2020-02-08 15:39:06,2.58419,True
2020-02-08 15:39:07,2.8022,True
2020-02-08 15:39:08,1.88279,True
2020-02-08 15:39:09,1.83896,True
2020-02-08 15:39:10,2.20252,True
2020-02-08 15:39:11,2.11915,True
2020-02-08 15:39:12,2.53462,True
2020-02-08 15:39:13,2.41061,True
2020-02-08 15:39:14,2.2866,True
2020-02-08 15:39:15,1.9707,True
2020-02-08 15:39:16,2.65619,True
2020-02-08 15:39:17,2.72836,True
2020-02-08 15:39:18,2.72894,True
2020-02-08 15:39:19,2.67956,True
2020-02-08 15:39:20,3.02367,True
2020-02-08 15:39:21,2.64927,True
2020-02-08 15:39:22,2.61536,True
2020-02-08 15:39:23,2.60028,True
2020-02-08 15:39:24,2.43693,True
2020-02-08 15:39:25,2.34097,True
2020-02-08 15:39:26,2.27472,True
2020-02-08 15:39:27,1.10223,True
2020-02-08 15:39:28,1.72123,True
2020-02-08 15:39:29,1.79867,True
2020-02-08 15:39:30,2.13151,True
2020-02-08 15:39:31,1.74161,True
2020-02-08 15:39:32,2.70508,True
2020-02-08 15:39:33,2.01591,True
2020-02-08 15:39:34,3.06341,True
2020-02-08 15:39:35,2.68159,True
2020-02-08 15:39:36,2.29977,True
2020-02-08 15:39:37,2.81717,True
2020-02-08 15:39:38,1.07862,True
2020-02-08 15:39:39,2.44349,True
2020-02-08 15:39:40,2.75652,True
2020-02-08 15:39:41,2.40831,True
2020-02-08 15:39:42,2.80917,True
2020-02-08 15:39:43,2.77205,True
2020-02-08 15:39:44,3.09969,True
2020-02-08 15:39:45,1.52789,True
2020-02-08 15:39:46,3.18016,True
2020-02-08 15:39:47,1.83198,True
2020-02-08 15:39:48,2.49656,True
2020-02-08 15:39:49,2.81315,True
2020-02-08 15:39:50,2.50479,True
2020-02-08 15:39:51,2.79262,True
2020-02-08 15:39:52,2.51922,True
2020-02-08 15:39:53,2.27876,True
2020-02-08 15:39:54,2.30543,True
2020-02-08 15:39:55,1.7899,True
2020-02-08 15:39:56,2.7541,True
2020-02-08 15:39:57,2.2448550000000003,True
2020-02-08 15:39:58,1.73561,True
2020-02-08 15:39:59,2.65414,True
2020-02-08 15:40:00,2.78718,True
2020-02-08 15:40:01,2.60904,True
2020-02-08 15:40:02,1.92475,True
2020-02-08 15:40:03,2.44814,True
2020-02-08 15:40:04,2.6396,True
2020-02-08 15:40:05,2.72173,True
2020-02-08 15:40:06,2.6109,True
2020-02-08 15:40:07,2.55708,True
2020-02-08 15:40:08,2.34023,True
2020-02-08 15:40:09,2.39853,True
2020-02-08 15:40:10,2.6504,True
2020-02-08 15:40:11,2.66089,True
2020-02-08 15:40:12,2.36567,True
2020-02-08 15:40:13,2.72877,True
2020-02-08 15:40:14,2.24222,True
2020-02-08 15:40:15,1.96699,True
2020-02-08 15:40:16,2.49386,True
2020-02-08 15:40:17,2.91489,True
2020-02-08 15:40:18,1.44472,True
2020-02-08 15:40:19,1.58879,True
2020-02-08 15:40:20,1.73286,True
2020-02-08 15:40:21,2.99299,True
2020-02-08 15:40:22,2.53912,True
2020-02-08 15:40:23,2.65194,True
2020-02-08 15:40:24,2.38375,True
2020-02-08 15:40:25,2.86403,True
2020-02-08 15:40:26,2.03085,True
2020-02-08 15:40:27,2.66619,True
2020-02-08 15:40:28,2.47107,True
2020-02-08 15:40:29,2.46902,True
2020-02-08 15:40:30,2.61106,True
2020-02-08 15:40:31,2.72934,True
2020-02-08 15:40:32,2.92582,True
2020-02-08 15:40:33,2.90996,True
2020-02-08 15:40:34,2.82673,True
2020-02-08 15:40:35,2.5358,True
2020-02-08 15:40:36,2.32396,True
2020-02-08 15:40:37,2.53103,True
2020-02-08 15:40:38,2.7147,True
2020-02-08 15:40:39,1.99722,True
2020-02-08 15:40:40,2.97313,True
2020-02-08 15:40:41,1.941198,True
2020-02-08 15:40:42,0.909266,True
2020-02-08 15:40:43,1.86281,True
2020-02-08 15:40:44,2.63027,True
2020-02-08 15:40:45,2.7041,True
2020-02-08 15:40:46,2.44641,True
2020-02-08 15:40:47,2.20607,True
2020-02-08 15:40:48,2.88027,True
2020-02-08 15:40:49,2.64085,True
2020-02-08 15:40:50,1.90715,True
2020-02-08 15:40:51,1.85059,True
2020-02-08 15:40:52,1.57257,True
2020-02-08 15:40:53,1.79878,True
2020-02-08 15:40:54,2.03293,True
2020-02-08 15:40:55,1.83137,True
2020-02-08 15:40:56,2.18407,True
2020-02-08 15:40:57,1.79035,True
2020-02-08 15:40:58,2.2395,True
2020-02-08 15:40:59,2.7466,True
2020-02-08 15:41:00,1.97788,True
2020-02-08 15:41:01,2.20004,True
2020-02-08 15:41:02,1.01837,True
2020-02-08 15:41:03,1.67908,True
2020-02-08 15:41:04,2.33979,True
2020-02-08 15:41:05,2.42616,True
2020-02-08 15:41:06,2.66735,True
2020-02-08 15:41:07,1.26924,True
2020-02-08 15:41:08,2.9217,True
2020-02-08 15:41:09,2.33874,True
2020-02-08 15:41:10,2.44738,True
2020-02-08 15:41:11,3.03939,True
2020-02-08 15:41:12,2.68339,True
2020-02-08 15:41:13,2.69952,True
2020-02-08 15:41:14,1.6737,True
2020-02-08 15:41:15,2.56809,True
2020-02-08 15:41:16,2.75685,True
2020-02-08 15:41:17,2.65776,True
2020-02-08 15:41:18,2.87592,True
2020-02-08 15:41:19,2.77116,True
2020-02-08 15:41:20,2.74412,True
2020-02-08 15:41:21,2.936065,True
2020-02-08 15:41:22,3.12801,True
2020-02-08 15:41:23,2.69412,True
2020-02-08 15:41:24,2.67533,True
2020-02-08 15:41:25,0.886369,True
2020-02-08 15:41:26,2.95104,True
2020-02-08 15:41:27,2.48356,True
2020-02-08 15:41:28,1.02417,True
2020-02-08 15:41:29,1.4746,True
2020-02-08 15:41:30,2.41872,True
2020-02-08 15:41:31,2.81565,True
2020-02-08 15:41:32,1.91289,True
2020-02-08 15:41:33,2.55935,True
2020-02-08 15:41:34,2.56264,True
2020-02-08 15:41:35,2.71065,True
2020-02-08 15:41:36,1.68182,True
2020-02-08 15:41:37,2.07465,True
2020-02-08 15:41:38,1.81077,True
2020-02-08 15:41:39,2.32176,True
2020-02-08 15:41:40,2.415435,True
2020-02-08 15:41:41,2.50911,True
2020-02-08 15:41:42,2.74291,True
2020-02-08 15:41:43,2.19186,True
2020-02-08 15:41:44,2.82149,True
2020-02-08 15:41:45,2.32594,True
2020-02-08 15:41:46,2.54053,True
2020-02-08 15:41:47,2.75088,True
2020-02-08 15:41:48,2.83309,True
2020-02-08 15:41:49,2.44298,True
2020-02-08 15:41:50,2.65483,True
2020-02-08 15:41:51,1.0143,True
2020-02-08 15:41:52,2.6739,True
2020-02-08 15:41:53,2.58516,True
2020-02-08 15:41:54,2.52838,True
2020-02-08 15:41:55,2.11994,True
2020-02-08 15:41:56,1.93593,True
2020-02-08 15:41:57,2.74978,True
2020-02-08 15:41:58,1.49828,True
2020-02-08 15:41:59,3.07122,True
2020-02-08 15:42:00,2.67265,True
2020-02-08 15:42:01,2.7064950000000003,True
2020-02-08 15:42:02,2.74034,True
2020-02-08 15:42:03,3.01913,True
2020-02-08 15:42:04,1.77138,True
2020-02-08 15:42:05,2.49251,True
2020-02-08 15:42:06,2.66924,True
2020-02-08 15:42:07,2.23577,True
2020-02-08 15:42:08,2.24194,True
2020-02-08 15:42:09,2.33422,True
2020-02-08 15:42:10,1.98284,True
2020-02-08 15:42:11,1.91469,True
2020-02-08 15:42:12,1.90557,True
2020-02-08 15:42:13,2.96325,True
2020-02-08 15:42:14,2.75486,True
2020-02-08 15:42:15,2.36664,True
2020-02-08 15:42:16,2.53513,True
2020-02-08 15:42:17,1.40297,True
2020-02-08 15:42:18,1.5596,True
2020-02-08 15:42:19,2.67229,True
2020-02-08 15:42:20,2.52033,True
2020-02-08 15:42:21,2.64597,True
2020-02-08 15:42:22,2.62559,True
2020-02-08 15:42:23,1.9029449999999999,True
2020-02-08 15:42:24,1.1803,True
2020-02-08 15:42:25,3.04587,True
2020-02-08 15:42:26,2.69371,True
2020-02-08 15:42:27,2.63224,True
2020-02-08 15:42:28,2.6927,True
2020-02-08 15:42:29,2.04788,True
2020-02-08 15:42:30,2.99722,True
2020-02-08 15:42:31,2.7801,True
2020-02-08 15:42:32,2.24469,True
2020-02-08 15:42:33,2.87681,True
2020-02-08 15:42:34,2.65209,True
2020-02-08 15:42:35,3.07447,True
2020-02-08 15:42:36,1.03664,True
2020-02-08 15:42:37,2.04093,True
2020-02-08 15:42:38,2.9557,True
2020-02-08 15:42:39,2.38688,True
2020-02-08 15:42:40,2.47825,True
2020-02-08 15:42:41,2.53423,True
2020-02-08 15:42:42,2.59955,True
2020-02-08 15:42:43,2.64116,True
2020-02-08 15:42:44,2.69371,True
2020-02-08 15:42:45,2.529715,True
2020-02-08 15:42:46,2.36572,True
2020-02-08 15:42:47,2.45545,True
2020-02-08 15:42:48,2.62881,True
2020-02-08 15:42:49,0.90453,True
2020-02-08 15:42:50,2.34583,True
2020-02-08 15:42:51,2.06352,True
2020-02-08 15:42:52,2.81164,True
2020-02-08 15:42:53,2.33592,True
2020-02-08 15:42:54,2.56498,True
2020-02-08 15:42:55,2.35033,True
2020-02-08 15:42:56,2.8689,True
2020-02-08 15:42:57,2.98593,True
2020-02-08 15:42:58,2.79513,True
2020-02-08 15:42:59,3.03712,True
2020-02-08 15:43:00,2.90342,True
2020-02-08 15:43:01,1.10584,True
2020-02-08 15:43:02,2.09827,True
2020-02-08 15:43:03,2.59278,True
2020-02-08 15:43:04,2.67744,True
2020-02-08 15:43:05,2.98243,True
2020-02-08 15:43:06,2.80578,True
2020-02-08 15:43:07,2.62913,True
2020-02-08 15:43:08,0.931953,True
2020-02-08 15:43:09,2.59367,True
2020-02-08 15:43:10,0.911326,True
2020-02-08 15:43:11,0.894148,True
2020-02-08 15:43:12,2.74711,True
2020-02-08 15:43:13,2.55777,True
2020-02-08 15:43:14,2.43048,True
2020-02-08 15:43:15,0.94124,True
2020-02-08 15:43:16,2.26468,True
2020-02-08 15:43:17,2.5402,True
2020-02-08 15:43:18,1.05359,True
2020-02-08 15:43:19,2.03002,True
2020-02-08 15:43:20,2.40782,True
2020-02-08 15:43:21,2.02408,True
2020-02-08 15:43:22,1.63798,True
2020-02-08 15:43:23,1.87714,True
2020-02-08 15:43:24,1.83983,True
2020-02-08 15:43:25,2.49854,True
2020-02-08 15:43:26,1.89415,True
2020-02-08 15:43:27,1.92191,True
2020-02-08 15:43:28,1.79504,True
2020-02-08 15:43:29,1.66817,True
2020-02-08 15:43:30,2.24673,True
2020-02-08 15:43:31,2.2905,True
2020-02-08 15:43:32,2.44496,True
2020-02-08 15:43:33,2.31047,True
2020-02-08 15:43:34,2.45629,True
2020-02-08 15:43:35,1.771,True
2020-02-08 15:43:36,2.43501,True
2020-02-08 15:43:37,2.27969,True
2020-02-08 15:43:38,2.71822,True
2020-02-08 15:43:39,1.76496,True
2020-02-08 15:43:40,1.58646,True
2020-02-08 15:43:41,2.62973,True
2020-02-08 15:43:42,2.97033,True
2020-02-08 15:43:43,2.73162,True
2020-02-08 15:43:44,2.8613,True
2020-02-08 15:43:45,2.82554,True
2020-02-08 15:43:46,2.57816,True
2020-02-08 15:43:47,3.13452,True
2020-02-08 15:43:48,2.94162,True
2020-02-08 15:43:49,2.72772,True
2020-02-08 15:43:50,2.51272,True
2020-02-08 15:43:51,2.29772,True
2020-02-08 15:43:52,1.10271,True
2020-02-08 15:43:53,2.7632,True
2020-02-08 15:43:54,2.6626,True
2020-02-08 15:43:55,2.80994,True
2020-02-08 15:43:56,2.43177,True
2020-02-08 15:43:57,2.08295,True
2020-02-08 15:43:58,2.27061,True
2020-02-08 15:43:59,0.941294,True
2020-02-08 15:44:00,2.559,True
2020-02-08 15:44:01,2.31207,True
2020-02-08 15:44:02,2.8006,True
2020-02-08 15:44:03,2.47989,True
2020-02-08 15:44:04,2.47136,True
2020-02-08 15:44:05,2.75114,True
2020-02-08 15:44:06,1.71901,True
2020-02-08 15:44:07,2.26656,True
2020-02-08 15:44:08,2.60724,True
2020-02-08 15:44:09,2.43502,True
2020-02-08 15:44:10,2.64785,True
2020-02-08 15:44:11,2.640995,True
2020-02-08 15:44:12,2.63414,True
2020-02-08 15:44:13,2.72306,True
2020-02-08 15:44:14,2.42702,True
2020-02-08 15:44:15,2.40551,True
2020-02-08 15:44:16,2.66671,True
2020-02-08 15:44:17,2.60212,True
2020-02-08 15:44:18,2.43406,True
2020-02-08 15:44:19,2.45439,True
2020-02-08 15:44:20,2.64675,True
2020-02-08 15:44:21,2.65079,True
2020-02-08 15:44:22,2.46184,True
2020-02-08 15:44:23,2.44072,True
2020-02-08 15:44:24,2.72709,True
2020-02-08 15:44:25,2.55725,True
2020-02-08 15:44:26,2.33562,True
2020-02-08 15:44:27,2.51395,True
2020-02-08 15:44:28,2.7823149999999996,True
2020-02-08 15:44:29,3.05068,True
2020-02-08 15:44:30,2.97768,True
2020-02-08 15:44:31,2.4989,True
2020-02-08 15:44:32,2.60554,True
2020-02-08 15:44:33,2.37936,True
2020-02-08 15:44:34,1.86948,True
2020-02-08 15:44:35,2.10881,True
2020-02-08 15:44:36,2.20231,True
2020-02-08 15:44:37,2.66754,True
2020-02-08 15:44:38,2.07826,True
2020-02-08 15:44:39,2.44867,True
2020-02-08 15:44:40,2.49592,True
2020-02-08 15:44:41,2.30303,True
2020-02-08 15:44:42,2.41154,True
2020-02-08 15:44:43,2.72017,True
2020-02-08 15:44:44,2.90053,True
2020-02-08 15:44:45,2.56852,True
2020-02-08 15:44:46,2.61434,True
2020-02-08 15:44:47,2.67369,True
2020-02-08 15:44:48,2.52109,True
2020-02-08 15:44:49,2.93395,True
2020-02-08 15:44:50,2.63774,True
2020-02-08 15:44:51,2.34153,True
2020-02-08 15:44:52,0.954653,True
2020-02-08 15:44:53,2.44063,True
2020-02-08 15:44:54,2.59604,True
2020-02-08 15:44:55,2.58912,True
2020-02-08 15:44:56,2.55191,True
2020-02-08 15:44:57,2.41304,True
2020-02-08 15:44:58,2.84887,True
2020-02-08 15:44:59,2.92925,True
2020-02-08 15:45:00,2.59926,True
2020-02-08 15:45:01,2.60644,True
2020-02-08 15:45:02,2.44027,True
2020-02-08 15:45:03,2.8971,True
2020-02-08 15:45:04,2.50868,True
2020-02-08 15:45:05,2.75402,True
2020-02-08 15:45:06,2.75696,True
2020-02-08 15:45:07,2.63703,True
2020-02-08 15:45:08,3.03484,True
2020-02-08 15:45:09,2.93548,True
2020-02-08 15:45:10,2.83612,True
2020-02-08 15:45:11,2.95461,True
2020-02-08 15:45:12,2.6084,True
2020-02-08 15:45:13,2.81929,True
2020-02-08 15:45:14,2.52548,True
2020-02-08 15:45:15,2.50141,True
2020-02-08 15:45:16,2.86946,True
2020-02-08 15:45:17,2.72349,True
2020-02-08 15:45:18,0.977584,True
2020-02-08 15:45:19,2.71256,True
2020-02-08 15:45:20,2.45998,True
2020-02-08 15:45:21,2.52847,True
2020-02-08 15:45:22,2.63665,True
2020-02-08 15:45:23,2.43004,True
2020-02-08 15:45:24,2.3358,True
2020-02-08 15:45:25,2.382,True
2020-02-08 15:45:26,1.94136,True
2020-02-08 15:45:27,2.52888,True
2020-02-08 15:45:28,1.963765,True
2020-02-08 15:45:29,1.39865,True
2020-02-08 15:45:30,2.65673,True
2020-02-08 15:45:31,1.78541,True
2020-02-08 15:45:32,1.90788,True
2020-02-08 15:45:33,1.24888,True
2020-02-08 15:45:34,2.87196,True
2020-02-08 15:45:35,2.04431,True
2020-02-08 15:45:36,2.04482,True
2020-02-08 15:45:37,2.1748,True
2020-02-08 15:45:38,2.35959,True
2020-02-08 15:45:39,2.40189,True
2020-02-08 15:45:40,2.6032,True
2020-02-08 15:45:41,2.08761,True
2020-02-08 15:45:42,2.66621,True
2020-02-08 15:45:43,2.36878,True
2020-02-08 15:45:44,2.55131,True
2020-02-08 15:45:45,2.63659,True
2020-02-08 15:45:46,2.65808,True
2020-02-08 15:45:47,2.75816,True
2020-02-08 15:45:48,2.6252250000000004,True
2020-02-08 15:45:49,2.49229,True
2020-02-08 15:45:50,2.67246,True
2020-02-08 15:45:51,2.61248,True
2020-02-08 15:45:52,2.33194,True
2020-02-08 15:45:53,2.66262,True
2020-02-08 15:45:54,2.44229,True
2020-02-08 15:45:55,2.181,True
2020-02-08 15:45:56,2.7149,True
2020-02-08 15:45:57,2.73403,True
2020-02-08 15:45:58,2.64649,True
2020-02-08 15:45:59,2.28019,True
2020-02-08 15:46:00,2.56628,True
2020-02-08 15:46:01,3.14453,True
2020-02-08 15:46:02,2.4781,True
2020-02-08 15:46:03,1.45628,True
2020-02-08 15:46:04,3.00622,True
2020-02-08 15:46:05,1.01436,True
2020-02-08 15:46:06,2.19629,True
2020-02-08 15:46:07,2.300335,True
2020-02-08 15:46:08,2.40438,True
2020-02-08 15:46:09,2.45763,True
2020-02-08 15:46:10,2.40322,True
2020-02-08 15:46:11,2.14281,True
2020-02-08 15:46:12,2.11505,True
2020-02-08 15:46:13,1.13826,True
2020-02-08 15:46:14,2.40225,True
2020-02-08 15:46:15,1.17439,True
2020-02-08 15:46:16,1.76148,True
2020-02-08 15:46:17,2.16894,True
2020-02-08 15:46:18,1.64748,True
2020-02-08 15:46:19,1.97,True
2020-02-08 15:46:20,1.88264,True
2020-02-08 15:46:21,2.65365,True
2020-02-08 15:46:22,1.83542,True
2020-02-08 15:46:23,2.84773,True
2020-02-08 15:46:24,2.58006,True
2020-02-08 15:46:25,2.00814,True
2020-02-08 15:46:26,1.38712,True
2020-02-08 15:46:27,2.80525,True
2020-02-08 15:46:28,2.832415,True
2020-02-08 15:46:29,2.85958,True
2020-02-08 15:46:30,3.10799,True
2020-02-08 15:46:31,2.70269,True
2020-02-08 15:46:32,2.20621,True
2020-02-08 15:46:33,2.52085,True
2020-02-08 15:46:34,2.75436,True
2020-02-08 15:46:35,3.00647,True
2020-02-08 15:46:36,2.74379,True
2020-02-08 15:46:37,2.99575,True
2020-02-08 15:46:38,2.57182,True
2020-02-08 15:46:39,2.75791,True
2020-02-08 15:46:40,2.72287,True
2020-02-08 15:46:41,2.60088,True
2020-02-08 15:46:42,2.5324,True
2020-02-08 15:46:43,2.70627,True
2020-02-08 15:46:44,2.62912,True
2020-02-08 15:46:45,1.47127,True
2020-02-08 15:46:46,2.59108,True
2020-02-08 15:46:47,1.97749,True
2020-02-08 15:46:48,2.92561,True
2020-02-08 15:46:49,2.48336,True
2020-02-08 15:46:50,2.66815,True
2020-02-08 15:46:51,2.625615,True
2020-02-08 15:46:52,2.58308,True
2020-02-08 15:46:53,1.73613,True
2020-02-08 15:46:54,2.50124,True
2020-02-08 15:46:55,3.00812,True
2020-02-08 15:46:56,1.34111,True
2020-02-08 15:46:57,1.40732,True
2020-02-08 15:46:58,1.8501,True
2020-02-08 15:46:59,2.62768,True
2020-02-08 15:47:00,3.10868,True
2020-02-08 15:47:01,2.8411,True
2020-02-08 15:47:02,2.51071,True
2020-02-08 15:47:03,1.78667,True
2020-02-08 15:47:04,1.83649,True
2020-02-08 15:47:05,3.12911,True
2020-02-08 15:47:06,2.27221,True
2020-02-08 15:47:07,1.74558,True
2020-02-08 15:47:08,2.61347,True
2020-02-08 15:47:09,1.84169,True
2020-02-08 15:47:10,2.47643,True
2020-02-08 15:47:11,1.91231,True
2020-02-08 15:47:12,1.94937,True
2020-02-08 15:47:13,2.51213,True
2020-02-08 15:47:14,3.07489,True
2020-02-08 15:47:15,2.09651,True
2020-02-08 15:47:16,2.65088,True
2020-02-08 15:47:17,2.56604,True
2020-02-08 15:47:18,2.47804,True
2020-02-08 15:47:19,2.55389,True
2020-02-08 15:47:20,2.2971,True
2020-02-08 15:47:21,2.8427,True
2020-02-08 15:47:22,2.76192,True
2020-02-08 15:47:23,2.84944,True
2020-02-08 15:47:24,2.6977,True
2020-02-08 15:47:25,2.23053,True
2020-02-08 15:47:26,2.63226,True
2020-02-08 15:47:27,2.3814,True
2020-02-08 15:47:28,2.95877,True
2020-02-08 15:47:29,2.08773,True
2020-02-08 15:47:30,2.76568,True
2020-02-08 15:47:31,1.90623,True
2020-02-08 15:47:32,2.9027,True
2020-02-08 15:47:33,2.64688,True
2020-02-08 15:47:34,2.69037,True
2020-02-08 15:47:35,1.9305150000000002,True
2020-02-08 15:47:36,1.17066,True
2020-02-08 15:47:37,2.00366,True
2020-02-08 15:47:38,2.59452,True
2020-02-08 15:47:39,1.93882,True
2020-02-08 15:47:40,1.34161,True
2020-02-08 15:47:41,2.69754,True
2020-02-08 15:47:42,3.09822,True
2020-02-08 15:47:43,0.988407,True
2020-02-08 15:47:44,2.79915,True
2020-02-08 15:47:45,1.98074,True
2020-02-08 15:47:46,2.71938,True
2020-02-08 15:47:47,2.718,True
2020-02-08 15:47:48,2.84236,True
2020-02-08 15:47:49,2.67353,True
2020-02-08 15:47:50,1.38993,True
2020-02-08 15:47:51,2.54769,True
2020-02-08 15:47:52,0.914313,True
2020-02-08 15:47:53,2.81784,True
2020-02-08 15:47:54,2.57981,True
2020-02-08 15:47:55,2.653195,True
2020-02-08 15:47:56,2.72658,True
2020-02-08 15:47:57,2.96974,True
2020-02-08 15:47:58,2.38382,True
2020-02-08 15:47:59,2.49377,True
2020-02-08 15:48:00,2.65724,True
2020-02-08 15:48:01,2.29966,True
2020-02-08 15:48:02,2.77313,True
2020-02-08 15:48:03,2.95406,True
2020-02-08 15:48:04,2.92529,True
2020-02-08 15:48:05,1.28764,True
2020-02-08 15:48:06,2.59372,True
2020-02-08 15:48:07,2.91752,True
2020-02-08 15:48:08,2.48814,True
2020-02-08 15:48:09,2.53402,True
2020-02-08 15:48:10,2.66818,True
2020-02-08 15:48:11,3.05431,True
2020-02-08 15:48:12,2.64111,True
2020-02-08 15:48:13,2.76271,True
2020-02-08 15:48:14,3.05785,True
2020-02-08 15:48:15,2.93323,True
2020-02-08 15:48:16,2.324645,True
2020-02-08 15:48:17,1.71606,True
2020-02-08 15:48:18,2.65779,True
2020-02-08 15:48:19,2.7863,True
2020-02-08 15:48:20,2.12392,True
2020-02-08 15:48:21,2.83119,True
2020-02-08 15:48:22,2.82566,True
2020-02-08 15:48:23,3.14711,True
2020-02-08 15:48:24,2.92479,True
2020-02-08 15:48:25,2.00152,True
2020-02-08 15:48:26,1.19117,True
2020-02-08 15:48:27,2.85754,True
2020-02-08 15:48:28,2.52894,True
2020-02-08 15:48:29,2.58632,True
2020-02-08 15:48:30,2.30134,True
2020-02-08 15:48:31,2.21087,True
2020-02-08 15:48:32,2.77596,True
2020-02-08 15:48:33,2.57876,True
2020-02-08 15:48:34,1.94956,True
2020-02-08 15:48:35,2.10118,True
2020-02-08 15:48:36,2.423045,True
2020-02-08 15:48:37,2.74491,True
2020-02-08 15:48:38,2.25832,True
2020-02-08 15:48:39,2.34422,True
2020-02-08 15:48:40,2.58387,True
2020-02-08 15:48:41,2.40071,True
2020-02-08 15:48:42,2.28074,True
2020-02-08 15:48:43,1.89161,True
2020-02-08 15:48:44,2.63604,True
2020-02-08 15:48:45,1.93639,True
2020-02-08 15:48:46,2.61727,True
2020-02-08 15:48:47,2.10222,True
2020-02-08 15:48:48,1.88072,True
2020-02-08 15:48:49,2.96884,True
2020-02-08 15:48:50,1.66399,True
2020-02-08 15:48:51,2.35182,True
2020-02-08 15:48:52,3.03965,True
2020-02-08 15:48:53,2.15335,True
2020-02-08 15:48:54,2.60312,True
2020-02-08 15:48:55,2.02265,True
2020-02-08 15:48:56,2.03246,True
2020-02-08 15:48:57,1.74185,True
2020-02-08 15:48:58,2.2885,True
2020-02-08 15:48:59,2.44379,True
2020-02-08 15:49:00,2.12607,True
2020-02-08 15:49:01,2.15657,True
2020-02-08 15:49:02,2.40941,True
2020-02-08 15:49:03,1.77868,True
2020-02-08 15:49:04,1.85826,True
2020-02-08 15:49:05,2.51668,True
2020-02-08 15:49:06,2.93142,True
2020-02-08 15:49:07,2.31624,True
2020-02-08 15:49:08,3.04633,True
2020-02-08 15:49:09,2.904895,True
2020-02-08 15:49:10,2.76346,True
2020-02-08 15:49:11,1.33003,True
2020-02-08 15:49:12,2.77592,True
2020-02-08 15:49:13,2.43816,True
2020-02-08 15:49:14,3.13381,True
2020-02-08 15:49:15,2.14626,True
2020-02-08 15:49:16,1.2296,True
2020-02-08 15:49:17,2.63579,True
2020-02-08 15:49:18,2.68526,True
2020-02-08 15:49:19,2.08925,True
2020-02-08 15:49:20,1.18052,True
2020-02-08 15:49:21,2.59255,True
2020-02-08 15:49:22,0.874612,True
2020-02-08 15:49:23,2.58115,True
2020-02-08 15:49:24,2.5276,True
2020-02-08 15:49:25,1.50394,True
2020-02-08 15:49:26,2.75518,True
2020-02-08 15:49:27,2.17283,True
2020-02-08 15:49:28,2.0689,True
2020-02-08 15:49:29,2.0364,True
2020-02-08 15:49:30,2.0039,True
2020-02-08 15:49:31,1.65828,True
2020-02-08 15:49:32,2.95353,True
2020-02-08 15:49:33,1.937,True
2020-02-08 15:49:34,2.7505,True
2020-02-08 15:49:35,2.60847,True
2020-02-08 15:49:36,3.12907,True
2020-02-08 15:49:37,1.6204,True
2020-02-08 15:49:38,2.50255,True
2020-02-08 15:49:39,1.94162,True
2020-02-08 15:49:40,2.57998,True
2020-02-08 15:49:41,2.81547,True
2020-02-08 15:49:42,1.98591,True
2020-02-08 15:49:43,2.72838,True
2020-02-08 15:49:44,2.69524,True
2020-02-08 15:49:45,2.2764,True
2020-02-08 15:49:46,2.54114,True
2020-02-08 15:49:47,2.77581,True
2020-02-08 15:49:48,2.63815,True
2020-02-08 15:49:49,2.15603,True
2020-02-08 15:49:50,2.41179,True
2020-02-08 15:49:51,2.189555,True
2020-02-08 15:49:52,1.96732,True
2020-02-08 15:49:53,1.24314,True
2020-02-08 15:49:54,2.77385,True
2020-02-08 15:49:55,2.67525,True
2020-02-08 15:49:56,2.81235,True
2020-02-08 15:49:57,2.26453,True
2020-02-08 15:49:58,0.905264,True
2020-02-08 15:49:59,2.60652,True
2020-02-08 15:50:00,2.71776,True
2020-02-08 15:50:01,2.50002,True
2020-02-08 15:50:02,2.57007,True
2020-02-08 15:50:03,2.23977,True
2020-02-08 15:50:04,1.74082,True
2020-02-08 15:50:05,1.82058,True
2020-02-08 15:50:06,2.72932,True
2020-02-08 15:50:07,2.08823,True
2020-02-08 15:50:08,2.08296,True
2020-02-08 15:50:09,2.98699,True
2020-02-08 15:50:10,1.94597,True
2020-02-08 15:50:11,2.95547,True
2020-02-08 15:50:12,2.49432,True
2020-02-08 15:50:13,2.80792,True
2020-02-08 15:50:14,1.8674000000000002,True
2020-02-08 15:50:15,0.92688,True
2020-02-08 15:50:16,2.71639,True
2020-02-08 15:50:17,2.8073,True
2020-02-08 15:50:18,1.07089,True
2020-02-08 15:50:19,2.72089,True
2020-02-08 15:50:20,1.961,True
2020-02-08 15:50:21,1.77535,True
2020-02-08 15:50:22,2.65494,True
2020-02-08 15:50:23,2.50086,True
2020-02-08 15:50:24,2.03359,True
2020-02-08 15:50:25,1.9964,True
2020-02-08 15:50:26,2.26649,True
2020-02-08 15:50:27,3.00989,True
2020-02-08 15:50:28,2.46294,True
2020-02-08 15:50:29,1.29236,True
2020-02-08 15:50:30,2.04144,True
2020-02-08 15:50:31,2.304,True
2020-02-08 15:50:32,2.70211,True
2020-02-08 15:50:33,2.67188,True
2020-02-08 15:50:34,2.83619,True
2020-02-08 15:50:35,2.71235,True
2020-02-08 15:50:36,2.30102,True
2020-02-08 15:50:37,2.34271,True
2020-02-08 15:50:38,2.3844,True
2020-02-08 15:50:39,0.957311,True
2020-02-08 15:50:40,1.92248,True
2020-02-08 15:50:41,2.61835,True
2020-02-08 15:50:42,2.04596,True
2020-02-08 15:50:43,1.80711,True
2020-02-08 15:50:44,2.63002,True
2020-02-08 15:50:45,2.11161,True
2020-02-08 15:50:46,1.93664,True
2020-02-08 15:50:47,2.14464,True
2020-02-08 15:50:48,2.68594,True
2020-02-08 15:50:49,2.38472,True
2020-02-08 15:50:50,2.64655,True
2020-02-08 15:50:51,1.94079,True
2020-02-08 15:50:52,2.51525,True
2020-02-08 15:50:53,2.70651,True
2020-02-08 15:50:54,2.40087,True
2020-02-08 15:50:55,2.30312,True
2020-02-08 15:50:56,2.65826,True
2020-02-08 15:50:57,2.19396,True
2020-02-08 15:50:58,2.8556,True
2020-02-08 15:50:59,2.51889,True
2020-02-08 15:51:00,3.01226,True
2020-02-08 15:51:01,2.8387000000000002,True
2020-02-08 15:51:02,2.66514,True
2020-02-08 15:51:03,2.77813,True
2020-02-08 15:51:04,2.96706,True
2020-02-08 15:51:05,2.75427,True
2020-02-08 15:51:06,2.71126,True
2020-02-08 15:51:07,3.11198,True
2020-02-08 15:51:08,1.88359,True
2020-02-08 15:51:09,1.85254,True
2020-02-08 15:51:10,1.9293,True
2020-02-08 15:51:11,2.42128,True
2020-02-08 15:51:12,2.72932,True
2020-02-08 15:51:13,2.39774,True
2020-02-08 15:51:14,2.26,True
2020-02-08 15:51:15,2.46389,True
2020-02-08 15:51:16,2.67101,True
2020-02-08 15:51:17,2.56159,True
2020-02-08 15:51:18,1.81255,True
2020-02-08 15:51:19,2.79781,True
2020-02-08 15:51:20,2.34333,True
2020-02-08 15:51:21,3.07001,True
2020-02-08 15:51:22,2.63222,True
2020-02-08 15:51:23,3.01768,True
2020-02-08 15:51:24,3.0374600000000003,True
2020-02-08 15:51:25,3.05724,True
2020-02-08 15:51:26,2.88935,True
2020-02-08 15:51:27,1.79032,True
2020-02-08 15:51:28,2.64364,True
2020-02-08 15:51:29,3.0562,True
2020-02-08 15:51:30,2.22561,True
2020-02-08 15:51:31,2.48266,True
2020-02-08 15:51:32,2.31148,True
2020-02-08 15:51:33,1.53114,True
2020-02-08 15:51:34,1.60128,True
2020-02-08 15:51:35,2.67664,True
2020-02-08 15:51:36,0.952975,True
2020-02-08 15:51:37,2.52831,True
2020-02-08 15:51:38,2.49576,True
2020-02-08 15:51:39,2.73108,True
2020-02-08 15:51:40,2.63836,True
2020-02-08 15:51:41,2.84751,True
2020-02-08 15:51:42,2.70312,True
2020-02-08 15:51:43,2.40779,True
2020-02-08 15:51:44,2.9088,True
2020-02-08 15:51:45,2.7519,True
2020-02-08 15:51:46,2.72633,True
2020-02-08 15:51:47,2.67501,True
2020-02-08 15:51:48,2.52868,True
2020-02-08 15:51:49,2.38235,True
2020-02-08 15:51:50,3.05574,True
2020-02-08 15:51:51,2.92779,True
2020-02-08 15:51:52,2.70077,True
2020-02-08 15:51:53,2.90895,True
2020-02-08 15:51:54,2.21218,True
2020-02-08 15:51:55,2.07078,True
2020-02-08 15:51:56,1.43693,True
2020-02-08 15:51:57,2.70959,True
2020-02-08 15:51:58,2.55353,True
2020-02-08 15:51:59,2.60306,True
2020-02-08 15:52:00,1.03581,True
2020-02-08 15:52:01,2.74126,True
2020-02-08 15:52:02,2.64165,True
2020-02-08 15:52:03,2.46368,True
2020-02-08 15:52:04,2.56715,True
2020-02-08 15:52:05,2.75819,True
2020-02-08 15:52:06,2.29646,True
2020-02-08 15:52:07,2.77353,True
2020-02-08 15:52:08,2.47621,True
2020-02-08 15:52:09,2.61546,True
2020-02-08 15:52:10,2.83208,True
2020-02-08 15:52:11,2.69196,True
2020-02-08 15:52:12,2.51645,True
2020-02-08 15:52:13,2.7659399999999996,True
2020-02-08 15:52:14,3.01543,True
2020-02-08 15:52:15,2.62586,True
2020-02-08 15:52:16,2.61723,True
2020-02-08 15:52:17,2.61486,True
2020-02-08 15:52:18,2.35566,True
2020-02-08 15:52:19,2.75058,True
2020-02-08 15:52:20,3.03032,True
2020-02-08 15:52:21,2.99756,True
2020-02-08 15:52:22,2.79283,True
2020-02-08 15:52:23,2.49015,True
2020-02-08 15:52:24,2.36647,True
2020-02-08 15:52:25,2.96893,True
2020-02-08 15:52:26,2.68561,True
2020-02-08 15:52:27,2.9851,True
2020-02-08 15:52:28,2.54526,True
2020-02-08 15:52:29,2.65167,True
2020-02-08 15:52:30,2.87615,True
2020-02-08 15:52:31,2.66427,True
2020-02-08 15:52:32,3.00881,True
2020-02-08 15:52:33,2.62103,True
2020-02-08 15:52:34,2.65951,True
2020-02-08 15:52:35,2.69321,True
2020-02-08 15:52:36,3.04274,True
2020-02-08 15:52:37,2.72054,True
2020-02-08 15:52:38,2.902755,True
2020-02-08 15:52:39,3.08497,True
2020-02-08 15:52:40,2.00048,True
2020-02-08 15:52:41,2.29952,True
2020-02-08 15:52:42,2.89191,True
2020-02-08 15:52:43,3.02661,True
2020-02-08 15:52:44,2.81297,True
2020-02-08 15:52:45,2.20823,True
2020-02-08 15:52:46,2.35761,True
2020-02-08 15:52:47,2.21102,True
2020-02-08 15:52:48,2.05406,True
2020-02-08 15:52:49,3.07819,True
2020-02-08 15:52:50,2.28528,True
2020-02-08 15:52:51,2.37679,True
2020-02-08 15:52:52,2.21047,True
2020-02-08 15:52:53,2.15994,True
2020-02-08 15:52:54,2.13262,True
2020-02-08 15:52:55,3.05946,True
2020-02-08 15:52:56,2.93859,True
2020-02-08 15:52:57,2.78172,True
2020-02-08 15:52:58,2.3966,True
2020-02-08 15:52:59,2.02238,True
2020-02-08 15:53:00,2.46298,True
2020-02-08 15:53:01,2.68893,True
2020-02-08 15:53:02,2.6229,True
2020-02-08 15:53:03,1.99857,True
2020-02-08 15:53:04,2.187435,True
2020-02-08 15:53:05,2.3763,True
2020-02-08 15:53:06,2.36418,True
2020-02-08 15:53:07,2.40063,True
2020-02-08 15:53:08,2.17028,True
2020-02-08 15:53:09,2.98628,True
2020-02-08 15:53:10,2.54347,True
2020-02-08 15:53:11,2.8872,True
2020-02-08 15:53:12,2.52675,True
2020-02-08 15:53:13,2.82192,True
2020-02-08 15:53:14,2.66351,True
2020-02-08 15:53:15,2.57705,True
2020-02-08 15:53:16,2.95982,True
2020-02-08 15:53:17,2.62868,True
2020-02-08 15:53:18,2.45049,True
2020-02-08 15:53:19,1.25157,True
2020-02-08 15:53:20,1.90326,True
2020-02-08 15:53:21,2.00099,True
2020-02-08 15:53:22,2.77567,True
2020-02-08 15:53:23,1.85269,True
2020-02-08 15:53:24,2.56284,True
2020-02-08 15:53:25,1.89201,True
2020-02-08 15:53:26,1.90972,True
2020-02-08 15:53:27,2.12954,True
2020-02-08 15:53:28,2.0341,True
2020-02-08 15:53:29,1.982285,True
2020-02-08 15:53:30,1.93047,True
2020-02-08 15:53:31,1.52337,True
2020-02-08 15:53:32,2.56964,True
2020-02-08 15:53:33,1.89311,True
2020-02-08 15:53:34,1.7679,True
2020-02-08 15:53:35,2.90418,True
2020-02-08 15:53:36,1.80617,True
2020-02-08 15:53:37,3.10914,True
2020-02-08 15:53:38,1.65635,True
2020-02-08 15:53:39,1.65008,True
2020-02-08 15:53:40,2.67269,True
2020-02-08 15:53:41,1.51122,True
2020-02-08 15:53:42,2.81067,True
2020-02-08 15:53:43,2.71514,True
2020-02-08 15:53:44,2.45082,True
2020-02-08 15:53:45,1.85749,True
2020-02-08 15:53:46,2.41912,True
2020-02-08 15:53:47,2.73384,True
2020-02-08 15:53:48,1.41642,True
2020-02-08 15:53:49,2.70294,True
2020-02-08 15:53:50,2.48597,True
2020-02-08 15:53:51,2.94293,True
2020-02-08 15:53:52,2.79134,True
2020-02-08 15:53:53,2.5906,True
2020-02-08 15:53:54,2.7712849999999998,True
2020-02-08 15:53:55,2.95197,True
2020-02-08 15:53:56,2.58999,True
2020-02-08 15:53:57,2.69666,True
2020-02-08 15:53:58,2.45196,True
2020-02-08 15:53:59,2.55775,True
2020-02-08 15:54:00,2.65679,True
2020-02-08 15:54:01,2.46317,True
2020-02-08 15:54:02,2.54527,True
2020-02-08 15:54:03,2.79079,True
2020-02-08 15:54:04,2.259,True
2020-02-08 15:54:05,1.11871,True
2020-02-08 15:54:06,2.65333,True
2020-02-08 15:54:07,1.8442,True
2020-02-08 15:54:08,1.85502,True
2020-02-08 15:54:09,2.92507,True
2020-02-08 15:54:10,2.46961,True
2020-02-08 15:54:11,2.29178,True
2020-02-08 15:54:12,2.24796,True
2020-02-08 15:54:13,2.63545,True
2020-02-08 15:54:14,1.93533,True
2020-02-08 15:54:15,2.29644,True
2020-02-08 15:54:16,2.09016,True
2020-02-08 15:54:17,2.68621,True
2020-02-08 15:54:18,1.33272,True
2020-02-08 15:54:19,1.6743649999999999,True
2020-02-08 15:54:20,2.01601,True
2020-02-08 15:54:21,2.67834,True
2020-02-08 15:54:22,2.60828,True
2020-02-08 15:54:23,1.4695,True
2020-02-08 15:54:24,1.43473,True
2020-02-08 15:54:25,1.85295,True
2020-02-08 15:54:26,1.95372,True
2020-02-08 15:54:27,2.49246,True
2020-02-08 15:54:28,2.19886,True
2020-02-08 15:54:29,3.00438,True
2020-02-08 15:54:30,2.26404,True
2020-02-08 15:54:31,1.97761,True
2020-02-08 15:54:32,2.72729,True
2020-02-08 15:54:33,2.64846,True
2020-02-08 15:54:34,2.1799,True
2020-02-08 15:54:35,2.48062,True
2020-02-08 15:54:36,2.43278,True
2020-02-08 15:54:37,2.3366,True
2020-02-08 15:54:38,2.27729,True
2020-02-08 15:54:39,2.73794,True
2020-02-08 15:54:40,2.36987,True
2020-02-08 15:54:41,2.48118,True
2020-02-08 15:54:42,2.5414950000000003,True
2020-02-08 15:54:43,2.60181,True
2020-02-08 15:54:44,2.68409,True
2020-02-08 15:54:45,2.6646,True
2020-02-08 15:54:46,3.02265,True
2020-02-08 15:54:47,3.05211,True
2020-02-08 15:54:48,2.58125,True
2020-02-08 15:54:49,2.58019,True
2020-02-08 15:54:50,3.15204,True
2020-02-08 15:54:51,1.05442,True
2020-02-08 15:54:52,2.95028,True
2020-02-08 15:54:53,2.7103,True
2020-02-08 15:54:54,2.05087,True
2020-02-08 15:54:55,2.94526,True
2020-02-08 15:54:56,2.64564,True
2020-02-08 15:54:57,2.97894,True
2020-02-08 15:54:58,0.966645,True
2020-02-08 15:54:59,3.1157,True
2020-02-08 15:55:00,2.61712,True
2020-02-08 15:55:01,1.53478,True
2020-02-08 15:55:02,2.80302,True
2020-02-08 15:55:03,1.47394,True
2020-02-08 15:55:04,2.7305,True
2020-02-08 15:55:05,2.80082,True
2020-02-08 15:55:06,2.59267,True
2020-02-08 15:55:07,2.5379050000000003,True
2020-02-08 15:55:08,2.48314,True
2020-02-08 15:55:09,0.900075,True
2020-02-08 15:55:10,1.78201,True
2020-02-08 15:55:11,2.53438,True
2020-02-08 15:55:12,2.69541,True
2020-02-08 15:55:13,1.409,True
2020-02-08 15:55:14,2.45242,True
2020-02-08 15:55:15,2.75579,True
2020-02-08 15:55:16,2.80157,True
2020-02-08 15:55:17,0.933676,True
2020-02-08 15:55:18,2.81678,True
2020-02-08 15:55:19,2.50326,True
2020-02-08 15:55:20,2.36519,True
2020-02-08 15:55:21,2.62315,True
2020-02-08 15:55:22,2.86176,True
2020-02-08 15:55:23,2.33776,True
2020-02-08 15:55:24,2.71877,True
2020-02-08 15:55:25,1.72494,True
2020-02-08 15:55:26,2.90505,True
2020-02-08 15:55:27,2.7663,True
2020-02-08 15:55:28,2.63061,True
2020-02-08 15:55:29,2.94767,True
2020-02-08 15:55:30,2.844,True
2020-02-08 15:55:31,3.01238,True
2020-02-08 15:55:32,2.97032,True
2020-02-08 15:55:33,2.92826,True
2020-02-08 15:55:34,1.10894,True
2020-02-08 15:55:35,2.83688,True
2020-02-08 15:55:36,2.88507,True
2020-02-08 15:55:37,2.76505,True
2020-02-08 15:55:38,2.57622,True
2020-02-08 15:55:39,3.22858,True
2020-02-08 15:55:40,2.80597,True
2020-02-08 15:55:41,2.75722,True
2020-02-08 15:55:42,2.94071,True
2020-02-08 15:55:43,3.11824,True
2020-02-08 15:55:44,2.00026,True
2020-02-08 15:55:45,2.92816,True
2020-02-08 15:55:46,2.69212,True
2020-02-08 15:55:47,2.78817,True
2020-02-08 15:55:48,3.07851,True
2020-02-08 15:55:49,2.14546,True
2020-02-08 15:55:50,2.81521,True
2020-02-08 15:55:51,2.7161,True
2020-02-08 15:55:52,0.963222,True
2020-02-08 15:55:53,2.28222,True
2020-02-08 15:55:54,2.18247,True
2020-02-08 15:55:55,2.43885,True
2020-02-08 15:55:56,2.6401649999999997,True
2020-02-08 15:55:57,2.84148,True
2020-02-08 15:55:58,2.64616,True
2020-02-08 15:55:59,2.42498,True
2020-02-08 15:56:00,2.69785,True
2020-02-08 15:56:01,2.59464,True
2020-02-08 15:56:02,2.63504,True
2020-02-08 15:56:03,2.00478,True
2020-02-08 15:56:04,2.4841,True
2020-02-08 15:56:05,2.50352,True
2020-02-08 15:56:06,2.5906,True
2020-02-08 15:56:07,1.32378,True
2020-02-08 15:56:08,2.61773,True
2020-02-08 15:56:09,2.99313,True
2020-02-08 15:56:10,2.7971,True
2020-02-08 15:56:11,1.28127,True
2020-02-08 15:56:12,3.00179,True
2020-02-08 15:56:13,1.55139,True
2020-02-08 15:56:14,2.79433,True
2020-02-08 15:56:15,2.60188,True
2020-02-08 15:56:16,2.81468,True
2020-02-08 15:56:17,2.64542,True
2020-02-08 15:56:18,2.53827,True
2020-02-08 15:56:19,2.92737,True
2020-02-08 15:56:20,2.09668,True
2020-02-08 15:56:21,2.34265,True
2020-02-08 15:56:22,2.58862,True
2020-02-08 15:56:23,1.84195,True
2020-02-08 15:56:24,1.83886,True
2020-02-08 15:56:25,2.003,True
2020-02-08 15:56:26,2.64874,True
2020-02-08 15:56:27,2.56534,True
2020-02-08 15:56:28,1.86106,True
2020-02-08 15:56:29,1.82723,True
2020-02-08 15:56:30,2.73955,True
2020-02-08 15:56:31,2.75602,True
2020-02-08 15:56:32,2.22362,True
2020-02-08 15:56:33,2.5134,True
2020-02-08 15:56:34,1.95696,True
2020-02-08 15:56:35,1.81297,True
2020-02-08 15:56:36,2.85722,True
2020-02-08 15:56:37,2.23898,True
2020-02-08 15:56:38,3.04591,True
2020-02-08 15:56:39,2.09586,True
2020-02-08 15:56:40,2.70879,True
2020-02-08 15:56:41,2.32646,True
2020-02-08 15:56:42,2.95205,True
2020-02-08 15:56:43,2.09623,True
2020-02-08 15:56:44,2.68181,True
2020-02-08 15:56:45,2.64992,True
2020-02-08 15:56:46,2.61803,True
2020-02-08 15:56:47,2.53026,True
2020-02-08 15:56:48,2.73128,True
2020-02-08 15:56:49,1.95512,True
2020-02-08 15:56:50,2.23982,True
2020-02-08 15:56:51,2.62478,True
2020-02-08 15:56:52,2.39484,True
2020-02-08 15:56:53,2.35028,True
2020-02-08 15:56:54,2.23905,True
2020-02-08 15:56:55,2.52447,True
2020-02-08 15:56:56,2.24217,True
2020-02-08 15:56:57,2.64277,True
2020-02-08 15:56:58,0.984135,True
2020-02-08 15:56:59,2.5953,True
2020-02-08 15:57:00,2.69145,True
2020-02-08 15:57:01,2.56,True
2020-02-08 15:57:02,2.56325,True
2020-02-08 15:57:03,2.30933,True
2020-02-08 15:57:04,2.38004,True
2020-02-08 15:57:05,2.29526,True
2020-02-08 15:57:06,2.6289,True
2020-02-08 15:57:07,2.11756,True
2020-02-08 15:57:08,2.74099,True
2020-02-08 15:57:09,2.4552,True
2020-02-08 15:57:10,2.42952,True
2020-02-08 15:57:11,2.40384,True
2020-02-08 15:57:12,2.4801,True
2020-02-08 15:57:13,2.60805,True
2020-02-08 15:57:14,2.67127,True
2020-02-08 15:57:15,2.4941,True
2020-02-08 15:57:16,2.80368,True
2020-02-08 15:57:17,3.0823,True
2020-02-08 15:57:18,2.87052,True
2020-02-08 15:57:19,2.28589,True
2020-02-08 15:57:20,2.65625,True
2020-02-08 15:57:21,3.00303,True
2020-02-08 15:57:22,2.32311,True
2020-02-08 15:57:23,2.7383,True
2020-02-08 15:57:24,2.08123,True
2020-02-08 15:57:25,2.64357,True
2020-02-08 15:57:26,3.00686,True
2020-02-08 15:57:27,1.90843,True
2020-02-08 15:57:28,1.82557,True
2020-02-08 15:57:29,2.64668,True
2020-02-08 15:57:30,3.05383,True
2020-02-08 15:57:31,2.65248,True
2020-02-08 15:57:32,2.54189,True
2020-02-08 15:57:33,2.55983,True
2020-02-08 15:57:34,2.50734,True
2020-02-08 15:57:35,2.2017,True
2020-02-08 15:57:36,2.29124,True
2020-02-08 15:57:37,2.351235,True
2020-02-08 15:57:38,2.41123,True
2020-02-08 15:57:39,2.52014,True
2020-02-08 15:57:40,2.8796,True
2020-02-08 15:57:41,1.82384,True
2020-02-08 15:57:42,1.83499,True
2020-02-08 15:57:43,2.09293,True
2020-02-08 15:57:44,2.43606,True
2020-02-08 15:57:45,3.09696,True
2020-02-08 15:57:46,2.86899,True
2020-02-08 15:57:47,2.52465,True
2020-02-08 15:57:48,2.57245,True
2020-02-08 15:57:49,2.555,True
2020-02-08 15:57:50,3.05772,True
2020-02-08 15:57:51,1.98876,True
2020-02-08 15:57:52,2.94569,True
2020-02-08 15:57:53,2.00767,True
2020-02-08 15:57:54,2.17505,True
2020-02-08 15:57:55,1.70674,True
2020-02-08 15:57:56,2.29374,True
2020-02-08 15:57:57,3.05396,True
2020-02-08 15:57:58,2.53701,True
2020-02-08 15:57:59,2.22004,True
2020-02-08 15:58:00,2.15776,True
2020-02-08 15:58:01,3.17001,True
2020-02-08 15:58:02,2.27391,True
2020-02-08 15:58:03,2.75073,True
2020-02-08 15:58:04,2.8185,True
2020-02-08 15:58:05,2.9197699999999998,True
2020-02-08 15:58:06,3.02104,True
2020-02-08 15:58:07,2.71586,True
2020-02-08 15:58:08,2.40199,True
2020-02-08 15:58:09,1.42547,True
2020-02-08 15:58:10,2.47232,True
2020-02-08 15:58:11,2.82277,True
2020-02-08 15:58:12,2.69524,True
2020-02-08 15:58:13,2.92708,True
2020-02-08 15:58:14,2.94922,True
2020-02-08 15:58:15,2.83509,True
2020-02-08 15:58:16,3.10492,True
2020-02-08 15:58:17,2.78451,True
2020-02-08 15:58:18,3.104,True
2020-02-08 15:58:19,2.80532,True
2020-02-08 15:58:20,2.62549,True
2020-02-08 15:58:21,2.38071,True
2020-02-08 15:58:22,2.66799,True
2020-02-08 15:58:23,2.58688,True
2020-02-08 15:58:24,2.75541,True
2020-02-08 15:58:25,2.00784,True
2020-02-08 15:58:26,2.96744,True
2020-02-08 15:58:27,1.93053,True
2020-02-08 15:58:28,2.53087,True
2020-02-08 15:58:29,2.08134,True
2020-02-08 15:58:30,2.82152,True
2020-02-08 15:58:31,1.15483,True
2020-02-08 15:58:32,2.62598,True
2020-02-08 15:58:33,2.14806,True
2020-02-08 15:58:34,2.505555,True
2020-02-08 15:58:35,2.86305,True
2020-02-08 15:58:36,2.59613,True
2020-02-08 15:58:37,0.921709,True
2020-02-08 15:58:38,2.48666,True
2020-02-08 15:58:39,2.53621,True
2020-02-08 15:58:40,2.3367,True
2020-02-08 15:58:41,1.01957,True
2020-02-08 15:58:42,2.57621,True
2020-02-08 15:58:43,2.6403,True
2020-02-08 15:58:44,2.22486,True
2020-02-08 15:58:45,1.84868,True
2020-02-08 15:58:46,1.9862,True
2020-02-08 15:58:47,1.92452,True
2020-02-08 15:58:48,1.72571,True
2020-02-08 15:58:49,1.93278,True
2020-02-08 15:58:50,1.95101,True
2020-02-08 15:58:51,2.05406,True
2020-02-08 15:58:52,2.15137,True
2020-02-08 15:58:53,2.27014,True
2020-02-08 15:58:54,2.52242,True
2020-02-08 15:58:55,2.37402,True
2020-02-08 15:58:56,2.382,True
2020-02-08 15:58:57,2.61462,True
2020-02-08 15:58:58,2.65536,True
2020-02-08 15:58:59,1.08461,True
2020-02-08 15:59:00,2.62081,True
2020-02-08 15:59:01,2.5964,True
2020-02-08 15:59:02,0.956979,True
2020-02-08 15:59:03,1.7966045,True
2020-02-08 15:59:04,2.63623,True
2020-02-08 15:59:05,2.67923,True
2020-02-08 15:59:06,2.69527,True
2020-02-08 15:59:07,2.17791,True
2020-02-08 15:59:08,2.75694,True
2020-02-08 15:59:09,2.15125,True
2020-02-08 15:59:10,2.92697,True
2020-02-08 15:59:11,2.98952,True
2020-02-08 15:59:12,2.17351,True
2020-02-08 15:59:13,2.63879,True
2020-02-08 15:59:14,2.7559,True
2020-02-08 15:59:15,2.96631,True
2020-02-08 15:59:16,3.08726,True
2020-02-08 15:59:17,2.76528,True
2020-02-08 15:59:18,2.83312,True
2020-02-08 15:59:19,2.73441,True
2020-02-08 15:59:20,1.96393,True
2020-02-08 15:59:21,2.27514,True
2020-02-08 15:59:22,2.45221,True
2020-02-08 15:59:23,2.8123,True
2020-02-08 15:59:24,2.76716,True
2020-02-08 15:59:25,1.71748,True
2020-02-08 15:59:26,2.4425,True
2020-02-08 15:59:27,2.77506,True
2020-02-08 15:59:28,2.6043,True
2020-02-08 15:59:29,1.64503,True
2020-02-08 15:59:30,2.15643,True
2020-02-08 15:59:31,2.66783,True
2020-02-08 15:59:32,2.04348,True
2020-02-08 15:59:33,1.84731,True
2020-02-08 15:59:34,2.31005,True
2020-02-08 15:59:35,2.55937,True
2020-02-08 15:59:36,2.63788,True
2020-02-08 15:59:37,3.0089,True
2020-02-08 15:59:38,1.8287,True
2020-02-08 15:59:39,1.74976,True
2020-02-08 15:59:40,1.95076,True
2020-02-08 15:59:41,1.80757,True
2020-02-08 15:59:42,2.5772,True
2020-02-08 15:59:43,2.45113,True
2020-02-08 15:59:44,2.27092,True
2020-02-08 15:59:45,2.2703,True
2020-02-08 15:59:46,2.35058,True
2020-02-08 15:59:47,2.07946,True
2020-02-08 15:59:48,3.02676,True
2020-02-08 15:59:49,2.1192,True
2020-02-08 15:59:50,2.24865,True
2020-02-08 15:59:51,2.5407,True
2020-02-08 15:59:52,2.33878,True
2020-02-08 15:59:53,2.2082,True
2020-02-08 15:59:54,2.1662,True
2020-02-08 15:59:55,2.63275,True
2020-02-08 15:59:56,2.23168,True
2020-02-08 15:59:57,2.85679,True
2020-02-08 15:59:58,1.95546,True
2020-02-08 15:59:59,2.0022,True
2020-02-08 16:00:00,2.04894,True
2020-02-08 16:00:01,2.10163,True
2020-02-08 16:00:02,2.70589,True
2020-02-08 16:00:03,2.52819,True
2020-02-08 16:00:04,1.30102,True
2020-02-08 16:00:05,1.74545,True
2020-02-08 16:00:06,2.7473,True
2020-02-08 16:00:07,2.74875,True
2020-02-08 16:00:08,2.9665,True
2020-02-08 16:00:09,2.04894,True
2020-02-08 16:00:10,1.3485,True
2020-02-08 16:00:11,2.40054,True
2020-02-08 16:00:12,2.41976,True
2020-02-08 16:00:13,2.50214,True
2020-02-08 16:00:14,2.43869,True
2020-02-08 16:00:15,2.48802,True
2020-02-08 16:00:16,3.01651,True
2020-02-08 16:00:17,2.57815,True
2020-02-08 16:00:18,2.4493,True
2020-02-08 16:00:19,2.6305,True
2020-02-08 16:00:20,2.10027,True
2020-02-08 16:00:21,0.902205,True
2020-02-08 16:00:22,1.8796475,True
2020-02-08 16:00:23,2.85709,True
2020-02-08 16:00:24,2.4598,True
2020-02-08 16:00:25,2.9585,True
2020-02-08 16:00:26,0.955798,True
2020-02-08 16:00:27,2.59544,True
2020-02-08 16:00:28,2.77263,True
2020-02-08 16:00:29,2.65864,True
2020-02-08 16:00:30,3.09421,True
2020-02-08 16:00:31,2.62909,True
2020-02-08 16:00:32,2.51504,True
2020-02-08 16:00:33,2.79793,True
2020-02-08 16:00:34,3.05944,True
2020-02-08 16:00:35,1.03906,True
2020-02-08 16:00:36,2.82015,True
2020-02-08 16:00:37,1.0477,True
2020-02-08 16:00:38,2.71518,True
2020-02-08 16:00:39,0.984071,True
2020-02-08 16:00:40,2.83687,True
2020-02-08 16:00:41,2.69325,True
2020-02-08 16:00:42,2.48936,True
2020-02-08 16:00:43,2.58156,True
2020-02-08 16:00:44,2.47834,True
2020-02-08 16:00:45,2.97821,True
2020-02-08 16:00:46,2.64071,True
2020-02-08 16:00:47,2.4955,False
2020-02-08 16:00:48,2.39276,False
2020-02-08 16:00:49,1.01896,False
2020-02-08 16:00:50,0.991733,False
2020-02-08 16:00:51,0.964506,False
2020-02-08 16:00:52,2.46145,False
2020-02-08 16:00:53,2.27357,False
2020-02-08 16:00:54,2.77027,False
2020-02-08 16:00:55,2.21301,False
2020-02-08 16:00:56,2.72528,False
2020-02-08 16:00:57,1.08428,False
2020-02-08 16:00:58,2.63359,False
2020-02-08 16:00:59,2.10811,False
2020-02-08 16:01:00,2.86369,False
2020-02-08 16:01:01,1.94382,False
2020-02-08 16:01:02,1.82027,False
2020-02-08 16:01:03,2.84126,False
2020-02-08 16:01:04,1.83227,False
2020-02-08 16:01:05,2.45904,False
2020-02-08 16:01:06,2.65715,False
2020-02-08 16:01:07,1.45609,False
2020-02-08 16:01:08,2.44353,False
2020-02-08 16:01:09,2.78205,False
2020-02-08 16:01:10,2.72568,False
2020-02-08 16:01:11,2.42041,False
2020-02-08 16:01:12,2.90776,False
2020-02-08 16:01:13,1.84396,False
2020-02-08 16:01:14,1.04111,False
2020-02-08 16:01:15,2.51665,False
2020-02-08 16:01:16,2.55487,False
2020-02-08 16:01:17,2.541475,False
2020-02-08 16:01:18,2.52808,False
2020-02-08 16:01:19,2.25874,False
2020-02-08 16:01:20,1.94732,False
2020-02-08 16:01:21,1.62859,False
2020-02-08 16:01:22,2.38105,False
2020-02-08 16:01:23,1.56179,False
2020-02-08 16:01:24,1.3553,False
2020-02-08 16:01:25,1.82602,False
2020-02-08 16:01:26,2.91412,False
2020-02-08 16:01:27,2.18747,False
2020-02-08 16:01:28,2.61843,False
2020-02-08 16:01:29,2.65438,False
2020-02-08 16:01:30,2.1847,False
2020-02-08 16:01:31,2.42283,False
2020-02-08 16:01:32,2.37627,False
2020-02-08 16:01:33,2.72237,False
2020-02-08 16:01:34,2.67346,False
2020-02-08 16:01:35,2.57222,False
2020-02-08 16:01:36,2.56589,False
2020-02-08 16:01:37,2.58467,False
2020-02-08 16:01:38,2.71477,False
2020-02-08 16:01:39,3.02716,False
2020-02-08 16:01:40,2.98478,False
2020-02-08 16:01:41,3.14166,False
2020-02-08 16:01:42,1.85262,False
2020-02-08 16:01:43,2.215025,False
2020-02-08 16:01:44,2.57743,False
2020-02-08 16:01:45,2.30051,False
2020-02-08 16:01:46,1.98984,False
