timestamp,temperature_007,trainval
2020-02-08 15:27:27,89.2366,True
2020-02-08 15:27:28,88.7194,True
2020-02-08 15:27:29,88.8682,True
2020-02-08 15:27:30,88.88990000000001,True
2020-02-08 15:27:31,88.9116,True
2020-02-08 15:27:32,88.9729,True
2020-02-08 15:27:33,89.216,True
2020-02-08 15:27:34,89.2338,True
2020-02-08 15:27:35,89.4068,True
2020-02-08 15:27:36,89.1505,True
2020-02-08 15:27:37,89.3097,True
2020-02-08 15:27:38,89.3279,True
2020-02-08 15:27:39,89.3305,True
2020-02-08 15:27:40,89.3038,True
2020-02-08 15:27:41,89.2991,True
2020-02-08 15:27:42,89.4362,True
2020-02-08 15:27:43,89.3147,True
2020-02-08 15:27:44,89.3756,True
2020-02-08 15:27:45,89.4522,True
2020-02-08 15:27:46,89.2986,True
2020-02-08 15:27:47,89.2464,True
2020-02-08 15:27:48,89.4474,True
2020-02-08 15:27:49,89.3454,True
2020-02-08 15:27:50,89.3136,True
2020-02-08 15:27:51,89.37334999999999,True
2020-02-08 15:27:52,89.4331,True
2020-02-08 15:27:53,89.4343,True
2020-02-08 15:27:54,89.4574,True
2020-02-08 15:27:55,89.5595,True
2020-02-08 15:27:56,89.4718,True
2020-02-08 15:27:57,89.5609,True
2020-02-08 15:27:58,89.5331,True
2020-02-08 15:27:59,89.4294,True
2020-02-08 15:28:00,89.4983,True
2020-02-08 15:28:01,89.2312,True
2020-02-08 15:28:02,89.4787,True
2020-02-08 15:28:03,89.3891,True
2020-02-08 15:28:04,89.6023,True
2020-02-08 15:28:05,89.5529,True
2020-02-08 15:28:06,89.4516,True
2020-02-08 15:28:07,88.8943,True
2020-02-08 15:28:08,89.5755,True
2020-02-08 15:28:09,88.831,True
2020-02-08 15:28:10,89.4648,True
2020-02-08 15:28:11,88.9932,True
2020-02-08 15:28:12,88.7897,True
2020-02-08 15:28:13,89.5152,True
2020-02-08 15:28:14,88.7621,True
2020-02-08 15:28:15,88.8763,True
2020-02-08 15:28:16,88.9905,True
2020-02-08 15:28:17,88.9436,True
2020-02-08 15:28:18,88.7437,True
2020-02-08 15:28:19,88.8609,True
2020-02-08 15:28:20,88.9185,True
2020-02-08 15:28:21,88.8529,True
2020-02-08 15:28:22,88.8107,True
2020-02-08 15:28:23,88.8801,True
2020-02-08 15:28:24,88.7683,True
2020-02-08 15:28:25,88.8808,True
2020-02-08 15:28:26,88.9607,True
2020-02-08 15:28:27,88.8251,True
2020-02-08 15:28:28,88.929,True
2020-02-08 15:28:29,88.991,True
2020-02-08 15:28:30,88.8783,True
2020-02-08 15:28:31,88.9264,True
2020-02-08 15:28:32,88.9891,True
2020-02-08 15:28:33,88.97835,True
2020-02-08 15:28:34,88.9676,True
2020-02-08 15:28:35,88.8635,True
2020-02-08 15:28:36,88.8263,True
2020-02-08 15:28:37,88.9614,True
2020-02-08 15:28:38,88.8287,True
2020-02-08 15:28:39,88.6852,True
2020-02-08 15:28:40,89.0059,True
2020-02-08 15:28:41,89.0972,True
2020-02-08 15:28:42,88.7236,True
2020-02-08 15:28:43,88.6302,True
2020-02-08 15:28:44,88.7169,True
2020-02-08 15:28:45,88.7752,True
2020-02-08 15:28:46,89.3556,True
2020-02-08 15:28:47,88.9254,True
2020-02-08 15:28:48,88.5833,True
2020-02-08 15:28:49,89.209,True
2020-02-08 15:28:50,89.2895,True
2020-02-08 15:28:51,89.3814,True
2020-02-08 15:28:52,88.8962,True
2020-02-08 15:28:53,88.9369,True
2020-02-08 15:28:54,88.8227,True
2020-02-08 15:28:55,89.09415,True
2020-02-08 15:28:56,89.3656,True
2020-02-08 15:28:57,89.2963,True
2020-02-08 15:28:58,89.4836,True
2020-02-08 15:28:59,89.4286,True
2020-02-08 15:29:00,89.2524,True
2020-02-08 15:29:01,89.2926,True
2020-02-08 15:29:02,89.3677,True
2020-02-08 15:29:03,89.3285,True
2020-02-08 15:29:04,89.1846,True
2020-02-08 15:29:05,89.3292,True
2020-02-08 15:29:06,89.3701,True
2020-02-08 15:29:07,89.2763,True
2020-02-08 15:29:08,89.3121,True
2020-02-08 15:29:09,89.5755,True
2020-02-08 15:29:10,89.4494,True
2020-02-08 15:29:11,89.4181,True
2020-02-08 15:29:12,89.4725,True
2020-02-08 15:29:13,89.479,True
2020-02-08 15:29:14,89.5477,True
2020-02-08 15:29:15,89.3231,True
2020-02-08 15:29:16,89.5387,True
2020-02-08 15:29:17,89.4732,True
2020-02-08 15:29:18,89.4465,True
2020-02-08 15:29:19,89.45125,True
2020-02-08 15:29:20,89.456,True
2020-02-08 15:29:21,89.2051,True
2020-02-08 15:29:22,89.4414,True
2020-02-08 15:29:23,89.0746,True
2020-02-08 15:29:24,89.5003,True
2020-02-08 15:29:25,88.8068,True
2020-02-08 15:29:26,89.5789,True
2020-02-08 15:29:27,89.2881,True
2020-02-08 15:29:28,89.5233,True
2020-02-08 15:29:29,88.6052,True
2020-02-08 15:29:30,89.5569,True
2020-02-08 15:29:31,89.0952,True
2020-02-08 15:29:32,89.4088,True
2020-02-08 15:29:33,89.604,True
2020-02-08 15:29:34,89.3169,True
2020-02-08 15:29:35,88.9757,True
2020-02-08 15:29:36,88.9387,True
2020-02-08 15:29:37,88.7776,True
2020-02-08 15:29:38,88.8062,True
2020-02-08 15:29:39,88.9561,True
2020-02-08 15:29:40,89.021,True
2020-02-08 15:29:41,88.9735,True
2020-02-08 15:29:42,88.926,True
2020-02-08 15:29:43,89.0179,True
2020-02-08 15:29:44,88.946,True
2020-02-08 15:29:45,88.8956,True
2020-02-08 15:29:46,88.8991,True
2020-02-08 15:29:47,88.8537,True
2020-02-08 15:29:48,88.9571,True
2020-02-08 15:29:49,88.77,True
2020-02-08 15:29:50,88.7833,True
2020-02-08 15:29:51,88.9862,True
2020-02-08 15:29:52,88.9293,True
2020-02-08 15:29:53,88.9059,True
2020-02-08 15:29:54,88.978,True
2020-02-08 15:29:55,88.7214,True
2020-02-08 15:29:56,88.8,True
2020-02-08 15:29:57,88.8722,True
2020-02-08 15:29:58,89.1138,True
2020-02-08 15:29:59,88.9079,True
2020-02-08 15:30:00,88.7821,True
2020-02-08 15:30:01,88.7202,True
2020-02-08 15:30:02,88.9043,True
2020-02-08 15:30:03,88.9346,True
2020-02-08 15:30:04,88.9649,True
2020-02-08 15:30:05,88.8223,True
2020-02-08 15:30:06,89.0532,True
2020-02-08 15:30:07,88.5461,True
2020-02-08 15:30:08,88.7981,True
2020-02-08 15:30:09,88.6786,True
2020-02-08 15:30:10,88.7418,True
2020-02-08 15:30:11,89.0242,True
2020-02-08 15:30:12,88.8243,True
2020-02-08 15:30:13,88.7143,True
2020-02-08 15:30:14,88.8269,True
2020-02-08 15:30:15,88.8635,True
2020-02-08 15:30:16,88.946,True
2020-02-08 15:30:17,88.9099,True
2020-02-08 15:30:18,88.9018,True
2020-02-08 15:30:19,88.7946,True
2020-02-08 15:30:20,88.7612,True
2020-02-08 15:30:21,88.9331,True
2020-02-08 15:30:22,89.2912,True
2020-02-08 15:30:23,89.1383,True
2020-02-08 15:30:24,88.7059,True
2020-02-08 15:30:25,88.9924,True
2020-02-08 15:30:26,89.2789,True
2020-02-08 15:30:27,89.3299,True
2020-02-08 15:30:28,89.2675,True
2020-02-08 15:30:29,89.2644,True
2020-02-08 15:30:30,89.3201,True
2020-02-08 15:30:31,89.4212,True
2020-02-08 15:30:32,89.448,True
2020-02-08 15:30:33,89.3269,True
2020-02-08 15:30:34,89.3517,True
2020-02-08 15:30:35,89.3608,True
2020-02-08 15:30:36,89.1099,True
2020-02-08 15:30:37,89.3245,True
2020-02-08 15:30:38,89.2925,True
2020-02-08 15:30:39,89.2789,True
2020-02-08 15:30:40,89.4318,True
2020-02-08 15:30:41,89.1545,True
2020-02-08 15:30:42,89.4003,True
2020-02-08 15:30:43,89.4337,True
2020-02-08 15:30:44,89.3356,True
2020-02-08 15:30:45,89.4728,True
2020-02-08 15:30:46,89.2933,True
2020-02-08 15:30:47,89.2728,True
2020-02-08 15:30:48,89.2523,True
2020-02-08 15:30:49,89.4464,True
2020-02-08 15:30:50,89.6119,True
2020-02-08 15:30:51,89.3254,True
2020-02-08 15:30:52,89.355,True
2020-02-08 15:30:53,89.286,True
2020-02-08 15:30:54,89.4279,True
2020-02-08 15:30:55,89.2586,True
2020-02-08 15:30:56,89.3586,True
2020-02-08 15:30:57,89.3095,True
2020-02-08 15:30:58,89.3263,True
2020-02-08 15:30:59,89.5622,True
2020-02-08 15:31:00,89.3593,True
2020-02-08 15:31:01,89.5712,True
2020-02-08 15:31:02,89.3229,True
2020-02-08 15:31:03,89.1982,True
2020-02-08 15:31:04,89.3343,True
2020-02-08 15:31:05,89.368,True
2020-02-08 15:31:06,89.3694,True
2020-02-08 15:31:07,89.7072,True
2020-02-08 15:31:08,89.4128,True
2020-02-08 15:31:09,89.45365000000001,True
2020-02-08 15:31:10,89.4945,True
2020-02-08 15:31:11,89.0075,True
2020-02-08 15:31:12,89.6852,True
2020-02-08 15:31:13,88.8206,True
2020-02-08 15:31:14,88.8613,True
2020-02-08 15:31:15,89.6262,True
2020-02-08 15:31:16,89.251,True
2020-02-08 15:31:17,89.0145,True
2020-02-08 15:31:18,88.6683,True
2020-02-08 15:31:19,89.5364,True
2020-02-08 15:31:20,88.8554,True
2020-02-08 15:31:21,89.2508,True
2020-02-08 15:31:22,89.1499,True
2020-02-08 15:31:23,88.9071,True
2020-02-08 15:31:24,88.9272,True
2020-02-08 15:31:25,88.9419,True
2020-02-08 15:31:26,88.9223,True
2020-02-08 15:31:27,88.8887,True
2020-02-08 15:31:28,88.9891,True
2020-02-08 15:31:29,88.8263,True
2020-02-08 15:31:30,88.8731,True
2020-02-08 15:31:31,88.8686,True
2020-02-08 15:31:32,88.89875,True
2020-02-08 15:31:33,88.9289,True
2020-02-08 15:31:34,88.8852,True
2020-02-08 15:31:35,88.9113,True
2020-02-08 15:31:36,89.0853,True
2020-02-08 15:31:37,88.6561,True
2020-02-08 15:31:38,88.7737,True
2020-02-08 15:31:39,88.7264,True
2020-02-08 15:31:40,89.0657,True
2020-02-08 15:31:41,88.6987,True
2020-02-08 15:31:42,88.9793,True
2020-02-08 15:31:43,88.9636,True
2020-02-08 15:31:44,88.9134,True
2020-02-08 15:31:45,88.9521,True
2020-02-08 15:31:46,89.0816,True
2020-02-08 15:31:47,88.8823,True
2020-02-08 15:31:48,88.7168,True
2020-02-08 15:31:49,88.9726,True
2020-02-08 15:31:50,89.1738,True
2020-02-08 15:31:51,88.8911,True
2020-02-08 15:31:52,88.7099,True
2020-02-08 15:31:53,88.9634,True
2020-02-08 15:31:54,89.0241,True
2020-02-08 15:31:55,89.15045,True
2020-02-08 15:31:56,89.2768,True
2020-02-08 15:31:57,88.8363,True
2020-02-08 15:31:58,88.9013,True
2020-02-08 15:31:59,89.2469,True
2020-02-08 15:32:00,88.7065,True
2020-02-08 15:32:01,88.7947,True
2020-02-08 15:32:02,89.3193,True
2020-02-08 15:32:03,89.3639,True
2020-02-08 15:32:04,89.325,True
2020-02-08 15:32:05,88.9688,True
2020-02-08 15:32:06,89.0889,True
2020-02-08 15:32:07,88.904,True
2020-02-08 15:32:08,89.3939,True
2020-02-08 15:32:09,89.4028,True
2020-02-08 15:32:10,89.3811,True
2020-02-08 15:32:11,89.0956,True
2020-02-08 15:32:12,89.2105,True
2020-02-08 15:32:13,88.789,True
2020-02-08 15:32:14,89.4286,True
2020-02-08 15:32:15,89.4072,True
2020-02-08 15:32:16,89.4589,True
2020-02-08 15:32:17,89.50030000000001,True
2020-02-08 15:32:18,89.5417,True
2020-02-08 15:32:19,89.3933,True
2020-02-08 15:32:20,89.3268,True
2020-02-08 15:32:21,89.3701,True
2020-02-08 15:32:22,89.2993,True
2020-02-08 15:32:23,89.2828,True
2020-02-08 15:32:24,89.3544,True
2020-02-08 15:32:25,89.3876,True
2020-02-08 15:32:26,89.4192,True
2020-02-08 15:32:27,89.377,True
2020-02-08 15:32:28,89.3693,True
2020-02-08 15:32:29,89.4429,True
2020-02-08 15:32:30,89.4572,True
2020-02-08 15:32:31,89.5053,True
2020-02-08 15:32:32,89.3921,True
2020-02-08 15:32:33,89.3198,True
2020-02-08 15:32:34,89.5923,True
2020-02-08 15:32:35,89.6648,True
2020-02-08 15:32:36,89.3859,True
2020-02-08 15:32:37,89.4724,True
2020-02-08 15:32:38,89.3471,True
2020-02-08 15:32:39,89.6444,True
2020-02-08 15:32:40,89.3419,True
2020-02-08 15:32:41,89.3149,True
2020-02-08 15:32:42,89.2879,True
2020-02-08 15:32:43,89.6039,True
2020-02-08 15:32:44,89.3415,True
2020-02-08 15:32:45,89.1979,True
2020-02-08 15:32:46,89.2404,True
2020-02-08 15:32:47,89.5378,True
2020-02-08 15:32:48,89.5171,True
2020-02-08 15:32:49,89.6267,True
2020-02-08 15:32:50,89.553,True
2020-02-08 15:32:51,88.9845,True
2020-02-08 15:32:52,89.0467,True
2020-02-08 15:32:53,89.2608,True
2020-02-08 15:32:54,89.1457,True
2020-02-08 15:32:55,89.2579,True
2020-02-08 15:32:56,89.0432,True
2020-02-08 15:32:57,89.0705,True
2020-02-08 15:32:58,89.0227,True
2020-02-08 15:32:59,88.842,True
2020-02-08 15:33:00,88.9467,True
2020-02-08 15:33:01,89.0236,True
2020-02-08 15:33:02,88.9864,True
2020-02-08 15:33:03,88.9884,True
2020-02-08 15:33:04,88.9904,True
2020-02-08 15:33:05,88.8428,True
2020-02-08 15:33:06,88.9425,True
2020-02-08 15:33:07,89.0066,True
2020-02-08 15:33:08,88.9214,True
2020-02-08 15:33:09,88.8616,True
2020-02-08 15:33:10,88.9341,True
2020-02-08 15:33:11,88.9528,True
2020-02-08 15:33:12,88.8289,True
2020-02-08 15:33:13,88.9198,True
2020-02-08 15:33:14,88.998,True
2020-02-08 15:33:15,88.8584,True
2020-02-08 15:33:16,88.6043,True
2020-02-08 15:33:17,88.9868,True
2020-02-08 15:33:18,88.8202,True
2020-02-08 15:33:19,88.9062,True
2020-02-08 15:33:20,88.691,True
2020-02-08 15:33:21,88.8461,True
2020-02-08 15:33:22,89.0913,True
2020-02-08 15:33:23,88.7741,True
2020-02-08 15:33:24,88.9245,True
2020-02-08 15:33:25,88.85985,True
2020-02-08 15:33:26,88.7952,True
2020-02-08 15:33:27,89.0473,True
2020-02-08 15:33:28,88.9546,True
2020-02-08 15:33:29,88.7854,True
2020-02-08 15:33:30,88.9923,True
2020-02-08 15:33:31,89.0909,True
2020-02-08 15:33:32,88.7676,True
2020-02-08 15:33:33,88.7628,True
2020-02-08 15:33:34,89.0188,True
2020-02-08 15:33:35,88.6733,True
2020-02-08 15:33:36,88.965,True
2020-02-08 15:33:37,89.2277,True
2020-02-08 15:33:38,88.8038,True
2020-02-08 15:33:39,88.768,True
2020-02-08 15:33:40,89.2849,True
2020-02-08 15:33:41,89.3383,True
2020-02-08 15:33:42,89.1318,True
2020-02-08 15:33:43,89.2243,True
2020-02-08 15:33:44,89.3786,True
2020-02-08 15:33:45,89.1493,True
2020-02-08 15:33:46,89.3816,True
2020-02-08 15:33:47,89.13415,True
2020-02-08 15:33:48,88.8867,True
2020-02-08 15:33:49,89.2736,True
2020-02-08 15:33:50,89.401,True
2020-02-08 15:33:51,89.2819,True
2020-02-08 15:33:52,89.3395,True
2020-02-08 15:33:53,89.4236,True
2020-02-08 15:33:54,89.3869,True
2020-02-08 15:33:55,89.3578,True
2020-02-08 15:33:56,89.4412,True
2020-02-08 15:33:57,89.2521,True
2020-02-08 15:33:58,89.2618,True
2020-02-08 15:33:59,89.371,True
2020-02-08 15:34:00,89.3455,True
2020-02-08 15:34:01,89.401,True
2020-02-08 15:34:02,89.2746,True
2020-02-08 15:34:03,89.4358,True
2020-02-08 15:34:04,89.3794,True
2020-02-08 15:34:05,89.3187,True
2020-02-08 15:34:06,89.5653,True
2020-02-08 15:34:07,89.5062,True
2020-02-08 15:34:08,89.3496,True
2020-02-08 15:34:09,89.4031,True
2020-02-08 15:34:10,89.7557,True
2020-02-08 15:34:11,89.67255,True
2020-02-08 15:34:12,89.5894,True
2020-02-08 15:34:13,89.4667,True
2020-02-08 15:34:14,89.6968,True
2020-02-08 15:34:15,89.7502,True
2020-02-08 15:34:16,89.636,True
2020-02-08 15:34:17,89.7033,True
2020-02-08 15:34:18,88.9404,True
2020-02-08 15:34:19,89.161,True
2020-02-08 15:34:20,89.4685,True
2020-02-08 15:34:21,89.0045,True
2020-02-08 15:34:22,89.7079,True
2020-02-08 15:34:23,89.0211,True
2020-02-08 15:34:24,89.2504,True
2020-02-08 15:34:25,89.2274,True
2020-02-08 15:34:26,89.0738,True
2020-02-08 15:34:27,88.9546,True
2020-02-08 15:34:28,88.9218,True
2020-02-08 15:34:29,88.962,True
2020-02-08 15:34:30,88.8756,True
2020-02-08 15:34:31,88.8636,True
2020-02-08 15:34:32,88.9183,True
2020-02-08 15:34:33,88.88525,True
2020-02-08 15:34:34,88.8522,True
2020-02-08 15:34:35,88.7511,True
2020-02-08 15:34:36,88.9126,True
2020-02-08 15:34:37,88.9571,True
2020-02-08 15:34:38,88.9728,True
2020-02-08 15:34:39,88.8718,True
2020-02-08 15:34:40,89.0026,True
2020-02-08 15:34:41,88.8063,True
2020-02-08 15:34:42,88.8282,True
2020-02-08 15:34:43,88.9576,True
2020-02-08 15:34:44,89.0069,True
2020-02-08 15:34:45,88.8686,True
2020-02-08 15:34:46,88.982,True
2020-02-08 15:34:47,88.8714,True
2020-02-08 15:34:48,88.9296,True
2020-02-08 15:34:49,88.855,True
2020-02-08 15:34:50,88.9548,True
2020-02-08 15:34:51,89.1372,True
2020-02-08 15:34:52,88.9748,True
2020-02-08 15:34:53,88.7905,True
2020-02-08 15:34:54,88.83875,True
2020-02-08 15:34:55,88.887,True
2020-02-08 15:34:56,88.9316,True
2020-02-08 15:34:57,88.8617,True
2020-02-08 15:34:58,88.888,True
2020-02-08 15:34:59,88.7518,True
2020-02-08 15:35:00,89.027,True
2020-02-08 15:35:01,88.7778,True
2020-02-08 15:35:02,88.8068,True
2020-02-08 15:35:03,88.9355,True
2020-02-08 15:35:04,88.9232,True
2020-02-08 15:35:05,88.8398,True
2020-02-08 15:35:06,88.8084,True
2020-02-08 15:35:07,88.8256,True
2020-02-08 15:35:08,88.813,True
2020-02-08 15:35:09,88.8972,True
2020-02-08 15:35:10,88.9267,True
2020-02-08 15:35:11,88.8699,True
2020-02-08 15:35:12,88.7893,True
2020-02-08 15:35:13,89.2291,True
2020-02-08 15:35:14,88.8965,True
2020-02-08 15:35:15,89.1965,True
2020-02-08 15:35:16,88.9624,True
2020-02-08 15:35:17,89.02459999999999,True
2020-02-08 15:35:18,89.0868,True
2020-02-08 15:35:19,89.3739,True
2020-02-08 15:35:20,88.8944,True
2020-02-08 15:35:21,89.2765,True
2020-02-08 15:35:22,89.268,True
2020-02-08 15:35:23,89.2942,True
2020-02-08 15:35:24,89.4823,True
2020-02-08 15:35:25,89.3674,True
2020-02-08 15:35:26,89.2928,True
2020-02-08 15:35:27,89.3966,True
2020-02-08 15:35:28,89.3462,True
2020-02-08 15:35:29,89.2722,True
2020-02-08 15:35:30,89.4207,True
2020-02-08 15:35:31,89.3929,True
2020-02-08 15:35:32,89.4027,True
2020-02-08 15:35:33,89.4673,True
2020-02-08 15:35:34,89.3626,True
2020-02-08 15:35:35,89.3624,True
2020-02-08 15:35:36,89.3763,True
2020-02-08 15:35:37,89.3778,True
2020-02-08 15:35:38,89.5605,True
2020-02-08 15:35:39,89.4528,True
2020-02-08 15:35:40,89.3451,True
2020-02-08 15:35:41,89.3173,True
2020-02-08 15:35:42,89.4286,True
2020-02-08 15:35:43,89.4042,True
2020-02-08 15:35:44,89.4061,True
2020-02-08 15:35:45,89.2325,True
2020-02-08 15:35:46,89.6079,True
2020-02-08 15:35:47,89.6426,True
2020-02-08 15:35:48,89.39,True
2020-02-08 15:35:49,89.529,True
2020-02-08 15:35:50,89.633,True
2020-02-08 15:35:51,89.6675,True
2020-02-08 15:35:52,89.3649,True
2020-02-08 15:35:53,89.6162,True
2020-02-08 15:35:54,89.4287,True
2020-02-08 15:35:55,89.3357,True
2020-02-08 15:35:56,89.4388,True
2020-02-08 15:35:57,89.6548,True
2020-02-08 15:35:58,89.4597,True
2020-02-08 15:35:59,88.8304,True
2020-02-08 15:36:00,89.1438,True
2020-02-08 15:36:01,89.4572,True
2020-02-08 15:36:02,89.5838,True
2020-02-08 15:36:03,89.4614,True
2020-02-08 15:36:04,89.3662,True
2020-02-08 15:36:05,89.5456,True
2020-02-08 15:36:06,89.4671,True
2020-02-08 15:36:07,88.9364,True
2020-02-08 15:36:08,89.477,True
2020-02-08 15:36:09,89.5347,True
2020-02-08 15:36:10,89.7301,True
2020-02-08 15:36:11,88.785,True
2020-02-08 15:36:12,89.2767,True
2020-02-08 15:36:13,88.8774,True
2020-02-08 15:36:14,89.6742,True
2020-02-08 15:36:15,88.9854,True
2020-02-08 15:36:16,88.9512,True
2020-02-08 15:36:17,89.28,True
2020-02-08 15:36:18,88.9892,True
2020-02-08 15:36:19,88.9772,True
2020-02-08 15:36:20,88.7404,True
2020-02-08 15:36:21,88.8786,True
2020-02-08 15:36:22,88.97095,True
2020-02-08 15:36:23,89.0633,True
2020-02-08 15:36:24,88.9114,True
2020-02-08 15:36:25,88.8572,True
2020-02-08 15:36:26,89.0118,True
2020-02-08 15:36:27,88.8701,True
2020-02-08 15:36:28,89.0136,True
2020-02-08 15:36:29,88.8352,True
2020-02-08 15:36:30,88.7959,True
2020-02-08 15:36:31,89.0537,True
2020-02-08 15:36:32,88.9185,True
2020-02-08 15:36:33,88.9596,True
2020-02-08 15:36:34,89.0333,True
2020-02-08 15:36:35,88.5808,True
2020-02-08 15:36:36,89.0047,True
2020-02-08 15:36:37,89.2062,True
2020-02-08 15:36:38,89.0532,True
2020-02-08 15:36:39,88.6877,True
2020-02-08 15:36:40,88.9449,True
2020-02-08 15:36:41,88.9065,True
2020-02-08 15:36:42,88.7388,True
2020-02-08 15:36:43,89.052,True
2020-02-08 15:36:44,89.0761,True
2020-02-08 15:36:45,89.0372,True
2020-02-08 15:36:46,88.9983,True
2020-02-08 15:36:47,88.7294,True
2020-02-08 15:36:48,88.9888,True
2020-02-08 15:36:49,88.8357,True
2020-02-08 15:36:50,88.7716,True
2020-02-08 15:36:51,88.8149,True
2020-02-08 15:36:52,88.8838,True
2020-02-08 15:36:53,88.8049,True
2020-02-08 15:36:54,88.8459,True
2020-02-08 15:36:55,88.7555,True
2020-02-08 15:36:56,89.2603,True
2020-02-08 15:36:57,88.7965,True
2020-02-08 15:36:58,89.3236,True
2020-02-08 15:36:59,89.41,True
2020-02-08 15:37:00,89.2927,True
2020-02-08 15:37:01,89.5091,True
2020-02-08 15:37:02,89.401,True
2020-02-08 15:37:03,89.2411,True
2020-02-08 15:37:04,89.1991,True
2020-02-08 15:37:05,89.6114,True
2020-02-08 15:37:06,89.2969,True
2020-02-08 15:37:07,89.3544,True
2020-02-08 15:37:08,89.4119,True
2020-02-08 15:37:09,89.4781,True
2020-02-08 15:37:10,89.39,True
2020-02-08 15:37:11,89.4273,True
2020-02-08 15:37:12,89.4619,True
2020-02-08 15:37:13,89.3905,True
2020-02-08 15:37:14,89.4944,True
2020-02-08 15:37:15,89.3319,True
2020-02-08 15:37:16,89.3181,True
2020-02-08 15:37:17,89.3436,True
2020-02-08 15:37:18,89.3846,True
2020-02-08 15:37:19,89.5627,True
2020-02-08 15:37:20,89.4497,True
2020-02-08 15:37:21,89.563,True
2020-02-08 15:37:22,88.9479,True
2020-02-08 15:37:23,89.3933,True
2020-02-08 15:37:24,88.8843,True
2020-02-08 15:37:25,89.5051,True
2020-02-08 15:37:26,89.5861,True
2020-02-08 15:37:27,89.1035,True
2020-02-08 15:37:28,89.28694999999999,True
2020-02-08 15:37:29,89.4704,True
2020-02-08 15:37:30,89.4989,True
2020-02-08 15:37:31,88.8986,True
2020-02-08 15:37:32,88.8867,True
2020-02-08 15:37:33,88.9353,True
2020-02-08 15:37:34,88.8351,True
2020-02-08 15:37:35,88.8806,True
2020-02-08 15:37:36,88.8705,True
2020-02-08 15:37:37,88.8979,True
2020-02-08 15:37:38,88.954,True
2020-02-08 15:37:39,88.8934,True
2020-02-08 15:37:40,88.8573,True
2020-02-08 15:37:41,88.8678,True
2020-02-08 15:37:42,89.0997,True
2020-02-08 15:37:43,88.8912,True
2020-02-08 15:37:44,88.9369,True
2020-02-08 15:37:45,88.9204,True
2020-02-08 15:37:46,88.9736,True
2020-02-08 15:37:47,88.8562,True
2020-02-08 15:37:48,88.8812,True
2020-02-08 15:37:49,88.9431,True
2020-02-08 15:37:50,89.02170000000001,True
2020-02-08 15:37:51,89.1003,True
2020-02-08 15:37:52,88.9608,True
2020-02-08 15:37:53,88.9114,True
2020-02-08 15:37:54,88.7396,True
2020-02-08 15:37:55,88.7226,True
2020-02-08 15:37:56,88.8962,True
2020-02-08 15:37:57,88.954,True
2020-02-08 15:37:58,88.664,True
2020-02-08 15:37:59,88.9582,True
2020-02-08 15:38:00,88.7404,True
2020-02-08 15:38:01,88.8873,True
2020-02-08 15:38:02,89.3891,True
2020-02-08 15:38:03,88.768,True
2020-02-08 15:38:04,89.3302,True
2020-02-08 15:38:05,88.7952,True
2020-02-08 15:38:06,89.0304,True
2020-02-08 15:38:07,89.0222,True
2020-02-08 15:38:08,88.7602,True
2020-02-08 15:38:09,88.7489,True
2020-02-08 15:38:10,89.1143,True
2020-02-08 15:38:11,89.25435,True
2020-02-08 15:38:12,89.3944,True
2020-02-08 15:38:13,89.067,True
2020-02-08 15:38:14,89.2871,True
2020-02-08 15:38:15,89.2207,True
2020-02-08 15:38:16,89.2424,True
2020-02-08 15:38:17,89.0563,True
2020-02-08 15:38:18,89.3855,True
2020-02-08 15:38:19,89.3002,True
2020-02-08 15:38:20,89.2777,True
2020-02-08 15:38:21,89.2129,True
2020-02-08 15:38:22,89.336,True
2020-02-08 15:38:23,89.3655,True
2020-02-08 15:38:24,89.4359,True
2020-02-08 15:38:25,89.3825,True
2020-02-08 15:38:26,89.311,True
2020-02-08 15:38:27,89.2253,True
2020-02-08 15:38:28,89.3422,True
2020-02-08 15:38:29,89.3883,True
2020-02-08 15:38:30,89.4546,True
2020-02-08 15:38:31,89.44505000000001,True
2020-02-08 15:38:32,89.4355,True
2020-02-08 15:38:33,89.395,True
2020-02-08 15:38:34,89.4314,True
2020-02-08 15:38:35,89.3458,True
2020-02-08 15:38:36,89.5481,True
2020-02-08 15:38:37,89.457,True
2020-02-08 15:38:38,89.3572,True
2020-02-08 15:38:39,89.4571,True
2020-02-08 15:38:40,89.6046,True
2020-02-08 15:38:41,89.5676,True
2020-02-08 15:38:42,89.5687,True
2020-02-08 15:38:43,89.4664,True
2020-02-08 15:38:44,89.387,True
2020-02-08 15:38:45,89.3389,True
2020-02-08 15:38:46,89.5319,True
2020-02-08 15:38:47,89.3769,True
2020-02-08 15:38:48,89.3264,True
2020-02-08 15:38:49,89.3811,True
2020-02-08 15:38:50,89.25455,True
2020-02-08 15:38:51,89.128,True
2020-02-08 15:38:52,89.5981,True
2020-02-08 15:38:53,89.3665,True
2020-02-08 15:38:54,89.525,True
2020-02-08 15:38:55,89.4165,True
2020-02-08 15:38:56,89.5789,True
2020-02-08 15:38:57,89.0793,True
2020-02-08 15:38:58,88.8451,True
2020-02-08 15:38:59,89.7943,True
2020-02-08 15:39:00,89.0878,True
2020-02-08 15:39:01,89.3916,True
2020-02-08 15:39:02,88.8956,True
2020-02-08 15:39:03,88.8021,True
2020-02-08 15:39:04,88.9353,True
2020-02-08 15:39:05,89.0413,True
2020-02-08 15:39:06,88.7782,True
2020-02-08 15:39:07,88.7256,True
2020-02-08 15:39:08,88.7503,True
2020-02-08 15:39:09,88.7794,True
2020-02-08 15:39:10,88.8162,True
2020-02-08 15:39:11,89.1291,True
2020-02-08 15:39:12,89.2412,True
2020-02-08 15:39:13,89.08855,True
2020-02-08 15:39:14,88.9359,True
2020-02-08 15:39:15,88.9819,True
2020-02-08 15:39:16,89.0348,True
2020-02-08 15:39:17,88.6588,True
2020-02-08 15:39:18,88.8401,True
2020-02-08 15:39:19,88.9305,True
2020-02-08 15:39:20,88.9365,True
2020-02-08 15:39:21,88.7336,True
2020-02-08 15:39:22,88.8226,True
2020-02-08 15:39:23,88.8563,True
2020-02-08 15:39:24,88.8316,True
2020-02-08 15:39:25,88.9875,True
2020-02-08 15:39:26,88.8243,True
2020-02-08 15:39:27,88.9204,True
2020-02-08 15:39:28,88.9198,True
2020-02-08 15:39:29,88.8044,True
2020-02-08 15:39:30,88.9441,True
2020-02-08 15:39:31,89.0536,True
2020-02-08 15:39:32,88.9247,True
2020-02-08 15:39:33,88.8721,True
2020-02-08 15:39:34,88.8357,True
2020-02-08 15:39:35,88.83279999999999,True
2020-02-08 15:39:36,88.8299,True
2020-02-08 15:39:37,88.7134,True
2020-02-08 15:39:38,88.7386,True
2020-02-08 15:39:39,88.7502,True
2020-02-08 15:39:40,88.7536,True
2020-02-08 15:39:41,88.6144,True
2020-02-08 15:39:42,88.8427,True
2020-02-08 15:39:43,88.7564,True
2020-02-08 15:39:44,88.8069,True
2020-02-08 15:39:45,89.1857,True
2020-02-08 15:39:46,88.8465,True
2020-02-08 15:39:47,89.0846,True
2020-02-08 15:39:48,89.2613,True
2020-02-08 15:39:49,89.1938,True
2020-02-08 15:39:50,88.8896,True
2020-02-08 15:39:51,88.8303,True
2020-02-08 15:39:52,89.3252,True
2020-02-08 15:39:53,89.4221,True
2020-02-08 15:39:54,89.2564,True
2020-02-08 15:39:55,89.3617,True
2020-02-08 15:39:56,89.309,True
2020-02-08 15:39:57,89.2616,True
2020-02-08 15:39:58,89.2142,True
2020-02-08 15:39:59,89.2486,True
2020-02-08 15:40:00,89.2075,True
2020-02-08 15:40:01,89.4791,True
2020-02-08 15:40:02,89.3556,True
2020-02-08 15:40:03,89.4218,True
2020-02-08 15:40:04,89.1397,True
2020-02-08 15:40:05,89.1816,True
2020-02-08 15:40:06,89.3226,True
2020-02-08 15:40:07,89.3468,True
2020-02-08 15:40:08,89.5119,True
2020-02-08 15:40:09,89.4627,True
2020-02-08 15:40:10,89.2923,True
2020-02-08 15:40:11,89.4515,True
2020-02-08 15:40:12,89.1598,True
2020-02-08 15:40:13,89.2107,True
2020-02-08 15:40:14,89.5675,True
2020-02-08 15:40:15,89.5106,True
2020-02-08 15:40:16,89.3873,True
2020-02-08 15:40:17,89.3261,True
2020-02-08 15:40:18,89.4237,True
2020-02-08 15:40:19,89.33619999999999,True
2020-02-08 15:40:20,89.2487,True
2020-02-08 15:40:21,89.4629,True
2020-02-08 15:40:22,89.5304,True
2020-02-08 15:40:23,89.2123,True
2020-02-08 15:40:24,89.7134,True
2020-02-08 15:40:25,89.5562,True
2020-02-08 15:40:26,89.6215,True
2020-02-08 15:40:27,89.2838,True
2020-02-08 15:40:28,89.1892,True
2020-02-08 15:40:29,89.7458,True
2020-02-08 15:40:30,89.446,True
2020-02-08 15:40:31,89.489,True
2020-02-08 15:40:32,89.6745,True
2020-02-08 15:40:33,89.33,True
2020-02-08 15:40:34,89.5393,True
2020-02-08 15:40:35,89.4636,True
2020-02-08 15:40:36,89.0244,True
2020-02-08 15:40:37,89.6473,True
2020-02-08 15:40:38,88.8941,True
2020-02-08 15:40:39,88.9803,True
2020-02-08 15:40:40,88.8636,True
2020-02-08 15:40:41,88.93335,True
2020-02-08 15:40:42,89.0031,True
2020-02-08 15:40:43,88.845,True
2020-02-08 15:40:44,88.9274,True
2020-02-08 15:40:45,88.8057,True
2020-02-08 15:40:46,88.888,True
2020-02-08 15:40:47,88.7509,True
2020-02-08 15:40:48,88.8743,True
2020-02-08 15:40:49,88.7042,True
2020-02-08 15:40:50,88.7878,True
2020-02-08 15:40:51,89.0261,True
2020-02-08 15:40:52,88.8303,True
2020-02-08 15:40:53,88.9355,True
2020-02-08 15:40:54,88.816,True
2020-02-08 15:40:55,88.858,True
2020-02-08 15:40:56,88.9605,True
2020-02-08 15:40:57,88.9448,True
2020-02-08 15:40:58,88.9304,True
2020-02-08 15:40:59,88.9622,True
2020-02-08 15:41:00,88.6865,True
2020-02-08 15:41:01,88.8878,True
2020-02-08 15:41:02,88.9317,True
2020-02-08 15:41:03,88.8964,True
2020-02-08 15:41:04,88.8611,True
2020-02-08 15:41:05,88.5901,True
2020-02-08 15:41:06,88.8204,True
2020-02-08 15:41:07,88.935,True
2020-02-08 15:41:08,88.8604,True
2020-02-08 15:41:09,88.8207,True
2020-02-08 15:41:10,88.6783,True
2020-02-08 15:41:11,88.7845,True
2020-02-08 15:41:12,88.7224,True
2020-02-08 15:41:13,88.7481,True
2020-02-08 15:41:14,88.8506,True
2020-02-08 15:41:15,88.8429,True
2020-02-08 15:41:16,89.2716,True
2020-02-08 15:41:17,88.7502,True
2020-02-08 15:41:18,89.3021,True
2020-02-08 15:41:19,88.6921,True
2020-02-08 15:41:20,88.6,True
2020-02-08 15:41:21,88.94315,True
2020-02-08 15:41:22,89.2863,True
2020-02-08 15:41:23,88.8468,True
2020-02-08 15:41:24,88.8614,True
2020-02-08 15:41:25,89.2242,True
2020-02-08 15:41:26,89.1158,True
2020-02-08 15:41:27,89.3231,True
2020-02-08 15:41:28,89.3805,True
2020-02-08 15:41:29,88.864,True
2020-02-08 15:41:30,89.3187,True
2020-02-08 15:41:31,89.1564,True
2020-02-08 15:41:32,88.992,True
2020-02-08 15:41:33,89.2307,True
2020-02-08 15:41:34,89.3173,True
2020-02-08 15:41:35,89.2908,True
2020-02-08 15:41:36,89.2472,True
2020-02-08 15:41:37,89.405,True
2020-02-08 15:41:38,89.2068,True
2020-02-08 15:41:39,89.3589,True
2020-02-08 15:41:40,89.2616,True
2020-02-08 15:41:41,89.1643,True
2020-02-08 15:41:42,89.3799,True
2020-02-08 15:41:43,89.2781,True
2020-02-08 15:41:44,89.4986,True
2020-02-08 15:41:45,89.4519,True
2020-02-08 15:41:46,89.4135,True
2020-02-08 15:41:47,89.1792,True
2020-02-08 15:41:48,89.5815,True
2020-02-08 15:41:49,89.4689,True
2020-02-08 15:41:50,89.4037,True
2020-02-08 15:41:51,89.5107,True
2020-02-08 15:41:52,89.3767,True
2020-02-08 15:41:53,89.6904,True
2020-02-08 15:41:54,89.2547,True
2020-02-08 15:41:55,89.5094,True
2020-02-08 15:41:56,89.3236,True
2020-02-08 15:41:57,89.4957,True
2020-02-08 15:41:58,89.4561,True
2020-02-08 15:41:59,89.4012,True
2020-02-08 15:42:00,89.5309,True
2020-02-08 15:42:01,89.50335000000001,True
2020-02-08 15:42:02,89.4758,True
2020-02-08 15:42:03,89.1902,True
2020-02-08 15:42:04,89.397,True
2020-02-08 15:42:05,89.1016,True
2020-02-08 15:42:06,88.8985,True
2020-02-08 15:42:07,88.9628,True
2020-02-08 15:42:08,88.8869,True
2020-02-08 15:42:09,89.0239,True
2020-02-08 15:42:10,88.836,True
2020-02-08 15:42:11,89.2624,True
2020-02-08 15:42:12,88.7506,True
2020-02-08 15:42:13,89.3372,True
2020-02-08 15:42:14,88.8697,True
2020-02-08 15:42:15,89.3382,True
2020-02-08 15:42:16,89.3689,True
2020-02-08 15:42:17,88.996,True
2020-02-08 15:42:18,89.4839,True
2020-02-08 15:42:19,89.0506,True
2020-02-08 15:42:20,89.3667,True
2020-02-08 15:42:21,88.8671,True
2020-02-08 15:42:22,89.4695,True
2020-02-08 15:42:23,89.12764999999999,True
2020-02-08 15:42:24,88.7858,True
2020-02-08 15:42:25,88.7257,True
2020-02-08 15:42:26,88.6766,True
2020-02-08 15:42:27,88.7905,True
2020-02-08 15:42:28,88.8842,True
2020-02-08 15:42:29,88.8968,True
2020-02-08 15:42:30,88.8953,True
2020-02-08 15:42:31,88.7874,True
2020-02-08 15:42:32,88.8038,True
2020-02-08 15:42:33,88.7485,True
2020-02-08 15:42:34,88.8826,True
2020-02-08 15:42:35,88.8034,True
2020-02-08 15:42:36,88.7889,True
2020-02-08 15:42:37,88.812,True
2020-02-08 15:42:38,88.89,True
2020-02-08 15:42:39,88.9071,True
2020-02-08 15:42:40,88.8641,True
2020-02-08 15:42:41,88.7364,True
2020-02-08 15:42:42,88.7426,True
2020-02-08 15:42:43,88.731,True
2020-02-08 15:42:44,88.9118,True
2020-02-08 15:42:45,88.90854999999999,True
2020-02-08 15:42:46,88.9053,True
2020-02-08 15:42:47,88.7069,True
2020-02-08 15:42:48,88.5998,True
2020-02-08 15:42:49,88.6635,True
2020-02-08 15:42:50,88.7935,True
2020-02-08 15:42:51,88.6036,True
2020-02-08 15:42:52,88.8022,True
2020-02-08 15:42:53,88.7499,True
2020-02-08 15:42:54,88.6105,True
2020-02-08 15:42:55,88.6611,True
2020-02-08 15:42:56,88.8404,True
2020-02-08 15:42:57,88.7333,True
2020-02-08 15:42:58,88.6719,True
2020-02-08 15:42:59,88.505,True
2020-02-08 15:43:00,88.739,True
2020-02-08 15:43:01,88.7276,True
2020-02-08 15:43:02,88.6116,True
2020-02-08 15:43:03,88.9858,True
2020-02-08 15:43:04,89.0932,True
2020-02-08 15:43:05,89.2151,True
2020-02-08 15:43:06,89.17590000000001,True
2020-02-08 15:43:07,89.1367,True
2020-02-08 15:43:08,89.1671,True
2020-02-08 15:43:09,88.7645,True
2020-02-08 15:43:10,89.2597,True
2020-02-08 15:43:11,89.1962,True
2020-02-08 15:43:12,89.1465,True
2020-02-08 15:43:13,89.1429,True
2020-02-08 15:43:14,89.3162,True
2020-02-08 15:43:15,89.1909,True
2020-02-08 15:43:16,89.2541,True
2020-02-08 15:43:17,89.1918,True
2020-02-08 15:43:18,89.3264,True
2020-02-08 15:43:19,89.199,True
2020-02-08 15:43:20,89.1059,True
2020-02-08 15:43:21,89.261,True
2020-02-08 15:43:22,89.1684,True
2020-02-08 15:43:23,89.3036,True
2020-02-08 15:43:24,89.2216,True
2020-02-08 15:43:25,89.321,True
2020-02-08 15:43:26,89.4213,True
2020-02-08 15:43:27,89.3348,True
2020-02-08 15:43:28,89.3374,True
2020-02-08 15:43:29,89.34,True
2020-02-08 15:43:30,89.5233,True
2020-02-08 15:43:31,89.456,True
2020-02-08 15:43:32,89.4957,True
2020-02-08 15:43:33,89.3092,True
2020-02-08 15:43:34,88.9143,True
2020-02-08 15:43:35,88.8506,True
2020-02-08 15:43:36,89.4605,True
2020-02-08 15:43:37,89.272,True
2020-02-08 15:43:38,88.7139,True
2020-02-08 15:43:39,88.6581,True
2020-02-08 15:43:40,89.3611,True
2020-02-08 15:43:41,89.4711,True
2020-02-08 15:43:42,89.0641,True
2020-02-08 15:43:43,88.8406,True
2020-02-08 15:43:44,88.6216,True
2020-02-08 15:43:45,88.7221,True
2020-02-08 15:43:46,88.7991,True
2020-02-08 15:43:47,88.6124,True
2020-02-08 15:43:48,89.1636,True
2020-02-08 15:43:49,89.0073,True
2020-02-08 15:43:50,88.98310000000001,True
2020-02-08 15:43:51,88.9589,True
2020-02-08 15:43:52,88.8107,True
2020-02-08 15:43:53,88.7733,True
2020-02-08 15:43:54,88.7474,True
2020-02-08 15:43:55,88.8226,True
2020-02-08 15:43:56,88.706,True
2020-02-08 15:43:57,88.6139,True
2020-02-08 15:43:58,88.8763,True
2020-02-08 15:43:59,88.7206,True
2020-02-08 15:44:00,88.8346,True
2020-02-08 15:44:01,88.7552,True
2020-02-08 15:44:02,88.8548,True
2020-02-08 15:44:03,88.8306,True
2020-02-08 15:44:04,88.8329,True
2020-02-08 15:44:05,88.8176,True
2020-02-08 15:44:06,88.6457,True
2020-02-08 15:44:07,88.7081,True
2020-02-08 15:44:08,88.621,True
2020-02-08 15:44:09,88.5217,True
2020-02-08 15:44:10,88.7133,True
2020-02-08 15:44:11,88.74225,True
2020-02-08 15:44:12,88.7712,True
2020-02-08 15:44:13,88.6247,True
2020-02-08 15:44:14,88.7513,True
2020-02-08 15:44:15,89.0747,True
2020-02-08 15:44:16,88.8075,True
2020-02-08 15:44:17,88.7269,True
2020-02-08 15:44:18,89.0236,True
2020-02-08 15:44:19,88.6377,True
2020-02-08 15:44:20,89.1683,True
2020-02-08 15:44:21,88.747,True
2020-02-08 15:44:22,88.5568,True
2020-02-08 15:44:23,88.6315,True
2020-02-08 15:44:24,88.5373,True
2020-02-08 15:44:25,89.0275,True
2020-02-08 15:44:26,89.0423,True
2020-02-08 15:44:27,88.7976,True
2020-02-08 15:44:28,88.79885,True
2020-02-08 15:44:29,88.8001,True
2020-02-08 15:44:30,88.9675,True
2020-02-08 15:44:31,89.168,True
2020-02-08 15:44:32,88.802,True
2020-02-08 15:44:33,88.8254,True
2020-02-08 15:44:34,88.9756,True
2020-02-08 15:44:35,89.1722,True
2020-02-08 15:44:36,89.0765,True
2020-02-08 15:44:37,88.6364,True
2020-02-08 15:44:38,89.1339,True
2020-02-08 15:44:39,89.1835,True
2020-02-08 15:44:40,88.9579,True
2020-02-08 15:44:41,89.1518,True
2020-02-08 15:44:42,89.1883,True
2020-02-08 15:44:43,89.1793,True
2020-02-08 15:44:44,88.9904,True
2020-02-08 15:44:45,89.1048,True
2020-02-08 15:44:46,89.3515,True
2020-02-08 15:44:47,89.1337,True
2020-02-08 15:44:48,89.1369,True
2020-02-08 15:44:49,89.1529,True
2020-02-08 15:44:50,89.16835,True
2020-02-08 15:44:51,89.1838,True
2020-02-08 15:44:52,89.187,True
2020-02-08 15:44:53,89.124,True
2020-02-08 15:44:54,89.4125,True
2020-02-08 15:44:55,89.0943,True
2020-02-08 15:44:56,89.348,True
2020-02-08 15:44:57,89.3919,True
2020-02-08 15:44:58,89.3176,True
2020-02-08 15:44:59,88.9383,True
2020-02-08 15:45:00,89.2943,True
2020-02-08 15:45:01,88.8538,True
2020-02-08 15:45:02,88.5895,True
2020-02-08 15:45:03,88.9914,True
2020-02-08 15:45:04,88.6157,True
2020-02-08 15:45:05,89.0249,True
2020-02-08 15:45:06,88.7008,True
2020-02-08 15:45:07,88.6414,True
2020-02-08 15:45:08,88.8029,True
2020-02-08 15:45:09,88.71175,True
2020-02-08 15:45:10,88.6206,True
2020-02-08 15:45:11,88.7707,True
2020-02-08 15:45:12,88.9878,True
2020-02-08 15:45:13,89.0793,True
2020-02-08 15:45:14,88.7249,True
2020-02-08 15:45:15,88.6763,True
2020-02-08 15:45:16,89.21,True
2020-02-08 15:45:17,88.8212,True
2020-02-08 15:45:18,88.8475,True
2020-02-08 15:45:19,88.7474,True
2020-02-08 15:45:20,88.7521,True
2020-02-08 15:45:21,88.6391,True
2020-02-08 15:45:22,88.6202,True
2020-02-08 15:45:23,88.8384,True
2020-02-08 15:45:24,88.858,True
2020-02-08 15:45:25,88.8782,True
2020-02-08 15:45:26,88.6817,True
2020-02-08 15:45:27,88.726,True
2020-02-08 15:45:28,88.78694999999999,True
2020-02-08 15:45:29,88.8479,True
2020-02-08 15:45:30,88.5955,True
2020-02-08 15:45:31,88.6879,True
2020-02-08 15:45:32,88.6175,True
2020-02-08 15:45:33,88.681,True
2020-02-08 15:45:34,88.5072,True
2020-02-08 15:45:35,88.6912,True
2020-02-08 15:45:36,88.5982,True
2020-02-08 15:45:37,88.8849,True
2020-02-08 15:45:38,88.754,True
2020-02-08 15:45:39,88.6251,True
2020-02-08 15:45:40,88.7915,True
2020-02-08 15:45:41,88.7485,True
2020-02-08 15:45:42,88.7184,True
2020-02-08 15:45:43,88.5365,True
2020-02-08 15:45:44,88.9002,True
2020-02-08 15:45:45,88.9362,True
2020-02-08 15:45:46,89.1943,True
2020-02-08 15:45:47,89.1498,True
2020-02-08 15:45:48,89.13964999999999,True
2020-02-08 15:45:49,89.1295,True
2020-02-08 15:45:50,89.184,True
2020-02-08 15:45:51,89.1632,True
2020-02-08 15:45:52,89.2018,True
2020-02-08 15:45:53,89.1424,True
2020-02-08 15:45:54,89.2383,True
2020-02-08 15:45:55,89.1176,True
2020-02-08 15:45:56,88.632,True
2020-02-08 15:45:57,88.5341,True
2020-02-08 15:45:58,89.2081,True
2020-02-08 15:45:59,89.214,True
2020-02-08 15:46:00,89.0577,True
2020-02-08 15:46:01,89.1637,True
2020-02-08 15:46:02,89.04,True
2020-02-08 15:46:03,89.0432,True
2020-02-08 15:46:04,89.3104,True
2020-02-08 15:46:05,89.2522,True
2020-02-08 15:46:06,89.1389,True
2020-02-08 15:46:07,89.25875,True
2020-02-08 15:46:08,89.3786,True
2020-02-08 15:46:09,89.039,True
2020-02-08 15:46:10,89.1306,True
2020-02-08 15:46:11,89.2982,True
2020-02-08 15:46:12,89.1081,True
2020-02-08 15:46:13,89.4278,True
2020-02-08 15:46:14,89.2307,True
2020-02-08 15:46:15,89.4638,True
2020-02-08 15:46:16,89.5437,True
2020-02-08 15:46:17,89.2921,True
2020-02-08 15:46:18,89.351,True
2020-02-08 15:46:19,89.2824,True
2020-02-08 15:46:20,89.1334,True
2020-02-08 15:46:21,89.0665,True
2020-02-08 15:46:22,89.3604,True
2020-02-08 15:46:23,89.2702,True
2020-02-08 15:46:24,89.489,True
2020-02-08 15:46:25,89.47,True
2020-02-08 15:46:26,89.3514,True
2020-02-08 15:46:27,88.9063,True
2020-02-08 15:46:28,88.96795,True
2020-02-08 15:46:29,89.0296,True
2020-02-08 15:46:30,89.0428,True
2020-02-08 15:46:31,89.3906,True
2020-02-08 15:46:32,88.6848,True
2020-02-08 15:46:33,89.068,True
2020-02-08 15:46:34,89.3495,True
2020-02-08 15:46:35,88.695,True
2020-02-08 15:46:36,89.3865,True
2020-02-08 15:46:37,89.3741,True
2020-02-08 15:46:38,88.8423,True
2020-02-08 15:46:39,88.7238,True
2020-02-08 15:46:40,89.3328,True
2020-02-08 15:46:41,89.0153,True
2020-02-08 15:46:42,88.983,True
2020-02-08 15:46:43,88.6909,True
2020-02-08 15:46:44,88.7602,True
2020-02-08 15:46:45,88.8138,True
2020-02-08 15:46:46,88.7092,True
2020-02-08 15:46:47,88.7009,True
2020-02-08 15:46:48,89.0389,True
2020-02-08 15:46:49,88.7509,True
2020-02-08 15:46:50,89.0059,True
2020-02-08 15:46:51,88.8829,True
2020-02-08 15:46:52,88.7599,True
2020-02-08 15:46:53,88.7862,True
2020-02-08 15:46:54,89.1084,True
2020-02-08 15:46:55,89.1148,True
2020-02-08 15:46:56,88.6217,True
2020-02-08 15:46:57,88.7388,True
2020-02-08 15:46:58,88.881,True
2020-02-08 15:46:59,88.9422,True
2020-02-08 15:47:00,88.784,True
2020-02-08 15:47:01,88.7535,True
2020-02-08 15:47:02,88.6648,True
2020-02-08 15:47:03,88.726,True
2020-02-08 15:47:04,88.8,True
2020-02-08 15:47:05,88.7579,True
2020-02-08 15:47:06,88.895,True
2020-02-08 15:47:07,88.7046,True
2020-02-08 15:47:08,88.754,True
2020-02-08 15:47:09,88.8482,True
2020-02-08 15:47:10,88.7259,True
2020-02-08 15:47:11,88.7712,True
2020-02-08 15:47:12,88.6833,True
2020-02-08 15:47:13,88.74719999999999,True
2020-02-08 15:47:14,88.8111,True
2020-02-08 15:47:15,88.8868,True
2020-02-08 15:47:16,88.9139,True
2020-02-08 15:47:17,88.7152,True
2020-02-08 15:47:18,88.8372,True
2020-02-08 15:47:19,88.9259,True
2020-02-08 15:47:20,88.8173,True
2020-02-08 15:47:21,88.4945,True
2020-02-08 15:47:22,88.8065,True
2020-02-08 15:47:23,88.5907,True
2020-02-08 15:47:24,88.7517,True
2020-02-08 15:47:25,88.781,True
2020-02-08 15:47:26,88.8407,True
2020-02-08 15:47:27,88.7392,True
2020-02-08 15:47:28,88.548,True
2020-02-08 15:47:29,88.6818,True
2020-02-08 15:47:30,88.8122,True
2020-02-08 15:47:31,88.7392,True
2020-02-08 15:47:32,88.9927,True
2020-02-08 15:47:33,88.785,True
2020-02-08 15:47:34,88.6548,True
2020-02-08 15:47:35,88.626,True
2020-02-08 15:47:36,88.5972,True
2020-02-08 15:47:37,88.9966,True
2020-02-08 15:47:38,88.6942,True
2020-02-08 15:47:39,88.4471,True
2020-02-08 15:47:40,88.8035,True
2020-02-08 15:47:41,88.62,True
2020-02-08 15:47:42,88.4596,True
2020-02-08 15:47:43,88.8473,True
2020-02-08 15:47:44,89.2711,True
2020-02-08 15:47:45,88.5953,True
2020-02-08 15:47:46,88.6223,True
2020-02-08 15:47:47,89.3123,True
2020-02-08 15:47:48,88.8989,True
2020-02-08 15:47:49,89.276,True
2020-02-08 15:47:50,88.9872,True
2020-02-08 15:47:51,89.1349,True
2020-02-08 15:47:52,89.1714,True
2020-02-08 15:47:53,89.1891,True
2020-02-08 15:47:54,89.2016,True
2020-02-08 15:47:55,89.23595,True
2020-02-08 15:47:56,89.2703,True
2020-02-08 15:47:57,89.1322,True
2020-02-08 15:47:58,89.1017,True
2020-02-08 15:47:59,89.3271,True
2020-02-08 15:48:00,89.3419,True
2020-02-08 15:48:01,89.2005,True
2020-02-08 15:48:02,89.4203,True
2020-02-08 15:48:03,89.3511,True
2020-02-08 15:48:04,89.3031,True
2020-02-08 15:48:05,89.1918,True
2020-02-08 15:48:06,89.2702,True
2020-02-08 15:48:07,89.2079,True
2020-02-08 15:48:08,89.2472,True
2020-02-08 15:48:09,89.3507,True
2020-02-08 15:48:10,89.266,True
2020-02-08 15:48:11,89.1984,True
2020-02-08 15:48:12,89.2643,True
2020-02-08 15:48:13,89.1704,True
2020-02-08 15:48:14,89.407,True
2020-02-08 15:48:15,89.4443,True
2020-02-08 15:48:16,89.43379999999999,True
2020-02-08 15:48:17,89.4233,True
2020-02-08 15:48:18,89.1218,True
2020-02-08 15:48:19,89.3217,True
2020-02-08 15:48:20,89.2535,True
2020-02-08 15:48:21,89.2949,True
2020-02-08 15:48:22,89.502,True
2020-02-08 15:48:23,88.7487,True
2020-02-08 15:48:24,89.3601,True
2020-02-08 15:48:25,88.8866,True
2020-02-08 15:48:26,88.9419,True
2020-02-08 15:48:27,88.7176,True
2020-02-08 15:48:28,89.101,True
2020-02-08 15:48:29,88.5929,True
2020-02-08 15:48:30,89.4226,True
2020-02-08 15:48:31,88.6914,True
2020-02-08 15:48:32,88.7165,True
2020-02-08 15:48:33,88.8306,True
2020-02-08 15:48:34,88.6465,True
2020-02-08 15:48:35,88.6721,True
2020-02-08 15:48:36,88.77535,True
2020-02-08 15:48:37,88.8786,True
2020-02-08 15:48:38,88.6785,True
2020-02-08 15:48:39,88.7776,True
2020-02-08 15:48:40,88.8013,True
2020-02-08 15:48:41,88.644,True
2020-02-08 15:48:42,88.6173,True
2020-02-08 15:48:43,88.7986,True
2020-02-08 15:48:44,88.643,True
2020-02-08 15:48:45,88.6546,True
2020-02-08 15:48:46,88.6972,True
2020-02-08 15:48:47,88.7302,True
2020-02-08 15:48:48,88.6791,True
2020-02-08 15:48:49,88.8361,True
2020-02-08 15:48:50,88.6928,True
2020-02-08 15:48:51,88.69985,True
2020-02-08 15:48:52,88.7069,True
2020-02-08 15:48:53,88.7418,True
2020-02-08 15:48:54,88.8265,True
2020-02-08 15:48:55,88.8297,True
2020-02-08 15:48:56,88.7681,True
2020-02-08 15:48:57,88.3617,True
2020-02-08 15:48:58,89.0164,True
2020-02-08 15:48:59,88.9268,True
2020-02-08 15:49:00,88.5874,True
2020-02-08 15:49:01,88.7402,True
2020-02-08 15:49:02,88.6348,True
2020-02-08 15:49:03,89.0605,True
2020-02-08 15:49:04,88.9118,True
2020-02-08 15:49:05,88.9463,True
2020-02-08 15:49:06,88.9438,True
2020-02-08 15:49:07,89.1698,True
2020-02-08 15:49:08,88.7705,True
2020-02-08 15:49:09,88.98984999999999,True
2020-02-08 15:49:10,89.2092,True
2020-02-08 15:49:11,89.0683,True
2020-02-08 15:49:12,89.1447,True
2020-02-08 15:49:13,89.36,True
2020-02-08 15:49:14,88.9538,True
2020-02-08 15:49:15,89.119,True
2020-02-08 15:49:16,89.1441,True
2020-02-08 15:49:17,89.2692,True
2020-02-08 15:49:18,89.0236,True
2020-02-08 15:49:19,89.1682,True
2020-02-08 15:49:20,89.2942,True
2020-02-08 15:49:21,89.1902,True
2020-02-08 15:49:22,89.3223,True
2020-02-08 15:49:23,89.2536,True
2020-02-08 15:49:24,89.351,True
2020-02-08 15:49:25,89.2762,True
2020-02-08 15:49:26,89.2896,True
2020-02-08 15:49:27,89.4051,True
2020-02-08 15:49:28,89.2087,True
2020-02-08 15:49:29,89.21064999999999,True
2020-02-08 15:49:30,89.2126,True
2020-02-08 15:49:31,89.1556,True
2020-02-08 15:49:32,89.3016,True
2020-02-08 15:49:33,89.219,True
2020-02-08 15:49:34,89.308,True
2020-02-08 15:49:35,89.2094,True
2020-02-08 15:49:36,89.3247,True
2020-02-08 15:49:37,89.0809,True
2020-02-08 15:49:38,89.315,True
2020-02-08 15:49:39,89.3947,True
2020-02-08 15:49:40,89.1126,True
2020-02-08 15:49:41,89.3005,True
2020-02-08 15:49:42,88.8464,True
2020-02-08 15:49:43,88.6634,True
2020-02-08 15:49:44,89.4642,True
2020-02-08 15:49:45,88.7024,True
2020-02-08 15:49:46,88.6979,True
2020-02-08 15:49:47,88.7243,True
2020-02-08 15:49:48,88.6967,True
2020-02-08 15:49:49,88.6881,True
2020-02-08 15:49:50,88.6521,True
2020-02-08 15:49:51,88.65045,True
2020-02-08 15:49:52,88.6488,True
2020-02-08 15:49:53,88.8424,True
2020-02-08 15:49:54,88.7411,True
2020-02-08 15:49:55,89.0838,True
2020-02-08 15:49:56,88.7399,True
2020-02-08 15:49:57,88.7533,True
2020-02-08 15:49:58,88.8658,True
2020-02-08 15:49:59,88.6499,True
2020-02-08 15:50:00,88.7262,True
2020-02-08 15:50:01,88.7743,True
2020-02-08 15:50:02,88.8559,True
2020-02-08 15:50:03,88.5475,True
2020-02-08 15:50:04,88.716,True
2020-02-08 15:50:05,88.8477,True
2020-02-08 15:50:06,88.5691,True
2020-02-08 15:50:07,88.7078,True
2020-02-08 15:50:08,88.7839,True
2020-02-08 15:50:09,88.59,True
2020-02-08 15:50:10,88.6127,True
2020-02-08 15:50:11,88.8067,True
2020-02-08 15:50:12,88.6055,True
2020-02-08 15:50:13,88.5433,True
2020-02-08 15:50:14,88.6361,True
2020-02-08 15:50:15,88.7289,True
2020-02-08 15:50:16,88.6649,True
2020-02-08 15:50:17,88.5902,True
2020-02-08 15:50:18,88.7412,True
2020-02-08 15:50:19,88.6767,True
2020-02-08 15:50:20,88.4741,True
2020-02-08 15:50:21,88.5518,True
2020-02-08 15:50:22,88.69,True
2020-02-08 15:50:23,89.1116,True
2020-02-08 15:50:24,88.5502,True
2020-02-08 15:50:25,88.7766,True
2020-02-08 15:50:26,89.0622,True
2020-02-08 15:50:27,88.5576,True
2020-02-08 15:50:28,88.5799,True
2020-02-08 15:50:29,89.0431,True
2020-02-08 15:50:30,89.1945,True
2020-02-08 15:50:31,89.1137,True
2020-02-08 15:50:32,89.2369,True
2020-02-08 15:50:33,89.117,True
2020-02-08 15:50:34,89.1607,True
2020-02-08 15:50:35,89.1313,True
2020-02-08 15:50:36,89.0914,True
2020-02-08 15:50:37,89.11095,True
2020-02-08 15:50:38,89.1305,True
2020-02-08 15:50:39,89.0999,True
2020-02-08 15:50:40,89.1179,True
2020-02-08 15:50:41,89.1437,True
2020-02-08 15:50:42,89.1586,True
2020-02-08 15:50:43,89.1081,True
2020-02-08 15:50:44,89.2202,True
2020-02-08 15:50:45,89.2082,True
2020-02-08 15:50:46,89.3461,True
2020-02-08 15:50:47,89.234,True
2020-02-08 15:50:48,89.3254,True
2020-02-08 15:50:49,89.2603,True
2020-02-08 15:50:50,89.3561,True
2020-02-08 15:50:51,89.2739,True
2020-02-08 15:50:52,89.3101,True
2020-02-08 15:50:53,89.1492,True
2020-02-08 15:50:54,89.0844,True
2020-02-08 15:50:55,89.4488,True
2020-02-08 15:50:56,89.0117,True
2020-02-08 15:50:57,89.1976,True
2020-02-08 15:50:58,89.3006,True
2020-02-08 15:50:59,89.0361,True
2020-02-08 15:51:00,89.2221,True
2020-02-08 15:51:01,89.18549999999999,True
2020-02-08 15:51:02,89.1489,True
2020-02-08 15:51:03,89.1049,True
2020-02-08 15:51:04,88.6991,True
2020-02-08 15:51:05,89.3584,True
2020-02-08 15:51:06,88.5107,True
2020-02-08 15:51:07,89.18,True
2020-02-08 15:51:08,88.5857,True
2020-02-08 15:51:09,89.0548,True
2020-02-08 15:51:10,89.1866,True
2020-02-08 15:51:11,88.6155,True
2020-02-08 15:51:12,89.3482,True
2020-02-08 15:51:13,89.4103,True
2020-02-08 15:51:14,88.7897,True
2020-02-08 15:51:15,88.6238,True
2020-02-08 15:51:16,88.5937,True
2020-02-08 15:51:17,88.7247,True
2020-02-08 15:51:18,88.6155,True
2020-02-08 15:51:19,88.7038,True
2020-02-08 15:51:20,88.5356,True
2020-02-08 15:51:21,88.7036,True
2020-02-08 15:51:22,88.809,True
2020-02-08 15:51:23,88.585,True
2020-02-08 15:51:24,88.7319,True
2020-02-08 15:51:25,88.8788,True
2020-02-08 15:51:26,88.6924,True
2020-02-08 15:51:27,88.6439,True
2020-02-08 15:51:28,88.7113,True
2020-02-08 15:51:29,88.6413,True
2020-02-08 15:51:30,88.5691,True
2020-02-08 15:51:31,88.698,True
2020-02-08 15:51:32,88.6819,True
2020-02-08 15:51:33,88.9025,True
2020-02-08 15:51:34,88.4277,True
2020-02-08 15:51:35,88.6038,True
2020-02-08 15:51:36,88.7065,True
2020-02-08 15:51:37,88.7064,True
2020-02-08 15:51:38,88.6855,True
2020-02-08 15:51:39,88.521,True
2020-02-08 15:51:40,88.6285,True
2020-02-08 15:51:41,88.8325,True
2020-02-08 15:51:42,88.4514,True
2020-02-08 15:51:43,88.4587,True
2020-02-08 15:51:44,88.4858,True
2020-02-08 15:51:45,88.6128,True
2020-02-08 15:51:46,88.5884,True
2020-02-08 15:51:47,88.9801,True
2020-02-08 15:51:48,88.9893,True
2020-02-08 15:51:49,88.9985,True
2020-02-08 15:51:50,89.0843,True
2020-02-08 15:51:51,88.6973,True
2020-02-08 15:51:52,89.1504,True
2020-02-08 15:51:53,89.2186,True
2020-02-08 15:51:54,89.1591,True
2020-02-08 15:51:55,89.2291,True
2020-02-08 15:51:56,89.0963,True
2020-02-08 15:51:57,89.1817,True
2020-02-08 15:51:58,89.3089,True
2020-02-08 15:51:59,88.9838,True
2020-02-08 15:52:00,89.1966,True
2020-02-08 15:52:01,89.2362,True
2020-02-08 15:52:02,89.026,True
2020-02-08 15:52:03,89.2775,True
2020-02-08 15:52:04,89.1201,True
2020-02-08 15:52:05,89.2157,True
2020-02-08 15:52:06,89.4607,True
2020-02-08 15:52:07,89.382,True
2020-02-08 15:52:08,89.3021,True
2020-02-08 15:52:09,89.4396,True
2020-02-08 15:52:10,89.4094,True
2020-02-08 15:52:11,89.1481,True
2020-02-08 15:52:12,89.1649,True
2020-02-08 15:52:13,89.1293,True
2020-02-08 15:52:14,89.0937,True
2020-02-08 15:52:15,89.4011,True
2020-02-08 15:52:16,89.1638,True
2020-02-08 15:52:17,89.0062,True
2020-02-08 15:52:18,89.3337,True
2020-02-08 15:52:19,89.0934,True
2020-02-08 15:52:20,89.2173,True
2020-02-08 15:52:21,89.0166,True
2020-02-08 15:52:22,89.2672,True
2020-02-08 15:52:23,89.1258,True
2020-02-08 15:52:24,89.2211,True
2020-02-08 15:52:25,88.7315,True
2020-02-08 15:52:26,89.5209,True
2020-02-08 15:52:27,89.3678,True
2020-02-08 15:52:28,89.3023,True
2020-02-08 15:52:29,88.9904,True
2020-02-08 15:52:30,89.0407,True
2020-02-08 15:52:31,89.3826,True
2020-02-08 15:52:32,88.9743,True
2020-02-08 15:52:33,89.2378,True
2020-02-08 15:52:34,88.8434,True
2020-02-08 15:52:35,88.6572,True
2020-02-08 15:52:36,88.6657,True
2020-02-08 15:52:37,88.7316,True
2020-02-08 15:52:38,88.61855,True
2020-02-08 15:52:39,88.5055,True
2020-02-08 15:52:40,88.7441,True
2020-02-08 15:52:41,88.6089,True
2020-02-08 15:52:42,88.5724,True
2020-02-08 15:52:43,88.5422,True
2020-02-08 15:52:44,88.6611,True
2020-02-08 15:52:45,88.7337,True
2020-02-08 15:52:46,88.7028,True
2020-02-08 15:52:47,88.5349,True
2020-02-08 15:52:48,88.5815,True
2020-02-08 15:52:49,88.6284,True
2020-02-08 15:52:50,88.646,True
2020-02-08 15:52:51,88.6804,True
2020-02-08 15:52:52,88.6439,True
2020-02-08 15:52:53,88.4819,True
2020-02-08 15:52:54,88.6643,True
2020-02-08 15:52:55,88.5717,True
2020-02-08 15:52:56,88.6906,True
2020-02-08 15:52:57,88.7003,True
2020-02-08 15:52:58,88.6641,True
2020-02-08 15:52:59,88.5467,True
2020-02-08 15:53:00,88.5815,True
2020-02-08 15:53:01,88.4558,True
2020-02-08 15:53:02,88.5291,True
2020-02-08 15:53:03,88.5821,True
2020-02-08 15:53:04,88.80879999999999,True
2020-02-08 15:53:05,89.0355,True
2020-02-08 15:53:06,88.6194,True
2020-02-08 15:53:07,88.5781,True
2020-02-08 15:53:08,88.5687,True
2020-02-08 15:53:09,89.0393,True
2020-02-08 15:53:10,88.7658,True
2020-02-08 15:53:11,88.5598,True
2020-02-08 15:53:12,89.0755,True
2020-02-08 15:53:13,89.0823,True
2020-02-08 15:53:14,88.5031,True
2020-02-08 15:53:15,89.0929,True
2020-02-08 15:53:16,89.0534,True
2020-02-08 15:53:17,89.0465,True
2020-02-08 15:53:18,89.076,True
2020-02-08 15:53:19,89.0548,True
2020-02-08 15:53:20,89.0772,True
2020-02-08 15:53:21,89.1348,True
2020-02-08 15:53:22,88.9752,True
2020-02-08 15:53:23,89.0836,True
2020-02-08 15:53:24,89.0752,True
2020-02-08 15:53:25,89.1354,True
2020-02-08 15:53:26,89.1353,True
2020-02-08 15:53:27,89.2016,True
2020-02-08 15:53:28,89.033,True
2020-02-08 15:53:29,89.03215,True
2020-02-08 15:53:30,89.0313,True
2020-02-08 15:53:31,89.1537,True
2020-02-08 15:53:32,89.167,True
2020-02-08 15:53:33,89.0965,True
2020-02-08 15:53:34,89.0787,True
2020-02-08 15:53:35,89.2487,True
2020-02-08 15:53:36,89.0554,True
2020-02-08 15:53:37,89.1348,True
2020-02-08 15:53:38,89.205,True
2020-02-08 15:53:39,89.198,True
2020-02-08 15:53:40,89.0398,True
2020-02-08 15:53:41,88.9804,True
2020-02-08 15:53:42,89.4567,True
2020-02-08 15:53:43,89.3435,True
2020-02-08 15:53:44,89.2377,True
2020-02-08 15:53:45,89.3435,True
2020-02-08 15:53:46,89.2105,True
2020-02-08 15:53:47,89.3332,True
2020-02-08 15:53:48,88.9804,True
2020-02-08 15:53:49,89.0441,True
2020-02-08 15:53:50,89.3439,True
2020-02-08 15:53:51,89.1327,True
2020-02-08 15:53:52,89.2003,True
2020-02-08 15:53:53,89.3701,True
2020-02-08 15:53:54,89.01735,True
2020-02-08 15:53:55,88.6646,True
2020-02-08 15:53:56,89.2331,True
2020-02-08 15:53:57,88.8613,True
2020-02-08 15:53:58,89.274,True
2020-02-08 15:53:59,88.5035,True
2020-02-08 15:54:00,88.7172,True
2020-02-08 15:54:01,88.8042,True
2020-02-08 15:54:02,88.7862,True
2020-02-08 15:54:03,88.6416,True
2020-02-08 15:54:04,88.6835,True
2020-02-08 15:54:05,88.6127,True
2020-02-08 15:54:06,88.7655,True
2020-02-08 15:54:07,88.9982,True
2020-02-08 15:54:08,88.6005,True
2020-02-08 15:54:09,88.6963,True
2020-02-08 15:54:10,88.5084,True
2020-02-08 15:54:11,88.8528,True
2020-02-08 15:54:12,88.6541,True
2020-02-08 15:54:13,88.7821,True
2020-02-08 15:54:14,88.4577,True
2020-02-08 15:54:15,88.6433,True
2020-02-08 15:54:16,88.8137,True
2020-02-08 15:54:17,88.6226,True
2020-02-08 15:54:18,88.6156,True
2020-02-08 15:54:19,88.6762,True
2020-02-08 15:54:20,88.7368,True
2020-02-08 15:54:21,88.5951,True
2020-02-08 15:54:22,88.6012,True
2020-02-08 15:54:23,88.6003,True
2020-02-08 15:54:24,88.6752,True
2020-02-08 15:54:25,88.5416,True
2020-02-08 15:54:26,88.6712,True
2020-02-08 15:54:27,88.6708,True
2020-02-08 15:54:28,88.7004,True
2020-02-08 15:54:29,88.5848,True
2020-02-08 15:54:30,88.6136,True
2020-02-08 15:54:31,88.7001,True
2020-02-08 15:54:32,88.7935,True
2020-02-08 15:54:33,88.4516,True
2020-02-08 15:54:34,88.4572,True
2020-02-08 15:54:35,88.5787,True
2020-02-08 15:54:36,88.4903,True
2020-02-08 15:54:37,88.5706,True
2020-02-08 15:54:38,88.5036,True
2020-02-08 15:54:39,88.4959,True
2020-02-08 15:54:40,88.3994,True
2020-02-08 15:54:41,88.6314,True
2020-02-08 15:54:42,88.5618,True
2020-02-08 15:54:43,88.4922,True
2020-02-08 15:54:44,88.6959,True
2020-02-08 15:54:45,88.6669,True
2020-02-08 15:54:46,88.7276,True
2020-02-08 15:54:47,88.5477,True
2020-02-08 15:54:48,88.8216,True
2020-02-08 15:54:49,88.5582,True
2020-02-08 15:54:50,88.8514,True
2020-02-08 15:54:51,88.9251,True
2020-02-08 15:54:52,88.6091,True
2020-02-08 15:54:53,88.5421,True
2020-02-08 15:54:54,88.5734,True
2020-02-08 15:54:55,88.6115,True
2020-02-08 15:54:56,89.054,True
2020-02-08 15:54:57,89.0542,True
2020-02-08 15:54:58,88.4364,True
2020-02-08 15:54:59,88.8392,True
2020-02-08 15:55:00,89.127,True
2020-02-08 15:55:01,89.1184,True
2020-02-08 15:55:02,89.0294,True
2020-02-08 15:55:03,89.1388,True
2020-02-08 15:55:04,89.0102,True
2020-02-08 15:55:05,88.9368,True
2020-02-08 15:55:06,89.116,True
2020-02-08 15:55:07,89.15305000000001,True
2020-02-08 15:55:08,89.1901,True
2020-02-08 15:55:09,89.1478,True
2020-02-08 15:55:10,89.1958,True
2020-02-08 15:55:11,88.9133,True
2020-02-08 15:55:12,88.8223,True
2020-02-08 15:55:13,88.8313,True
2020-02-08 15:55:14,88.9923,True
2020-02-08 15:55:15,89.1334,True
2020-02-08 15:55:16,89.0923,True
2020-02-08 15:55:17,89.1906,True
2020-02-08 15:55:18,88.9863,True
2020-02-08 15:55:19,89.099,True
2020-02-08 15:55:20,89.0402,True
2020-02-08 15:55:21,89.0188,True
2020-02-08 15:55:22,89.1965,True
2020-02-08 15:55:23,89.1898,True
2020-02-08 15:55:24,89.1411,True
2020-02-08 15:55:25,89.2959,True
2020-02-08 15:55:26,89.3125,True
2020-02-08 15:55:27,89.1025,True
2020-02-08 15:55:28,89.2661,True
2020-02-08 15:55:29,89.1864,True
2020-02-08 15:55:30,89.2931,True
2020-02-08 15:55:31,89.2874,True
2020-02-08 15:55:32,89.23055,True
2020-02-08 15:55:33,89.1737,True
2020-02-08 15:55:34,89.1678,True
2020-02-08 15:55:35,89.1788,True
2020-02-08 15:55:36,88.7331,True
2020-02-08 15:55:37,88.7876,True
2020-02-08 15:55:38,88.5985,True
2020-02-08 15:55:39,88.9852,True
2020-02-08 15:55:40,88.5824,True
2020-02-08 15:55:41,88.4479,True
2020-02-08 15:55:42,88.8274,True
2020-02-08 15:55:43,89.2034,True
2020-02-08 15:55:44,88.6439,True
2020-02-08 15:55:45,88.5916,True
2020-02-08 15:55:46,88.6855,True
2020-02-08 15:55:47,88.8479,True
2020-02-08 15:55:48,88.544,True
2020-02-08 15:55:49,88.5979,True
2020-02-08 15:55:50,88.6111,True
2020-02-08 15:55:51,88.6379,True
2020-02-08 15:55:52,88.5733,True
2020-02-08 15:55:53,88.6409,True
2020-02-08 15:55:54,88.8498,True
2020-02-08 15:55:55,88.4268,True
2020-02-08 15:55:56,88.47075000000001,True
2020-02-08 15:55:57,88.5147,True
2020-02-08 15:55:58,88.6746,True
2020-02-08 15:55:59,88.6407,True
2020-02-08 15:56:00,88.4886,True
2020-02-08 15:56:01,88.6769,True
2020-02-08 15:56:02,88.7317,True
2020-02-08 15:56:03,88.5096,True
2020-02-08 15:56:04,88.5419,True
2020-02-08 15:56:05,88.681,True
2020-02-08 15:56:06,89.1736,True
2020-02-08 15:56:07,88.8349,True
2020-02-08 15:56:08,88.8383,True
2020-02-08 15:56:09,88.8821,True
2020-02-08 15:56:10,88.53,True
2020-02-08 15:56:11,88.4687,True
2020-02-08 15:56:12,88.9964,True
2020-02-08 15:56:13,88.5368,True
2020-02-08 15:56:14,88.7183,True
2020-02-08 15:56:15,88.5837,True
2020-02-08 15:56:16,88.9859,True
2020-02-08 15:56:17,89.0049,True
2020-02-08 15:56:18,88.9402,True
2020-02-08 15:56:19,89.0602,True
2020-02-08 15:56:20,89.147,True
2020-02-08 15:56:21,89.09955,True
2020-02-08 15:56:22,89.0521,True
2020-02-08 15:56:23,88.8904,True
2020-02-08 15:56:24,89.1187,True
2020-02-08 15:56:25,89.1245,True
2020-02-08 15:56:26,89.1304,True
2020-02-08 15:56:27,89.2493,True
2020-02-08 15:56:28,89.0978,True
2020-02-08 15:56:29,89.1445,True
2020-02-08 15:56:30,89.4519,True
2020-02-08 15:56:31,88.8097,True
2020-02-08 15:56:32,89.0719,True
2020-02-08 15:56:33,89.1389,True
2020-02-08 15:56:34,88.7256,True
2020-02-08 15:56:35,89.4023,True
2020-02-08 15:56:36,88.6548,True
2020-02-08 15:56:37,89.5385,True
2020-02-08 15:56:38,89.2481,True
2020-02-08 15:56:39,89.2481,True
2020-02-08 15:56:40,88.9283,True
2020-02-08 15:56:41,88.6908,True
2020-02-08 15:56:42,88.5803,True
2020-02-08 15:56:43,89.2283,True
2020-02-08 15:56:44,89.2276,True
2020-02-08 15:56:45,88.88579999999999,True
2020-02-08 15:56:46,88.544,True
2020-02-08 15:56:47,88.5186,True
2020-02-08 15:56:48,88.7489,True
2020-02-08 15:56:49,88.5664,True
2020-02-08 15:56:50,88.6445,True
2020-02-08 15:56:51,88.9663,True
2020-02-08 15:56:52,88.5842,True
2020-02-08 15:56:53,88.7635,True
2020-02-08 15:56:54,88.7401,True
2020-02-08 15:56:55,88.4777,True
2020-02-08 15:56:56,88.508,True
2020-02-08 15:56:57,88.4666,True
2020-02-08 15:56:58,88.563,True
2020-02-08 15:56:59,88.6274,True
2020-02-08 15:57:00,88.5822,True
2020-02-08 15:57:01,88.4967,True
2020-02-08 15:57:02,88.6598,True
2020-02-08 15:57:03,88.7575,True
2020-02-08 15:57:04,88.5745,True
2020-02-08 15:57:05,88.5851,True
2020-02-08 15:57:06,88.5858,True
2020-02-08 15:57:07,88.5754,True
2020-02-08 15:57:08,88.687,True
2020-02-08 15:57:09,88.757,True
2020-02-08 15:57:10,88.67555,True
2020-02-08 15:57:11,88.5941,True
2020-02-08 15:57:12,88.6702,True
2020-02-08 15:57:13,88.5084,True
2020-02-08 15:57:14,88.5931,True
2020-02-08 15:57:15,88.4515,True
2020-02-08 15:57:16,88.6467,True
2020-02-08 15:57:17,88.3848,True
2020-02-08 15:57:18,88.6294,True
2020-02-08 15:57:19,88.5818,True
2020-02-08 15:57:20,88.8791,True
2020-02-08 15:57:21,88.8706,True
2020-02-08 15:57:22,88.338,True
2020-02-08 15:57:23,88.5215,True
2020-02-08 15:57:24,88.5822,True
2020-02-08 15:57:25,88.9744,True
2020-02-08 15:57:26,88.5227,True
2020-02-08 15:57:27,88.4167,True
2020-02-08 15:57:28,88.5845,True
2020-02-08 15:57:29,88.8138,True
2020-02-08 15:57:30,88.8946,True
2020-02-08 15:57:31,88.9495,True
2020-02-08 15:57:32,88.6103,True
2020-02-08 15:57:33,89.0166,True
2020-02-08 15:57:34,88.4079,True
2020-02-08 15:57:35,88.4059,True
2020-02-08 15:57:36,89.0648,True
2020-02-08 15:57:37,89.09915000000001,True
2020-02-08 15:57:38,89.1335,True
2020-02-08 15:57:39,89.0528,True
2020-02-08 15:57:40,89.1563,True
2020-02-08 15:57:41,89.0181,True
2020-02-08 15:57:42,89.1485,True
2020-02-08 15:57:43,89.06,True
2020-02-08 15:57:44,89.1248,True
2020-02-08 15:57:45,89.171,True
2020-02-08 15:57:46,89.1093,True
2020-02-08 15:57:47,89.2087,True
2020-02-08 15:57:48,89.1209,True
2020-02-08 15:57:49,89.0194,True
2020-02-08 15:57:50,89.1081,True
2020-02-08 15:57:51,89.1029,True
2020-02-08 15:57:52,89.1162,True
2020-02-08 15:57:53,89.0752,True
2020-02-08 15:57:54,89.0137,True
2020-02-08 15:57:55,89.1045,True
2020-02-08 15:57:56,89.1232,True
2020-02-08 15:57:57,89.1119,True
2020-02-08 15:57:58,89.0813,True
2020-02-08 15:57:59,89.1166,True
2020-02-08 15:58:00,89.0861,True
2020-02-08 15:58:01,89.2366,True
2020-02-08 15:58:02,89.0362,True
2020-02-08 15:58:03,89.1567,True
2020-02-08 15:58:04,88.9737,True
2020-02-08 15:58:05,89.16415,True
2020-02-08 15:58:06,89.3546,True
2020-02-08 15:58:07,89.1261,True
2020-02-08 15:58:08,89.2874,True
2020-02-08 15:58:09,89.2085,True
2020-02-08 15:58:10,89.3872,True
2020-02-08 15:58:11,89.0373,True
2020-02-08 15:58:12,89.1828,True
2020-02-08 15:58:13,89.2246,True
2020-02-08 15:58:14,89.3145,True
2020-02-08 15:58:15,89.37,True
2020-02-08 15:58:16,88.9463,True
2020-02-08 15:58:17,88.5516,True
2020-02-08 15:58:18,89.0735,True
2020-02-08 15:58:19,89.2181,True
2020-02-08 15:58:20,88.5645,True
2020-02-08 15:58:21,88.7717,True
2020-02-08 15:58:22,88.6888,True
2020-02-08 15:58:23,89.2379,True
2020-02-08 15:58:24,88.7076,True
2020-02-08 15:58:25,88.543,True
2020-02-08 15:58:26,88.6586,True
2020-02-08 15:58:27,89.1337,True
2020-02-08 15:58:28,88.5856,True
2020-02-08 15:58:29,88.5767,True
2020-02-08 15:58:30,88.6344,True
2020-02-08 15:58:31,88.5975,True
2020-02-08 15:58:32,88.5948,True
2020-02-08 15:58:33,88.4929,True
2020-02-08 15:58:34,88.48425,True
2020-02-08 15:58:35,88.4756,True
2020-02-08 15:58:36,88.5123,True
2020-02-08 15:58:37,88.4537,True
2020-02-08 15:58:38,88.5488,True
2020-02-08 15:58:39,88.619,True
2020-02-08 15:58:40,88.5438,True
2020-02-08 15:58:41,88.6812,True
2020-02-08 15:58:42,88.5032,True
2020-02-08 15:58:43,88.5425,True
2020-02-08 15:58:44,88.5457,True
2020-02-08 15:58:45,88.6676,True
2020-02-08 15:58:46,88.6505,True
2020-02-08 15:58:47,88.6345,True
2020-02-08 15:58:48,88.5748,True
2020-02-08 15:58:49,88.599,True
2020-02-08 15:58:50,88.6409,True
2020-02-08 15:58:51,88.6007,True
2020-02-08 15:58:52,88.5272,True
2020-02-08 15:58:53,88.6785,True
2020-02-08 15:58:54,88.7192,True
2020-02-08 15:58:55,88.6294,True
2020-02-08 15:58:56,88.4678,True
2020-02-08 15:58:57,88.7255,True
2020-02-08 15:58:58,88.4759,True
2020-02-08 15:58:59,88.6763,True
2020-02-08 15:59:00,88.783,True
2020-02-08 15:59:01,88.4059,True
2020-02-08 15:59:02,88.6547,True
2020-02-08 15:59:03,88.68305000000001,True
2020-02-08 15:59:04,88.7114,True
2020-02-08 15:59:05,88.4589,True
2020-02-08 15:59:06,88.7516,True
2020-02-08 15:59:07,88.5181,True
2020-02-08 15:59:08,88.7983,True
2020-02-08 15:59:09,88.4204,True
2020-02-08 15:59:10,88.3442,True
2020-02-08 15:59:11,88.436,True
2020-02-08 15:59:12,89.0611,True
2020-02-08 15:59:13,88.3473,True
2020-02-08 15:59:14,88.5873,True
2020-02-08 15:59:15,88.9171,True
2020-02-08 15:59:16,88.5564,True
2020-02-08 15:59:17,89.0533,True
2020-02-08 15:59:18,88.8264,True
2020-02-08 15:59:19,88.4867,True
2020-02-08 15:59:20,89.0849,True
2020-02-08 15:59:21,89.1333,True
2020-02-08 15:59:22,89.0223,True
2020-02-08 15:59:23,89.0798,True
2020-02-08 15:59:24,89.1572,True
2020-02-08 15:59:25,89.0543,True
2020-02-08 15:59:26,89.1702,True
2020-02-08 15:59:27,89.153,True
2020-02-08 15:59:28,89.0685,True
2020-02-08 15:59:29,89.1863,True
2020-02-08 15:59:30,89.1697,True
2020-02-08 15:59:31,89.1531,True
2020-02-08 15:59:32,89.0729,True
2020-02-08 15:59:33,89.0821,True
2020-02-08 15:59:34,89.1764,True
2020-02-08 15:59:35,89.1096,True
2020-02-08 15:59:36,89.1903,True
2020-02-08 15:59:37,89.409,True
2020-02-08 15:59:38,89.0313,True
2020-02-08 15:59:39,89.3349,True
2020-02-08 15:59:40,89.1957,True
2020-02-08 15:59:41,89.089,True
2020-02-08 15:59:42,89.1537,True
2020-02-08 15:59:43,88.9712,True
2020-02-08 15:59:44,88.8639,True
2020-02-08 15:59:45,89.142,True
2020-02-08 15:59:46,89.2442,True
2020-02-08 15:59:47,89.3654,True
2020-02-08 15:59:48,89.3706,True
2020-02-08 15:59:49,89.1667,True
2020-02-08 15:59:50,89.3418,True
2020-02-08 15:59:51,88.646,True
2020-02-08 15:59:52,89.3148,True
2020-02-08 15:59:53,88.6253,True
2020-02-08 15:59:54,88.6719,True
2020-02-08 15:59:55,88.669,True
2020-02-08 15:59:56,88.5058,True
2020-02-08 15:59:57,88.8244,True
2020-02-08 15:59:58,88.6618,True
2020-02-08 15:59:59,88.6053,True
2020-02-08 16:00:00,88.5488,True
2020-02-08 16:00:01,88.6362,True
2020-02-08 16:00:02,88.5963,True
2020-02-08 16:00:03,88.6343,True
2020-02-08 16:00:04,88.6393,True
2020-02-08 16:00:05,88.6905,True
2020-02-08 16:00:06,88.6257,True
2020-02-08 16:00:07,88.6066,True
2020-02-08 16:00:08,88.6159,True
2020-02-08 16:00:09,88.5317,True
2020-02-08 16:00:10,88.651,True
2020-02-08 16:00:11,88.5588,True
2020-02-08 16:00:12,88.5308,True
2020-02-08 16:00:13,88.6621,True
2020-02-08 16:00:14,88.4918,True
2020-02-08 16:00:15,88.6533,True
2020-02-08 16:00:16,88.6412,True
2020-02-08 16:00:17,88.5215,True
2020-02-08 16:00:18,88.445,True
2020-02-08 16:00:19,88.7188,True
2020-02-08 16:00:20,88.7057,True
2020-02-08 16:00:21,88.6384,True
2020-02-08 16:00:22,88.59945,True
2020-02-08 16:00:23,88.5605,True
2020-02-08 16:00:24,88.5357,True
2020-02-08 16:00:25,88.434,True
2020-02-08 16:00:26,88.5011,True
2020-02-08 16:00:27,88.4217,True
2020-02-08 16:00:28,88.8314,True
2020-02-08 16:00:29,88.6217,True
2020-02-08 16:00:30,88.4763,True
2020-02-08 16:00:31,88.4441,True
2020-02-08 16:00:32,88.524,True
2020-02-08 16:00:33,88.4524,True
2020-02-08 16:00:34,88.9737,True
2020-02-08 16:00:35,88.5767,True
2020-02-08 16:00:36,88.5881,True
2020-02-08 16:00:37,89.0604,True
2020-02-08 16:00:38,88.7649,True
2020-02-08 16:00:39,88.724,True
2020-02-08 16:00:40,89.0359,True
2020-02-08 16:00:41,88.9896,True
2020-02-08 16:00:42,89.1239,True
2020-02-08 16:00:43,89.0921,True
2020-02-08 16:00:44,88.9533,True
2020-02-08 16:00:45,88.9661,True
2020-02-08 16:00:46,89.1667,True
2020-02-08 16:00:47,88.9598,False
2020-02-08 16:00:48,88.9187,False
2020-02-08 16:00:49,89.0962,False
2020-02-08 16:00:50,89.0332,False
2020-02-08 16:00:51,88.9702,False
2020-02-08 16:00:52,89.059,False
2020-02-08 16:00:53,89.3031,False
2020-02-08 16:00:54,89.0216,False
2020-02-08 16:00:55,89.2943,False
2020-02-08 16:00:56,89.1312,False
2020-02-08 16:00:57,89.2836,False
2020-02-08 16:00:58,89.0687,False
2020-02-08 16:00:59,89.3462,False
2020-02-08 16:01:00,89.0931,False
2020-02-08 16:01:01,89.4378,False
2020-02-08 16:01:02,89.3503,False
2020-02-08 16:01:03,89.3409,False
2020-02-08 16:01:04,89.2261,False
2020-02-08 16:01:05,89.1501,False
2020-02-08 16:01:06,89.0206,False
2020-02-08 16:01:07,88.677,False
2020-02-08 16:01:08,88.7914,False
2020-02-08 16:01:09,89.2907,False
2020-02-08 16:01:10,88.5865,False
2020-02-08 16:01:11,88.5267,False
2020-02-08 16:01:12,89.0471,False
2020-02-08 16:01:13,88.7243,False
2020-02-08 16:01:14,88.61,False
2020-02-08 16:01:15,88.5905,False
2020-02-08 16:01:16,88.7863,False
2020-02-08 16:01:17,88.64845,False
2020-02-08 16:01:18,88.5106,False
2020-02-08 16:01:19,88.7533,False
2020-02-08 16:01:20,88.7462,False
2020-02-08 16:01:21,88.6701,False
2020-02-08 16:01:22,88.5886,False
2020-02-08 16:01:23,88.5864,False
2020-02-08 16:01:24,88.616,False
2020-02-08 16:01:25,88.5435,False
2020-02-08 16:01:26,88.573,False
2020-02-08 16:01:27,88.5822,False
2020-02-08 16:01:28,88.5751,False
2020-02-08 16:01:29,88.4564,False
2020-02-08 16:01:30,88.4224,False
2020-02-08 16:01:31,88.714,False
2020-02-08 16:01:32,88.5221,False
2020-02-08 16:01:33,88.7125,False
2020-02-08 16:01:34,88.4156,False
2020-02-08 16:01:35,88.6598,False
2020-02-08 16:01:36,88.5886,False
2020-02-08 16:01:37,88.6001,False
2020-02-08 16:01:38,88.3208,False
2020-02-08 16:01:39,88.4208,False
2020-02-08 16:01:40,88.3492,False
2020-02-08 16:01:41,88.3356,False
2020-02-08 16:01:42,88.5463,False
2020-02-08 16:01:43,88.54835,False
2020-02-08 16:01:44,88.5504,False
2020-02-08 16:01:45,88.9704,False
2020-02-08 16:01:46,88.3923,False
