timestamp,thermocouple_002,trainval
2020-02-08 14:04:07,27.7717,True
2020-02-08 14:04:08,27.7803,True
2020-02-08 14:04:09,27.7706,True
2020-02-08 14:04:10,27.7749,True
2020-02-08 14:04:11,27.77465,True
2020-02-08 14:04:12,27.7744,True
2020-02-08 14:04:13,27.7783,True
2020-02-08 14:04:14,27.7783,True
2020-02-08 14:04:15,27.7905,True
2020-02-08 14:04:16,27.7883,True
2020-02-08 14:04:17,27.7854,True
2020-02-08 14:04:18,27.7734,True
2020-02-08 14:04:19,27.7763,True
2020-02-08 14:04:20,27.7784,True
2020-02-08 14:04:21,27.7761,True
2020-02-08 14:04:22,27.7757,True
2020-02-08 14:04:23,27.7822,True
2020-02-08 14:04:24,27.7822,True
2020-02-08 14:04:25,27.7755,True
2020-02-08 14:04:26,27.768,True
2020-02-08 14:04:27,27.771050000000002,True
2020-02-08 14:04:28,27.7741,True
2020-02-08 14:04:29,27.7754,True
2020-02-08 14:04:30,27.7653,True
2020-02-08 14:04:31,27.7682,True
2020-02-08 14:04:32,27.7682,True
2020-02-08 14:04:33,27.7709,True
2020-02-08 14:04:34,27.7682,True
2020-02-08 14:04:35,27.7745,True
2020-02-08 14:04:36,27.7621,True
2020-02-08 14:04:37,27.7712,True
2020-02-08 14:04:38,27.7715,True
2020-02-08 14:04:39,27.7761,True
2020-02-08 14:04:40,27.7679,True
2020-02-08 14:04:41,27.7679,True
2020-02-08 14:04:42,27.7651,True
2020-02-08 14:04:43,27.7686,True
2020-02-08 14:04:44,27.7721,True
2020-02-08 14:04:45,27.7643,True
2020-02-08 14:04:46,27.756999999999998,True
2020-02-08 14:04:47,27.7497,True
2020-02-08 14:04:48,27.7579,True
2020-02-08 14:04:49,27.7519,True
2020-02-08 14:04:50,27.7651,True
2020-02-08 14:04:51,27.7651,True
2020-02-08 14:04:52,27.7555,True
2020-02-08 14:04:53,27.7415,True
2020-02-08 14:04:54,27.7534,True
2020-02-08 14:04:55,27.7572,True
2020-02-08 14:04:56,27.7549,True
2020-02-08 14:04:57,27.753,True
2020-02-08 14:04:58,27.7555,True
2020-02-08 14:04:59,27.7586,True
2020-02-08 14:05:00,27.7491,True
2020-02-08 14:05:01,27.7515,True
2020-02-08 14:05:02,27.75945,True
2020-02-08 14:05:03,27.7674,True
2020-02-08 14:05:04,27.7674,True
2020-02-08 14:05:05,27.7604,True
2020-02-08 14:05:06,27.7633,True
2020-02-08 14:05:07,27.7722,True
2020-02-08 14:05:08,27.76,True
2020-02-08 14:05:09,27.7788,True
2020-02-08 14:05:10,27.7758,True
2020-02-08 14:05:11,27.7758,True
2020-02-08 14:05:12,27.7772,True
2020-02-08 14:05:13,27.7765,True
2020-02-08 14:05:14,27.7779,True
2020-02-08 14:05:15,27.7826,True
2020-02-08 14:05:16,27.7729,True
2020-02-08 14:05:17,27.7774,True
2020-02-08 14:05:18,27.7774,True
2020-02-08 14:05:19,27.7847,True
2020-02-08 14:05:20,27.7825,True
2020-02-08 14:05:21,27.7803,True
2020-02-08 14:05:22,27.7717,True
2020-02-08 14:05:23,27.7782,True
2020-02-08 14:05:24,27.7907,True
2020-02-08 14:05:25,27.7747,True
2020-02-08 14:05:26,27.7832,True
2020-02-08 14:05:27,27.7799,True
2020-02-08 14:05:28,27.7787,True
2020-02-08 14:05:29,27.7787,True
2020-02-08 14:05:30,27.7835,True
2020-02-08 14:05:31,27.7852,True
2020-02-08 14:05:32,27.7687,True
2020-02-08 14:05:33,27.7791,True
2020-02-08 14:05:34,27.7747,True
2020-02-08 14:05:35,27.769,True
2020-02-08 14:05:36,27.77,True
2020-02-08 14:05:37,27.771,True
2020-02-08 14:05:38,27.7711,True
2020-02-08 14:05:39,27.7711,True
2020-02-08 14:05:40,27.767,True
2020-02-08 14:05:41,27.7699,True
2020-02-08 14:05:42,27.7708,True
2020-02-08 14:05:43,27.7612,True
2020-02-08 14:05:44,27.7608,True
2020-02-08 14:05:45,27.7591,True
2020-02-08 14:05:46,27.7539,True
2020-02-08 14:05:47,27.7628,True
2020-02-08 14:05:48,27.7659,True
2020-02-08 14:05:49,27.7659,True
2020-02-08 14:05:50,27.7461,True
2020-02-08 14:05:51,27.7571,True
2020-02-08 14:05:52,27.754649999999998,True
2020-02-08 14:05:53,27.7522,True
2020-02-08 14:05:54,27.7672,True
2020-02-08 14:05:55,27.7488,True
2020-02-08 14:05:56,27.7517,True
2020-02-08 14:05:57,27.7483,True
2020-02-08 14:05:58,27.7499,True
2020-02-08 14:05:59,27.7555,True
2020-02-08 14:06:00,27.7555,True
2020-02-08 14:06:01,27.7574,True
2020-02-08 14:06:02,27.7563,True
2020-02-08 14:06:03,27.756,True
2020-02-08 14:06:04,27.75,True
2020-02-08 14:06:05,27.7612,True
2020-02-08 14:06:06,27.754,True
2020-02-08 14:06:07,27.75235,True
2020-02-08 14:06:08,27.7507,True
2020-02-08 14:06:09,27.7508,True
2020-02-08 14:06:10,27.7512,True
2020-02-08 14:06:11,27.7512,True
2020-02-08 14:06:12,27.7607,True
2020-02-08 14:06:13,27.7457,True
2020-02-08 14:06:14,27.7583,True
2020-02-08 14:06:15,27.7562,True
2020-02-08 14:06:16,27.7449,True
2020-02-08 14:06:17,27.7466,True
2020-02-08 14:06:18,27.7501,True
2020-02-08 14:06:19,27.7532,True
2020-02-08 14:06:20,27.7503,True
2020-02-08 14:06:21,27.7503,True
2020-02-08 14:06:22,27.754849999999998,True
2020-02-08 14:06:23,27.7594,True
2020-02-08 14:06:24,27.7567,True
2020-02-08 14:06:25,27.7658,True
2020-02-08 14:06:26,27.7627,True
2020-02-08 14:06:27,27.77,True
2020-02-08 14:06:28,27.7632,True
2020-02-08 14:06:29,27.7649,True
2020-02-08 14:06:30,27.7649,True
2020-02-08 14:06:31,27.7684,True
2020-02-08 14:06:32,27.7677,True
2020-02-08 14:06:33,27.7718,True
2020-02-08 14:06:34,27.788,True
2020-02-08 14:06:35,27.7856,True
2020-02-08 14:06:36,27.7877,True
2020-02-08 14:06:37,27.7877,True
2020-02-08 14:06:38,27.7899,True
2020-02-08 14:06:39,27.7947,True
2020-02-08 14:06:40,27.8035,True
2020-02-08 14:06:41,27.796,True
2020-02-08 14:06:42,27.7965,True
2020-02-08 14:06:43,27.797,True
2020-02-08 14:06:44,27.8054,True
2020-02-08 14:06:45,27.8054,True
2020-02-08 14:06:46,27.8081,True
2020-02-08 14:06:47,27.8077,True
2020-02-08 14:06:48,27.8065,True
2020-02-08 14:06:49,27.803,True
2020-02-08 14:06:50,27.7992,True
2020-02-08 14:06:51,27.8012,True
2020-02-08 14:06:52,27.8027,True
2020-02-08 14:06:53,27.8027,True
2020-02-08 14:06:54,27.806,True
2020-02-08 14:06:55,27.8089,True
2020-02-08 14:06:56,27.8111,True
2020-02-08 14:06:57,27.8027,True
2020-02-08 14:06:58,27.8148,True
2020-02-08 14:06:59,27.8148,True
2020-02-08 14:07:00,27.8146,True
2020-02-08 14:07:01,27.8144,True
2020-02-08 14:07:02,27.8145,True
2020-02-08 14:07:03,27.8177,True
2020-02-08 14:07:04,27.8253,True
2020-02-08 14:07:05,27.8253,True
2020-02-08 14:07:06,27.8253,True
2020-02-08 14:07:07,27.8252,True
2020-02-08 14:07:08,27.83,True
2020-02-08 14:07:09,27.8308,True
2020-02-08 14:07:10,27.8345,True
2020-02-08 14:07:11,27.8312,True
2020-02-08 14:07:12,27.8292,True
2020-02-08 14:07:13,27.8193,True
2020-02-08 14:07:14,27.8193,True
2020-02-08 14:07:15,27.822,True
2020-02-08 14:07:16,27.83,True
2020-02-08 14:07:17,27.8168,True
2020-02-08 14:07:18,27.8134,True
2020-02-08 14:07:19,27.81,True
2020-02-08 14:07:20,27.8215,True
2020-02-08 14:07:21,27.8239,True
2020-02-08 14:07:22,27.819,True
2020-02-08 14:07:23,27.819,True
2020-02-08 14:07:24,27.8149,True
2020-02-08 14:07:25,27.8235,True
2020-02-08 14:07:26,27.832,True
2020-02-08 14:07:27,27.8245,True
2020-02-08 14:07:28,27.8243,True
2020-02-08 14:07:29,27.819,True
2020-02-08 14:07:30,27.8307,True
2020-02-08 14:07:31,27.8224,True
2020-02-08 14:07:32,27.8224,True
2020-02-08 14:07:33,27.8223,True
2020-02-08 14:07:34,27.8171,True
2020-02-08 14:07:35,27.8185,True
2020-02-08 14:07:36,27.8199,True
2020-02-08 14:07:37,27.8279,True
2020-02-08 14:07:38,27.8255,True
2020-02-08 14:07:39,27.8271,True
2020-02-08 14:07:40,27.8162,True
2020-02-08 14:07:41,27.8145,True
2020-02-08 14:07:42,27.8145,True
2020-02-08 14:07:43,27.8134,True
2020-02-08 14:07:44,27.8213,True
2020-02-08 14:07:45,27.8153,True
2020-02-08 14:07:46,27.8259,True
2020-02-08 14:07:47,27.8112,True
2020-02-08 14:07:48,27.8231,True
2020-02-08 14:07:49,27.8261,True
2020-02-08 14:07:50,27.8291,True
2020-02-08 14:07:51,27.8356,True
2020-02-08 14:07:52,27.8268,True
2020-02-08 14:07:53,27.8268,True
2020-02-08 14:07:54,27.8306,True
2020-02-08 14:07:55,27.8444,True
2020-02-08 14:07:56,27.8438,True
2020-02-08 14:07:57,27.8369,True
2020-02-08 14:07:58,27.8419,True
2020-02-08 14:07:59,27.8391,True
2020-02-08 14:08:00,27.8414,True
2020-02-08 14:08:01,27.8409,True
2020-02-08 14:08:02,27.8398,True
2020-02-08 14:08:03,27.8374,True
2020-02-08 14:08:04,27.8374,True
2020-02-08 14:08:05,27.8374,True
2020-02-08 14:08:06,27.8299,True
2020-02-08 14:08:07,27.8388,True
2020-02-08 14:08:08,27.8384,True
2020-02-08 14:08:09,27.8348,True
2020-02-08 14:08:10,27.8321,True
2020-02-08 14:08:11,27.8332,True
2020-02-08 14:08:12,27.8272,True
2020-02-08 14:08:13,27.8228,True
2020-02-08 14:08:14,27.8228,True
2020-02-08 14:08:15,27.8304,True
2020-02-08 14:08:16,27.8257,True
2020-02-08 14:08:17,27.8278,True
2020-02-08 14:08:18,27.8216,True
2020-02-08 14:08:19,27.8259,True
2020-02-08 14:08:20,27.8259,True
2020-02-08 14:08:21,27.823500000000003,True
2020-02-08 14:08:22,27.8211,True
2020-02-08 14:08:23,27.8203,True
2020-02-08 14:08:24,27.822,True
2020-02-08 14:08:25,27.8163,True
2020-02-08 14:08:26,27.818,True
2020-02-08 14:08:27,27.8298,True
2020-02-08 14:08:28,27.8237,True
2020-02-08 14:08:29,27.8237,True
2020-02-08 14:08:30,27.8222,True
2020-02-08 14:08:31,27.8188,True
2020-02-08 14:08:32,27.818,True
2020-02-08 14:08:33,27.8197,True
2020-02-08 14:08:34,27.8144,True
2020-02-08 14:08:35,27.8144,True
2020-02-08 14:08:36,27.8076,True
2020-02-08 14:08:37,27.8076,True
2020-02-08 14:08:38,27.8233,True
2020-02-08 14:08:39,27.8236,True
2020-02-08 14:08:40,27.8196,True
2020-02-08 14:08:41,27.8156,True
2020-02-08 14:08:42,27.8184,True
2020-02-08 14:08:43,27.82,True
2020-02-08 14:08:44,27.8203,True
2020-02-08 14:08:45,27.8218,True
2020-02-08 14:08:46,27.8232,True
2020-02-08 14:08:47,27.8225,True
2020-02-08 14:08:48,27.8225,True
2020-02-08 14:08:49,27.8347,True
2020-02-08 14:08:50,27.8292,True
2020-02-08 14:08:51,27.8287,True
2020-02-08 14:08:52,27.8355,True
2020-02-08 14:08:53,27.8391,True
2020-02-08 14:08:54,27.831249999999997,True
2020-02-08 14:08:55,27.8234,True
2020-02-08 14:08:56,27.8308,True
2020-02-08 14:08:57,27.847,True
2020-02-08 14:08:58,27.847,True
2020-02-08 14:08:59,27.8386,True
2020-02-08 14:09:00,27.8442,True
2020-02-08 14:09:01,27.8512,True
2020-02-08 14:09:02,27.8473,True
2020-02-08 14:09:03,27.8511,True
2020-02-08 14:09:04,27.858,True
2020-02-08 14:09:05,27.858,True
2020-02-08 14:09:06,27.8509,True
2020-02-08 14:09:07,27.8509,True
2020-02-08 14:09:08,27.8511,True
2020-02-08 14:09:09,27.8513,True
2020-02-08 14:09:10,27.8468,True
2020-02-08 14:09:11,27.8509,True
2020-02-08 14:09:12,27.8615,True
2020-02-08 14:09:13,27.858,True
2020-02-08 14:09:14,27.8458,True
2020-02-08 14:09:15,27.8459,True
2020-02-08 14:09:16,27.8459,True
2020-02-08 14:09:17,27.8563,True
2020-02-08 14:09:18,27.857,True
2020-02-08 14:09:19,27.8556,True
2020-02-08 14:09:20,27.8646,True
2020-02-08 14:09:21,27.8588,True
2020-02-08 14:09:22,27.85785,True
2020-02-08 14:09:23,27.8569,True
2020-02-08 14:09:24,27.8519,True
2020-02-08 14:09:25,27.8546,True
2020-02-08 14:09:26,27.8635,True
2020-02-08 14:09:27,27.8559,True
2020-02-08 14:09:28,27.8559,True
2020-02-08 14:09:29,27.8525,True
2020-02-08 14:09:30,27.8534,True
2020-02-08 14:09:31,27.864,True
2020-02-08 14:09:32,27.8612,True
2020-02-08 14:09:33,27.8651,True
2020-02-08 14:09:34,27.8628,True
2020-02-08 14:09:35,27.8767,True
2020-02-08 14:09:36,27.8767,True
2020-02-08 14:09:37,27.874,True
2020-02-08 14:09:38,27.8771,True
2020-02-08 14:09:39,27.8756,True
2020-02-08 14:09:40,27.877049999999997,True
2020-02-08 14:09:41,27.8785,True
2020-02-08 14:09:42,27.8783,True
2020-02-08 14:09:43,27.8813,True
2020-02-08 14:09:44,27.8747,True
2020-02-08 14:09:45,27.8733,True
2020-02-08 14:09:46,27.8733,True
2020-02-08 14:09:47,27.8947,True
2020-02-08 14:09:48,27.8819,True
2020-02-08 14:09:49,27.8913,True
2020-02-08 14:09:50,27.8898,True
2020-02-08 14:09:51,27.8932,True
2020-02-08 14:09:52,27.8941,True
2020-02-08 14:09:53,27.9013,True
2020-02-08 14:09:54,27.9064,True
2020-02-08 14:09:55,27.9064,True
2020-02-08 14:09:56,27.9005,True
2020-02-08 14:09:57,27.9123,True
2020-02-08 14:09:58,27.906,True
2020-02-08 14:09:59,27.8997,True
2020-02-08 14:10:00,27.908,True
2020-02-08 14:10:01,27.9007,True
2020-02-08 14:10:02,27.8946,True
2020-02-08 14:10:03,27.8954,True
2020-02-08 14:10:04,27.9032,True
2020-02-08 14:10:05,27.9032,True
2020-02-08 14:10:06,27.9,True
2020-02-08 14:10:07,27.8952,True
2020-02-08 14:10:08,27.8935,True
2020-02-08 14:10:09,27.909,True
2020-02-08 14:10:10,27.9073,True
2020-02-08 14:10:11,27.9113,True
2020-02-08 14:10:12,27.9095,True
2020-02-08 14:10:13,27.9157,True
2020-02-08 14:10:14,27.9219,True
2020-02-08 14:10:15,27.9242,True
2020-02-08 14:10:16,27.9242,True
2020-02-08 14:10:17,27.9178,True
2020-02-08 14:10:18,27.9359,True
2020-02-08 14:10:19,27.9142,True
2020-02-08 14:10:20,27.9168,True
2020-02-08 14:10:21,27.9093,True
2020-02-08 14:10:22,27.9049,True
2020-02-08 14:10:23,27.9107,True
2020-02-08 14:10:24,27.9107,True
2020-02-08 14:10:25,27.9138,True
2020-02-08 14:10:26,27.9129,True
2020-02-08 14:10:27,27.9155,True
2020-02-08 14:10:28,27.9162,True
2020-02-08 14:10:29,27.9169,True
2020-02-08 14:10:30,27.9188,True
2020-02-08 14:10:31,27.9088,True
2020-02-08 14:10:32,27.9096,True
2020-02-08 14:10:33,27.9096,True
2020-02-08 14:10:34,27.9129,True
2020-02-08 14:10:35,27.9167,True
2020-02-08 14:10:36,27.9051,True
2020-02-08 14:10:37,27.9064,True
2020-02-08 14:10:38,27.9062,True
2020-02-08 14:10:39,27.8933,True
2020-02-08 14:10:40,27.9121,True
2020-02-08 14:10:41,27.9121,True
2020-02-08 14:10:42,27.8951,True
2020-02-08 14:10:43,27.9034,True
2020-02-08 14:10:44,27.8983,True
2020-02-08 14:10:45,27.90085,True
2020-02-08 14:10:46,27.9034,True
2020-02-08 14:10:47,27.9071,True
2020-02-08 14:10:48,27.9061,True
2020-02-08 14:10:49,27.9011,True
2020-02-08 14:10:50,27.8996,True
2020-02-08 14:10:51,27.9124,True
2020-02-08 14:10:52,27.9034,True
2020-02-08 14:10:53,27.8951,True
2020-02-08 14:10:54,27.905,True
2020-02-08 14:10:55,27.9054,True
2020-02-08 14:10:56,27.9058,True
2020-02-08 14:10:57,27.9058,True
2020-02-08 14:10:58,27.8994,True
2020-02-08 14:10:59,27.904,True
2020-02-08 14:11:00,27.9217,True
2020-02-08 14:11:01,27.9052,True
2020-02-08 14:11:02,27.9161,True
2020-02-08 14:11:03,27.9124,True
2020-02-08 14:11:04,27.9124,True
2020-02-08 14:11:05,27.9136,True
2020-02-08 14:11:06,27.9136,True
2020-02-08 14:11:07,27.90735,True
2020-02-08 14:11:08,27.9011,True
2020-02-08 14:11:09,27.9075,True
2020-02-08 14:11:10,27.9075,True
2020-02-08 14:11:11,27.9127,True
2020-02-08 14:11:12,27.9086,True
2020-02-08 14:11:13,27.9173,True
2020-02-08 14:11:14,27.9132,True
2020-02-08 14:11:15,27.91,True
2020-02-08 14:11:16,27.9139,True
2020-02-08 14:11:17,27.9106,True
2020-02-08 14:11:18,27.9166,True
2020-02-08 14:11:19,27.9166,True
2020-02-08 14:11:20,27.91,True
2020-02-08 14:11:21,27.9155,True
2020-02-08 14:11:22,27.921,True
2020-02-08 14:11:23,27.9112,True
2020-02-08 14:11:24,27.9098,True
2020-02-08 14:11:25,27.9092,True
2020-02-08 14:11:26,27.9147,True
2020-02-08 14:11:27,27.9131,True
2020-02-08 14:11:28,27.9066,True
2020-02-08 14:11:29,27.9066,True
2020-02-08 14:11:30,27.9147,True
2020-02-08 14:11:31,27.9084,True
2020-02-08 14:11:32,27.9092,True
2020-02-08 14:11:33,27.9084,True
2020-02-08 14:11:34,27.9092,True
2020-02-08 14:11:35,27.91,True
2020-02-08 14:11:36,27.9041,True
2020-02-08 14:11:37,27.9069,True
2020-02-08 14:11:38,27.9074,True
2020-02-08 14:11:39,27.9048,True
2020-02-08 14:11:40,27.913,True
2020-02-08 14:11:41,27.913,True
2020-02-08 14:11:42,27.9069,True
2020-02-08 14:11:43,27.9134,True
2020-02-08 14:11:44,27.9181,True
2020-02-08 14:11:45,27.9093,True
2020-02-08 14:11:46,27.911,True
2020-02-08 14:11:47,27.9112,True
2020-02-08 14:11:48,27.90465,True
2020-02-08 14:11:49,27.8981,True
2020-02-08 14:11:50,27.9067,True
2020-02-08 14:11:51,27.9015,True
2020-02-08 14:11:52,27.9015,True
2020-02-08 14:11:53,27.9028,True
2020-02-08 14:11:54,27.9075,True
2020-02-08 14:11:55,27.9104,True
2020-02-08 14:11:56,27.8989,True
2020-02-08 14:11:57,27.9053,True
2020-02-08 14:11:58,27.902,True
2020-02-08 14:11:59,27.8984,True
2020-02-08 14:12:00,27.9091,True
2020-02-08 14:12:01,27.90775,True
2020-02-08 14:12:02,27.9064,True
2020-02-08 14:12:03,27.9064,True
2020-02-08 14:12:04,27.9109,True
2020-02-08 14:12:05,27.9206,True
2020-02-08 14:12:06,27.9184,True
2020-02-08 14:12:07,27.9033,True
2020-02-08 14:12:08,27.919,True
2020-02-08 14:12:09,27.9092,True
2020-02-08 14:12:10,27.9092,True
2020-02-08 14:12:11,27.9083,True
2020-02-08 14:12:12,27.9053,True
2020-02-08 14:12:13,27.9095,True
2020-02-08 14:12:14,27.9095,True
2020-02-08 14:12:15,27.9087,True
2020-02-08 14:12:16,27.907600000000002,True
2020-02-08 14:12:17,27.9065,True
2020-02-08 14:12:18,27.9006,True
2020-02-08 14:12:19,27.9091,True
2020-02-08 14:12:20,27.9106,True
2020-02-08 14:12:21,27.9109,True
2020-02-08 14:12:22,27.9057,True
2020-02-08 14:12:23,27.9057,True
2020-02-08 14:12:24,27.9111,True
2020-02-08 14:12:25,27.9,True
2020-02-08 14:12:26,27.8973,True
2020-02-08 14:12:27,27.8967,True
2020-02-08 14:12:28,27.9088,True
2020-02-08 14:12:29,27.9017,True
2020-02-08 14:12:30,27.8947,True
2020-02-08 14:12:31,27.8947,True
2020-02-08 14:12:32,27.9022,True
2020-02-08 14:12:33,27.899700000000003,True
2020-02-08 14:12:34,27.8972,True
2020-02-08 14:12:35,27.9059,True
2020-02-08 14:12:36,27.8963,True
2020-02-08 14:12:37,27.9009,True
2020-02-08 14:12:38,27.9005,True
2020-02-08 14:12:39,27.9009,True
2020-02-08 14:12:40,27.9001,True
2020-02-08 14:12:41,27.9093,True
2020-02-08 14:12:42,27.9093,True
2020-02-08 14:12:43,27.9022,True
2020-02-08 14:12:44,27.9019,True
2020-02-08 14:12:45,27.9095,True
2020-02-08 14:12:46,27.8946,True
2020-02-08 14:12:47,27.8964,True
2020-02-08 14:12:48,27.9015,True
2020-02-08 14:12:49,27.896949999999997,True
2020-02-08 14:12:50,27.8924,True
2020-02-08 14:12:51,27.8943,True
2020-02-08 14:12:52,27.9005,True
2020-02-08 14:12:53,27.9005,True
2020-02-08 14:12:54,27.9,True
2020-02-08 14:12:55,27.9034,True
2020-02-08 14:12:56,27.9126,True
2020-02-08 14:12:57,27.9192,True
2020-02-08 14:12:58,27.9186,True
2020-02-08 14:12:59,27.9245,True
2020-02-08 14:13:00,27.9331,True
2020-02-08 14:13:01,27.9391,True
2020-02-08 14:13:02,27.9288,True
2020-02-08 14:13:03,27.929299999999998,True
2020-02-08 14:13:04,27.9298,True
2020-02-08 14:13:05,27.9444,True
2020-02-08 14:13:06,27.9444,True
2020-02-08 14:13:07,27.9377,True
2020-02-08 14:13:08,27.9377,True
2020-02-08 14:13:09,27.9361,True
2020-02-08 14:13:10,27.9372,True
2020-02-08 14:13:11,27.9394,True
2020-02-08 14:13:12,27.9557,True
2020-02-08 14:13:13,27.9457,True
2020-02-08 14:13:14,27.9379,True
2020-02-08 14:13:15,27.9462,True
2020-02-08 14:13:16,27.9381,True
2020-02-08 14:13:17,27.9381,True
2020-02-08 14:13:18,27.9381,True
2020-02-08 14:13:19,27.9482,True
2020-02-08 14:13:20,27.944,True
2020-02-08 14:13:21,27.9436,True
2020-02-08 14:13:22,27.9404,True
2020-02-08 14:13:23,27.9481,True
2020-02-08 14:13:24,27.9459,True
2020-02-08 14:13:25,27.9572,True
2020-02-08 14:13:26,27.949,True
2020-02-08 14:13:27,27.949,True
2020-02-08 14:13:28,27.9518,True
2020-02-08 14:13:29,27.9488,True
2020-02-08 14:13:30,27.937,True
2020-02-08 14:13:31,27.9392,True
2020-02-08 14:13:32,27.9414,True
2020-02-08 14:13:33,27.9516,True
2020-02-08 14:13:34,27.9509,True
2020-02-08 14:13:35,27.9562,True
2020-02-08 14:13:36,27.95,True
2020-02-08 14:13:37,27.9604,True
2020-02-08 14:13:38,27.9604,True
2020-02-08 14:13:39,27.9375,True
2020-02-08 14:13:40,27.9528,True
2020-02-08 14:13:41,27.9518,True
2020-02-08 14:13:42,27.9479,True
2020-02-08 14:13:43,27.948,True
2020-02-08 14:13:44,27.9439,True
2020-02-08 14:13:45,27.94785,True
2020-02-08 14:13:46,27.9518,True
2020-02-08 14:13:47,27.9542,True
2020-02-08 14:13:48,27.9542,True
2020-02-08 14:13:49,27.9517,True
2020-02-08 14:13:50,27.9551,True
2020-02-08 14:13:51,27.9555,True
2020-02-08 14:13:52,27.9555,True
2020-02-08 14:13:53,27.9539,True
2020-02-08 14:13:54,27.9529,True
2020-02-08 14:13:55,27.9526,True
2020-02-08 14:13:56,27.9574,True
2020-02-08 14:13:57,27.9608,True
2020-02-08 14:13:58,27.9557,True
2020-02-08 14:13:59,27.9506,True
2020-02-08 14:14:00,27.9624,True
2020-02-08 14:14:01,27.9624,True
2020-02-08 14:14:02,27.9636,True
2020-02-08 14:14:03,27.9595,True
2020-02-08 14:14:04,27.9515,True
2020-02-08 14:14:05,27.9415,True
2020-02-08 14:14:06,27.954,True
2020-02-08 14:14:07,27.9476,True
2020-02-08 14:14:08,27.9474,True
2020-02-08 14:14:09,27.9495,True
2020-02-08 14:14:10,27.9553,True
2020-02-08 14:14:11,27.9553,True
2020-02-08 14:14:12,27.9449,True
2020-02-08 14:14:13,27.95025,True
2020-02-08 14:14:14,27.9556,True
2020-02-08 14:14:15,27.9538,True
2020-02-08 14:14:16,27.9647,True
2020-02-08 14:14:17,27.9616,True
2020-02-08 14:14:18,27.9652,True
2020-02-08 14:14:19,27.9605,True
2020-02-08 14:14:20,27.9698,True
2020-02-08 14:14:21,27.976,True
2020-02-08 14:14:22,27.9804,True
2020-02-08 14:14:23,27.9804,True
2020-02-08 14:14:24,27.9749,True
2020-02-08 14:14:25,27.9774,True
2020-02-08 14:14:26,27.9844,True
2020-02-08 14:14:27,27.9798,True
2020-02-08 14:14:28,27.9871,True
2020-02-08 14:14:29,27.98605,True
2020-02-08 14:14:30,27.985,True
2020-02-08 14:14:31,27.985,True
2020-02-08 14:14:32,27.9926,True
2020-02-08 14:14:33,27.9865,True
2020-02-08 14:14:34,27.9795,True
2020-02-08 14:14:35,27.9812,True
2020-02-08 14:14:36,27.9933,True
2020-02-08 14:14:37,27.9875,True
2020-02-08 14:14:38,27.992,True
2020-02-08 14:14:39,27.992,True
2020-02-08 14:14:40,27.9899,True
2020-02-08 14:14:41,27.9961,True
2020-02-08 14:14:42,27.9897,True
2020-02-08 14:14:43,27.9824,True
2020-02-08 14:14:44,27.9943,True
2020-02-08 14:14:45,27.9903,True
2020-02-08 14:14:46,27.9884,True
2020-02-08 14:14:47,27.9865,True
2020-02-08 14:14:48,27.9779,True
2020-02-08 14:14:49,27.9779,True
2020-02-08 14:14:50,27.9858,True
2020-02-08 14:14:51,27.9907,True
2020-02-08 14:14:52,27.9899,True
2020-02-08 14:14:53,27.9933,True
2020-02-08 14:14:54,27.9882,True
2020-02-08 14:14:55,27.9984,True
2020-02-08 14:14:56,28.0017,True
2020-02-08 14:14:57,27.9966,True
2020-02-08 14:14:58,27.9892,True
2020-02-08 14:14:59,28.0034,True
2020-02-08 14:15:00,28.0034,True
2020-02-08 14:15:01,28.0034,True
2020-02-08 14:15:02,27.9948,True
2020-02-08 14:15:03,28.0021,True
2020-02-08 14:15:04,28.0005,True
2020-02-08 14:15:05,28.0005,True
2020-02-08 14:15:06,27.9954,True
2020-02-08 14:15:07,27.9908,True
2020-02-08 14:15:08,27.9989,True
2020-02-08 14:15:09,27.9989,True
2020-02-08 14:15:10,28.0069,True
2020-02-08 14:15:11,27.9961,True
2020-02-08 14:15:12,28.0047,True
2020-02-08 14:15:13,28.001,True
2020-02-08 14:15:14,27.998,True
2020-02-08 14:15:15,27.9985,True
2020-02-08 14:15:16,27.999,True
2020-02-08 14:15:17,27.9926,True
2020-02-08 14:15:18,27.9931,True
2020-02-08 14:15:19,27.9947,True
2020-02-08 14:15:20,27.9947,True
2020-02-08 14:15:21,27.9914,True
2020-02-08 14:15:22,27.991,True
2020-02-08 14:15:23,27.9819,True
2020-02-08 14:15:24,27.9876,True
2020-02-08 14:15:25,27.9962,True
2020-02-08 14:15:26,27.9877,True
2020-02-08 14:15:27,27.9998,True
2020-02-08 14:15:28,27.9954,True
2020-02-08 14:15:29,27.9954,True
2020-02-08 14:15:30,27.9954,True
2020-02-08 14:15:31,27.9929,True
2020-02-08 14:15:32,27.9972,True
2020-02-08 14:15:33,27.9943,True
2020-02-08 14:15:34,27.9848,True
2020-02-08 14:15:35,27.9988,True
2020-02-08 14:15:36,27.9986,True
2020-02-08 14:15:37,27.9931,True
2020-02-08 14:15:38,27.9928,True
2020-02-08 14:15:39,27.9928,True
2020-02-08 14:15:40,27.9955,True
2020-02-08 14:15:41,28.001,True
2020-02-08 14:15:42,28.0056,True
2020-02-08 14:15:43,28.0102,True
2020-02-08 14:15:44,28.007,True
2020-02-08 14:15:45,28.0064,True
2020-02-08 14:15:46,28.0162,True
2020-02-08 14:15:47,28.0181,True
2020-02-08 14:15:48,28.0181,True
2020-02-08 14:15:49,28.0108,True
2020-02-08 14:15:50,28.0275,True
2020-02-08 14:15:51,28.018,True
2020-02-08 14:15:52,28.0138,True
2020-02-08 14:15:53,28.018,True
2020-02-08 14:15:54,28.0221,True
2020-02-08 14:15:55,28.0216,True
2020-02-08 14:15:56,28.0212,True
2020-02-08 14:15:57,28.0208,True
2020-02-08 14:15:58,28.0241,True
2020-02-08 14:15:59,28.026,True
2020-02-08 14:16:00,28.0252,True
2020-02-08 14:16:01,28.0252,True
2020-02-08 14:16:02,28.0379,True
2020-02-08 14:16:03,28.0338,True
2020-02-08 14:16:04,28.0322,True
2020-02-08 14:16:05,28.0332,True
2020-02-08 14:16:06,28.0402,True
2020-02-08 14:16:07,28.0374,True
2020-02-08 14:16:08,28.034,True
2020-02-08 14:16:09,28.0338,True
2020-02-08 14:16:10,28.0338,True
2020-02-08 14:16:11,28.0338,True
2020-02-08 14:16:12,28.0394,True
2020-02-08 14:16:13,28.0363,True
2020-02-08 14:16:14,28.0346,True
2020-02-08 14:16:15,28.0441,True
2020-02-08 14:16:16,28.0456,True
2020-02-08 14:16:17,28.036,True
2020-02-08 14:16:18,28.0374,True
2020-02-08 14:16:19,28.0343,True
2020-02-08 14:16:20,28.0437,True
2020-02-08 14:16:21,28.0437,True
2020-02-08 14:16:22,28.0382,True
2020-02-08 14:16:23,28.0365,True
2020-02-08 14:16:24,28.0348,True
2020-02-08 14:16:25,28.0304,True
2020-02-08 14:16:26,28.0303,True
2020-02-08 14:16:27,28.0325,True
2020-02-08 14:16:28,28.0305,True
2020-02-08 14:16:29,28.009,True
2020-02-08 14:16:30,28.009,True
2020-02-08 14:16:31,28.0274,True
2020-02-08 14:16:32,28.0385,True
2020-02-08 14:16:33,28.0415,True
2020-02-08 14:16:34,28.0374,True
2020-02-08 14:16:35,28.0372,True
2020-02-08 14:16:36,28.0303,True
2020-02-08 14:16:37,28.0303,True
2020-02-08 14:16:38,28.0295,True
2020-02-08 14:16:39,28.0369,True
2020-02-08 14:16:40,28.0397,True
2020-02-08 14:16:41,28.0382,True
2020-02-08 14:16:42,28.03955,True
2020-02-08 14:16:43,28.0409,True
2020-02-08 14:16:44,28.0384,True
2020-02-08 14:16:45,28.05,True
2020-02-08 14:16:46,28.0496,True
2020-02-08 14:16:47,28.0446,True
2020-02-08 14:16:48,28.0465,True
2020-02-08 14:16:49,28.0465,True
2020-02-08 14:16:50,28.0489,True
2020-02-08 14:16:51,28.0475,True
2020-02-08 14:16:52,28.0572,True
2020-02-08 14:16:53,28.0603,True
2020-02-08 14:16:54,28.0591,True
2020-02-08 14:16:55,28.0586,True
2020-02-08 14:16:56,28.0581,True
2020-02-08 14:16:57,28.0583,True
2020-02-08 14:16:58,28.0583,True
2020-02-08 14:16:59,28.0687,True
2020-02-08 14:17:00,28.0769,True
2020-02-08 14:17:01,28.0769,True
2020-02-08 14:17:02,28.0753,True
2020-02-08 14:17:03,28.0664,True
2020-02-08 14:17:04,28.0627,True
2020-02-08 14:17:05,28.068,True
2020-02-08 14:17:06,28.068,True
2020-02-08 14:17:07,28.0676,True
2020-02-08 14:17:08,28.079,True
2020-02-08 14:17:09,28.07805,True
2020-02-08 14:17:10,28.0771,True
2020-02-08 14:17:11,28.0668,True
2020-02-08 14:17:12,28.0745,True
2020-02-08 14:17:13,28.0745,True
2020-02-08 14:17:14,28.068,True
2020-02-08 14:17:15,28.0752,True
2020-02-08 14:17:16,28.0634,True
2020-02-08 14:17:17,28.0607,True
2020-02-08 14:17:18,28.0634,True
2020-02-08 14:17:19,28.0675,True
2020-02-08 14:17:20,28.0532,True
2020-02-08 14:17:21,28.0542,True
2020-02-08 14:17:22,28.0542,True
2020-02-08 14:17:23,28.0544,True
2020-02-08 14:17:24,28.0546,True
2020-02-08 14:17:25,28.0483,True
2020-02-08 14:17:26,28.0524,True
2020-02-08 14:17:27,28.0523,True
2020-02-08 14:17:28,28.0565,True
2020-02-08 14:17:29,28.0507,True
2020-02-08 14:17:30,28.0499,True
2020-02-08 14:17:31,28.0462,True
2020-02-08 14:17:32,28.0462,True
2020-02-08 14:17:33,28.0536,True
2020-02-08 14:17:34,28.0462,True
2020-02-08 14:17:35,28.0443,True
2020-02-08 14:17:36,28.0486,True
2020-02-08 14:17:37,28.05255,True
2020-02-08 14:17:38,28.0565,True
2020-02-08 14:17:39,28.0475,True
2020-02-08 14:17:40,28.067,True
2020-02-08 14:17:41,28.0629,True
2020-02-08 14:17:42,28.0629,True
2020-02-08 14:17:43,28.0694,True
2020-02-08 14:17:44,28.0699,True
2020-02-08 14:17:45,28.066,True
2020-02-08 14:17:46,28.0561,True
2020-02-08 14:17:47,28.072,True
2020-02-08 14:17:48,28.0648,True
2020-02-08 14:17:49,28.0677,True
2020-02-08 14:17:50,28.0692,True
2020-02-08 14:17:51,28.0692,True
2020-02-08 14:17:52,28.0692,True
2020-02-08 14:17:53,28.0677,True
2020-02-08 14:17:54,28.0739,True
2020-02-08 14:17:55,28.0702,True
2020-02-08 14:17:56,28.0715,True
2020-02-08 14:17:57,28.074,True
2020-02-08 14:17:58,28.0725,True
2020-02-08 14:17:59,28.0637,True
2020-02-08 14:18:00,28.0738,True
2020-02-08 14:18:01,28.0788,True
2020-02-08 14:18:02,28.0788,True
2020-02-08 14:18:03,28.0708,True
2020-02-08 14:18:04,28.0727,True
2020-02-08 14:18:05,28.074150000000003,True
2020-02-08 14:18:06,28.0756,True
2020-02-08 14:18:07,28.0778,True
2020-02-08 14:18:08,28.068,True
2020-02-08 14:18:09,28.0814,True
2020-02-08 14:18:10,28.0736,True
2020-02-08 14:18:11,28.0609,True
2020-02-08 14:18:12,28.0688,True
2020-02-08 14:18:13,28.0688,True
2020-02-08 14:18:14,28.0738,True
2020-02-08 14:18:15,28.0746,True
2020-02-08 14:18:16,28.069,True
2020-02-08 14:18:17,28.0699,True
2020-02-08 14:18:18,28.0709,True
2020-02-08 14:18:19,28.0689,True
2020-02-08 14:18:20,28.0669,True
2020-02-08 14:18:21,28.058,True
2020-02-08 14:18:22,28.0676,True
2020-02-08 14:18:23,28.0676,True
2020-02-08 14:18:24,28.067,True
2020-02-08 14:18:25,28.0591,True
2020-02-08 14:18:26,28.0721,True
2020-02-08 14:18:27,28.077,True
2020-02-08 14:18:28,28.0701,True
2020-02-08 14:18:29,28.0778,True
2020-02-08 14:18:30,28.0809,True
2020-02-08 14:18:31,28.0809,True
2020-02-08 14:18:32,28.0714,True
2020-02-08 14:18:33,28.0675,True
2020-02-08 14:18:34,28.0841,True
2020-02-08 14:18:35,28.0816,True
2020-02-08 14:18:36,28.084,True
2020-02-08 14:18:37,28.0831,True
2020-02-08 14:18:38,28.0831,True
2020-02-08 14:18:39,28.0831,True
2020-02-08 14:18:40,28.0826,True
2020-02-08 14:18:41,28.092,True
2020-02-08 14:18:42,28.0952,True
2020-02-08 14:18:43,28.0825,True
2020-02-08 14:18:44,28.1029,True
2020-02-08 14:18:45,28.0932,True
2020-02-08 14:18:46,28.0869,True
2020-02-08 14:18:47,28.083,True
2020-02-08 14:18:48,28.083,True
2020-02-08 14:18:49,28.0884,True
2020-02-08 14:18:50,28.0963,True
2020-02-08 14:18:51,28.0949,True
2020-02-08 14:18:52,28.09425,True
2020-02-08 14:18:53,28.0936,True
2020-02-08 14:18:54,28.1084,True
2020-02-08 14:18:55,28.0998,True
2020-02-08 14:18:56,28.1098,True
2020-02-08 14:18:57,28.1041,True
2020-02-08 14:18:58,28.0953,True
2020-02-08 14:18:59,28.1142,True
2020-02-08 14:19:00,28.1067,True
2020-02-08 14:19:01,28.1067,True
2020-02-08 14:19:02,28.1088,True
2020-02-08 14:19:03,28.108,True
2020-02-08 14:19:04,28.1078,True
2020-02-08 14:19:05,28.1156,True
2020-02-08 14:19:06,28.1156,True
2020-02-08 14:19:07,28.1017,True
2020-02-08 14:19:08,28.1106,True
2020-02-08 14:19:09,28.1106,True
2020-02-08 14:19:10,28.1046,True
2020-02-08 14:19:11,28.099899999999998,True
2020-02-08 14:19:12,28.0952,True
2020-02-08 14:19:13,28.1043,True
2020-02-08 14:19:14,28.1052,True
2020-02-08 14:19:15,28.1076,True
2020-02-08 14:19:16,28.113,True
2020-02-08 14:19:17,28.1037,True
2020-02-08 14:19:18,28.105,True
2020-02-08 14:19:19,28.1014,True
2020-02-08 14:19:20,28.1014,True
2020-02-08 14:19:21,28.1077,True
2020-02-08 14:19:22,28.1074,True
2020-02-08 14:19:23,28.1029,True
2020-02-08 14:19:24,28.0988,True
2020-02-08 14:19:25,28.10165,True
2020-02-08 14:19:26,28.1045,True
2020-02-08 14:19:27,28.1059,True
2020-02-08 14:19:28,28.1147,True
2020-02-08 14:19:29,28.1124,True
2020-02-08 14:19:30,28.1124,True
2020-02-08 14:19:31,28.1121,True
2020-02-08 14:19:32,28.1128,True
2020-02-08 14:19:33,28.113,True
2020-02-08 14:19:34,28.1137,True
2020-02-08 14:19:35,28.115,True
2020-02-08 14:19:36,28.1183,True
2020-02-08 14:19:37,28.1088,True
2020-02-08 14:19:38,28.113500000000002,True
2020-02-08 14:19:39,28.1182,True
2020-02-08 14:19:40,28.1154,True
2020-02-08 14:19:41,28.1169,True
2020-02-08 14:19:42,28.1169,True
2020-02-08 14:19:43,28.1107,True
2020-02-08 14:19:44,28.1199,True
2020-02-08 14:19:45,28.1226,True
2020-02-08 14:19:46,28.1233,True
2020-02-08 14:19:47,28.1204,True
2020-02-08 14:19:48,28.1132,True
2020-02-08 14:19:49,28.1249,True
2020-02-08 14:19:50,28.1249,True
2020-02-08 14:19:51,28.1323,True
2020-02-08 14:19:52,28.117,True
2020-02-08 14:19:53,28.1156,True
2020-02-08 14:19:54,28.1211,True
2020-02-08 14:19:55,28.1242,True
2020-02-08 14:19:56,28.128749999999997,True
2020-02-08 14:19:57,28.1333,True
2020-02-08 14:19:58,28.1154,True
2020-02-08 14:19:59,28.1154,True
2020-02-08 14:20:00,28.1151,True
2020-02-08 14:20:01,28.116,True
2020-02-08 14:20:02,28.1172,True
2020-02-08 14:20:03,28.1104,True
2020-02-08 14:20:04,28.1061,True
2020-02-08 14:20:05,28.1188,True
2020-02-08 14:20:06,28.1059,True
2020-02-08 14:20:07,28.1108,True
2020-02-08 14:20:08,28.1084,True
2020-02-08 14:20:09,28.1084,True
2020-02-08 14:20:10,28.1043,True
2020-02-08 14:20:11,28.104349999999997,True
2020-02-08 14:20:12,28.1044,True
2020-02-08 14:20:13,28.1097,True
2020-02-08 14:20:14,28.1207,True
2020-02-08 14:20:15,28.1084,True
2020-02-08 14:20:16,28.1053,True
2020-02-08 14:20:17,28.112,True
2020-02-08 14:20:18,28.1009,True
2020-02-08 14:20:19,28.1074,True
2020-02-08 14:20:20,28.0982,True
2020-02-08 14:20:21,28.0982,True
2020-02-08 14:20:22,28.0943,True
2020-02-08 14:20:23,28.0984,True
2020-02-08 14:20:24,28.095,True
2020-02-08 14:20:25,28.09985,True
2020-02-08 14:20:26,28.1047,True
2020-02-08 14:20:27,28.1115,True
2020-02-08 14:20:28,28.1206,True
2020-02-08 14:20:29,28.113,True
2020-02-08 14:20:30,28.1111,True
2020-02-08 14:20:31,28.1111,True
2020-02-08 14:20:32,28.1119,True
2020-02-08 14:20:33,28.0965,True
2020-02-08 14:20:34,28.1028,True
2020-02-08 14:20:35,28.0961,True
2020-02-08 14:20:36,28.0972,True
2020-02-08 14:20:37,28.0936,True
2020-02-08 14:20:38,28.0925,True
2020-02-08 14:20:39,28.0894,True
2020-02-08 14:20:40,28.084200000000003,True
2020-02-08 14:20:41,28.079,True
2020-02-08 14:20:42,28.079,True
2020-02-08 14:20:43,28.0724,True
2020-02-08 14:20:44,28.0874,True
2020-02-08 14:20:45,28.0737,True
2020-02-08 14:20:46,28.0695,True
2020-02-08 14:20:47,28.0692,True
2020-02-08 14:20:48,28.0699,True
2020-02-08 14:20:49,28.0635,True
2020-02-08 14:20:50,28.0773,True
2020-02-08 14:20:51,28.0773,True
2020-02-08 14:20:52,28.0658,True
2020-02-08 14:20:53,28.0733,True
2020-02-08 14:20:54,28.07195,True
2020-02-08 14:20:55,28.0706,True
2020-02-08 14:20:56,28.0698,True
2020-02-08 14:20:57,28.0626,True
2020-02-08 14:20:58,28.0615,True
2020-02-08 14:20:59,28.0543,True
2020-02-08 14:21:00,28.0669,True
2020-02-08 14:21:01,28.0598,True
2020-02-08 14:21:02,28.0557,True
2020-02-08 14:21:03,28.0626,True
2020-02-08 14:21:04,28.0626,True
2020-02-08 14:21:05,28.0626,True
2020-02-08 14:21:06,28.0581,True
2020-02-08 14:21:07,28.0581,True
2020-02-08 14:21:08,28.0492,True
2020-02-08 14:21:09,28.0546,True
2020-02-08 14:21:10,28.0454,True
2020-02-08 14:21:11,28.0503,True
2020-02-08 14:21:12,28.0487,True
2020-02-08 14:21:13,28.0465,True
2020-02-08 14:21:14,28.0551,True
2020-02-08 14:21:15,28.0526,True
2020-02-08 14:21:16,28.0527,True
2020-02-08 14:21:17,28.0527,True
2020-02-08 14:21:18,28.0527,True
2020-02-08 14:21:19,28.0494,True
2020-02-08 14:21:20,28.0495,True
2020-02-08 14:21:21,28.0541,True
2020-02-08 14:21:22,28.05,True
2020-02-08 14:21:23,28.0563,True
2020-02-08 14:21:24,28.0557,True
2020-02-08 14:21:25,28.0488,True
2020-02-08 14:21:26,28.0526,True
2020-02-08 14:21:27,28.0526,True
2020-02-08 14:21:28,28.0536,True
2020-02-08 14:21:29,28.0458,True
2020-02-08 14:21:30,28.0452,True
2020-02-08 14:21:31,28.049100000000003,True
2020-02-08 14:21:32,28.053,True
2020-02-08 14:21:33,28.0514,True
2020-02-08 14:21:34,28.0492,True
2020-02-08 14:21:35,28.0571,True
2020-02-08 14:21:36,28.0504,True
2020-02-08 14:21:37,28.0575,True
2020-02-08 14:21:38,28.0599,True
2020-02-08 14:21:39,28.0465,True
2020-02-08 14:21:40,28.0465,True
2020-02-08 14:21:41,28.0399,True
2020-02-08 14:21:42,28.0567,True
2020-02-08 14:21:43,28.0563,True
2020-02-08 14:21:44,28.057949999999998,True
2020-02-08 14:21:45,28.0596,True
2020-02-08 14:21:46,28.0601,True
2020-02-08 14:21:47,28.0592,True
2020-02-08 14:21:48,28.0536,True
2020-02-08 14:21:49,28.0661,True
2020-02-08 14:21:50,28.0661,True
2020-02-08 14:21:51,28.0635,True
2020-02-08 14:21:52,28.064,True
2020-02-08 14:21:53,28.0636,True
2020-02-08 14:21:54,28.065,True
2020-02-08 14:21:55,28.0701,True
2020-02-08 14:21:56,28.0783,True
2020-02-08 14:21:57,28.0741,True
2020-02-08 14:21:58,28.0703,True
2020-02-08 14:21:59,28.0703,True
2020-02-08 14:22:00,28.0703,True
2020-02-08 14:22:01,28.0737,True
2020-02-08 14:22:02,28.0902,True
2020-02-08 14:22:03,28.0716,True
2020-02-08 14:22:04,28.0865,True
2020-02-08 14:22:05,28.0843,True
2020-02-08 14:22:06,28.087,True
2020-02-08 14:22:07,28.087,True
2020-02-08 14:22:08,28.0788,True
2020-02-08 14:22:09,28.0828,True
2020-02-08 14:22:10,28.0752,True
2020-02-08 14:22:11,28.082,True
2020-02-08 14:22:12,28.081850000000003,True
2020-02-08 14:22:13,28.0817,True
2020-02-08 14:22:14,28.0867,True
2020-02-08 14:22:15,28.0861,True
2020-02-08 14:22:16,28.0834,True
2020-02-08 14:22:17,28.0834,True
2020-02-08 14:22:18,28.0767,True
2020-02-08 14:22:19,28.0758,True
2020-02-08 14:22:20,28.0889,True
2020-02-08 14:22:21,28.0793,True
2020-02-08 14:22:22,28.0858,True
2020-02-08 14:22:23,28.0785,True
2020-02-08 14:22:24,28.0809,True
2020-02-08 14:22:25,28.0732,True
2020-02-08 14:22:26,28.0807,True
2020-02-08 14:22:27,28.0807,True
2020-02-08 14:22:28,28.07695,True
2020-02-08 14:22:29,28.0732,True
2020-02-08 14:22:30,28.0812,True
2020-02-08 14:22:31,28.08,True
2020-02-08 14:22:32,28.0795,True
2020-02-08 14:22:33,28.0793,True
2020-02-08 14:22:34,28.0808,True
2020-02-08 14:22:35,28.079,True
2020-02-08 14:22:36,28.079,True
2020-02-08 14:22:37,28.07,True
2020-02-08 14:22:38,28.0754,True
2020-02-08 14:22:39,28.0763,True
2020-02-08 14:22:40,28.0749,True
2020-02-08 14:22:41,28.0835,True
2020-02-08 14:22:42,28.0837,True
2020-02-08 14:22:43,28.075,True
2020-02-08 14:22:44,28.0854,True
2020-02-08 14:22:45,28.0893,True
2020-02-08 14:22:46,28.0875,True
2020-02-08 14:22:47,28.0857,True
2020-02-08 14:22:48,28.0857,True
2020-02-08 14:22:49,28.0891,True
2020-02-08 14:22:50,28.0788,True
2020-02-08 14:22:51,28.0825,True
2020-02-08 14:22:52,28.0828,True
2020-02-08 14:22:53,28.0851,True
2020-02-08 14:22:54,28.0904,True
2020-02-08 14:22:55,28.0856,True
2020-02-08 14:22:56,28.0856,True
2020-02-08 14:22:57,28.0946,True
2020-02-08 14:22:58,28.1081,True
2020-02-08 14:22:59,28.103949999999998,True
2020-02-08 14:23:00,28.0998,True
2020-02-08 14:23:01,28.0967,True
2020-02-08 14:23:02,28.0967,True
2020-02-08 14:23:03,28.1131,True
2020-02-08 14:23:04,28.1031,True
2020-02-08 14:23:05,28.1023,True
2020-02-08 14:23:06,28.11,True
2020-02-08 14:23:07,28.11,True
2020-02-08 14:23:08,28.1001,True
2020-02-08 14:23:09,28.103,True
2020-02-08 14:23:10,28.1122,True
2020-02-08 14:23:11,28.111,True
2020-02-08 14:23:12,28.111,True
2020-02-08 14:23:13,28.1083,True
2020-02-08 14:23:14,28.1056,True
2020-02-08 14:23:15,28.1192,True
2020-02-08 14:23:16,28.1115,True
2020-02-08 14:23:17,28.1205,True
2020-02-08 14:23:18,28.1046,True
2020-02-08 14:23:19,28.1201,True
2020-02-08 14:23:20,28.1189,True
2020-02-08 14:23:21,28.1081,True
2020-02-08 14:23:22,28.1066,True
2020-02-08 14:23:23,28.1066,True
2020-02-08 14:23:24,28.113,True
2020-02-08 14:23:25,28.1143,True
2020-02-08 14:23:26,28.118,True
2020-02-08 14:23:27,28.1206,True
2020-02-08 14:23:28,28.1232,True
2020-02-08 14:23:29,28.1193,True
2020-02-08 14:23:30,28.1301,True
2020-02-08 14:23:31,28.1295,True
2020-02-08 14:23:32,28.1375,True
2020-02-08 14:23:33,28.1335,True
2020-02-08 14:23:34,28.1335,True
2020-02-08 14:23:35,28.135,True
2020-02-08 14:23:36,28.1408,True
2020-02-08 14:23:37,28.1261,True
2020-02-08 14:23:38,28.1301,True
2020-02-08 14:23:39,28.1338,True
2020-02-08 14:23:40,28.1345,True
2020-02-08 14:23:41,28.1316,True
2020-02-08 14:23:42,28.1287,True
2020-02-08 14:23:43,28.1312,True
2020-02-08 14:23:44,28.1272,True
2020-02-08 14:23:45,28.1272,True
2020-02-08 14:23:46,28.1322,True
2020-02-08 14:23:47,28.1158,True
2020-02-08 14:23:48,28.1204,True
2020-02-08 14:23:49,28.1254,True
2020-02-08 14:23:50,28.1211,True
2020-02-08 14:23:51,28.1195,True
2020-02-08 14:23:52,28.1197,True
2020-02-08 14:23:53,28.1102,True
2020-02-08 14:23:54,28.1139,True
2020-02-08 14:23:55,28.1139,True
2020-02-08 14:23:56,28.1139,True
2020-02-08 14:23:57,28.1056,True
2020-02-08 14:23:58,28.1148,True
2020-02-08 14:23:59,28.1073,True
2020-02-08 14:24:00,28.1097,True
2020-02-08 14:24:01,28.1118,True
2020-02-08 14:24:02,28.1132,True
2020-02-08 14:24:03,28.1121,True
2020-02-08 14:24:04,28.1121,True
2020-02-08 14:24:05,28.1068,True
2020-02-08 14:24:06,28.1059,True
2020-02-08 14:24:07,28.1139,True
2020-02-08 14:24:08,28.1107,True
2020-02-08 14:24:09,28.1168,True
2020-02-08 14:24:10,28.1229,True
2020-02-08 14:24:11,28.1094,True
2020-02-08 14:24:12,28.1041,True
2020-02-08 14:24:13,28.1163,True
2020-02-08 14:24:14,28.1078,True
2020-02-08 14:24:15,28.1181,True
2020-02-08 14:24:16,28.1181,True
2020-02-08 14:24:17,28.1154,True
2020-02-08 14:24:18,28.1142,True
2020-02-08 14:24:19,28.1083,True
2020-02-08 14:24:20,28.1148,True
2020-02-08 14:24:21,28.1035,True
2020-02-08 14:24:22,28.1035,True
2020-02-08 14:24:23,28.1035,True
2020-02-08 14:24:24,28.1168,True
2020-02-08 14:24:25,28.1059,True
2020-02-08 14:24:26,28.1059,True
2020-02-08 14:24:27,28.1066,True
2020-02-08 14:24:28,28.1075,True
2020-02-08 14:24:29,28.0976,True
2020-02-08 14:24:30,28.1008,True
2020-02-08 14:24:31,28.1053,True
2020-02-08 14:24:32,28.0977,True
2020-02-08 14:24:33,28.0963,True
2020-02-08 14:24:34,28.0963,True
2020-02-08 14:24:35,28.1061,True
2020-02-08 14:24:36,28.0961,True
2020-02-08 14:24:37,28.0968,True
2020-02-08 14:24:38,28.0965,True
2020-02-08 14:24:39,28.1055,True
2020-02-08 14:24:40,28.105449999999998,True
2020-02-08 14:24:41,28.1054,True
2020-02-08 14:24:42,28.1078,True
2020-02-08 14:24:43,28.1006,True
2020-02-08 14:24:44,28.1006,True
2020-02-08 14:24:45,28.1037,True
2020-02-08 14:24:46,28.1071,True
2020-02-08 14:24:47,28.1104,True
2020-02-08 14:24:48,28.1115,True
2020-02-08 14:24:49,28.1154,True
2020-02-08 14:24:50,28.1236,True
2020-02-08 14:24:51,28.1143,True
2020-02-08 14:24:52,28.1156,True
2020-02-08 14:24:53,28.1149,True
2020-02-08 14:24:54,28.1149,True
2020-02-08 14:24:55,28.1149,True
2020-02-08 14:24:56,28.1038,True
2020-02-08 14:24:57,28.1018,True
2020-02-08 14:24:58,28.1169,True
2020-02-08 14:24:59,28.1157,True
2020-02-08 14:25:00,28.1144,True
2020-02-08 14:25:01,28.1165,True
2020-02-08 14:25:02,28.1228,True
2020-02-08 14:25:03,28.1159,True
2020-02-08 14:25:04,28.1209,True
2020-02-08 14:25:05,28.1209,True
2020-02-08 14:25:06,28.1209,True
2020-02-08 14:25:07,28.1213,True
2020-02-08 14:25:08,28.127,True
2020-02-08 14:25:09,28.1235,True
2020-02-08 14:25:10,28.123649999999998,True
2020-02-08 14:25:11,28.1238,True
2020-02-08 14:25:12,28.1242,True
2020-02-08 14:25:13,28.1221,True
2020-02-08 14:25:14,28.1221,True
2020-02-08 14:25:15,28.1257,True
2020-02-08 14:25:16,28.1261,True
2020-02-08 14:25:17,28.1237,True
2020-02-08 14:25:18,28.1267,True
2020-02-08 14:25:19,28.1192,True
2020-02-08 14:25:20,28.1253,True
2020-02-08 14:25:21,28.1161,True
2020-02-08 14:25:22,28.1153,True
2020-02-08 14:25:23,28.1153,True
2020-02-08 14:25:24,28.1196,True
2020-02-08 14:25:25,28.12445,True
2020-02-08 14:25:26,28.1293,True
2020-02-08 14:25:27,28.1259,True
2020-02-08 14:25:28,28.1203,True
2020-02-08 14:25:29,28.1208,True
2020-02-08 14:25:30,28.1228,True
2020-02-08 14:25:31,28.121,True
2020-02-08 14:25:32,28.1189,True
2020-02-08 14:25:33,28.1189,True
2020-02-08 14:25:34,28.1175,True
2020-02-08 14:25:35,28.1228,True
2020-02-08 14:25:36,28.1192,True
2020-02-08 14:25:37,28.116,True
2020-02-08 14:25:38,28.1152,True
2020-02-08 14:25:39,28.1196,True
2020-02-08 14:25:40,28.1194,True
2020-02-08 14:25:41,28.1146,True
2020-02-08 14:25:42,28.1098,True
2020-02-08 14:25:43,28.1098,True
2020-02-08 14:25:44,28.1103,True
2020-02-08 14:25:45,28.1214,True
2020-02-08 14:25:46,28.1206,True
2020-02-08 14:25:47,28.1118,True
2020-02-08 14:25:48,28.1167,True
2020-02-08 14:25:49,28.1139,True
2020-02-08 14:25:50,28.119,True
2020-02-08 14:25:51,28.1186,True
2020-02-08 14:25:52,28.1153,True
2020-02-08 14:25:53,28.1106,True
2020-02-08 14:25:54,28.1106,True
2020-02-08 14:25:55,28.1164,True
2020-02-08 14:25:56,28.118850000000002,True
2020-02-08 14:25:57,28.1213,True
2020-02-08 14:25:58,28.1194,True
2020-02-08 14:25:59,28.1213,True
2020-02-08 14:26:00,28.1114,True
2020-02-08 14:26:01,28.1252,True
2020-02-08 14:26:02,28.1209,True
2020-02-08 14:26:03,28.1265,True
2020-02-08 14:26:04,28.1248,True
2020-02-08 14:26:05,28.1248,True
2020-02-08 14:26:06,28.1267,True
2020-02-08 14:26:07,28.129,True
2020-02-08 14:26:08,28.1274,True
2020-02-08 14:26:09,28.13,True
2020-02-08 14:26:10,28.1317,True
2020-02-08 14:26:11,28.1302,True
2020-02-08 14:26:12,28.1287,True
2020-02-08 14:26:13,28.1245,True
2020-02-08 14:26:14,28.1245,True
2020-02-08 14:26:15,28.1346,True
2020-02-08 14:26:16,28.1355,True
2020-02-08 14:26:17,28.133,True
2020-02-08 14:26:18,28.1409,True
2020-02-08 14:26:19,28.1345,True
2020-02-08 14:26:20,28.142,True
2020-02-08 14:26:21,28.1438,True
2020-02-08 14:26:22,28.1475,True
2020-02-08 14:26:23,28.1475,True
2020-02-08 14:26:24,28.1459,True
2020-02-08 14:26:25,28.1463,True
2020-02-08 14:26:26,28.1448,True
2020-02-08 14:26:27,28.1448,True
2020-02-08 14:26:28,28.147100000000002,True
2020-02-08 14:26:29,28.1494,True
2020-02-08 14:26:30,28.1491,True
2020-02-08 14:26:31,28.1507,True
2020-02-08 14:26:32,28.1507,True
2020-02-08 14:26:33,28.1462,True
2020-02-08 14:26:34,28.1563,True
2020-02-08 14:26:35,28.1626,True
2020-02-08 14:26:36,28.1472,True
2020-02-08 14:26:37,28.1582,True
2020-02-08 14:26:38,28.1623,True
2020-02-08 14:26:39,28.1621,True
2020-02-08 14:26:40,28.1653,True
2020-02-08 14:26:41,28.1653,True
2020-02-08 14:26:42,28.1661,True
2020-02-08 14:26:43,28.1661,True
2020-02-08 14:26:44,28.1704,True
2020-02-08 14:26:45,28.1722,True
2020-02-08 14:26:46,28.17205,True
2020-02-08 14:26:47,28.1719,True
2020-02-08 14:26:48,28.1762,True
2020-02-08 14:26:49,28.1828,True
2020-02-08 14:26:50,28.1828,True
2020-02-08 14:26:51,28.1797,True
2020-02-08 14:26:52,28.1795,True
2020-02-08 14:26:53,28.1767,True
2020-02-08 14:26:54,28.1828,True
2020-02-08 14:26:55,28.1778,True
2020-02-08 14:26:56,28.1845,True
2020-02-08 14:26:57,28.1826,True
2020-02-08 14:26:58,28.1791,True
2020-02-08 14:26:59,28.1856,True
2020-02-08 14:27:00,28.1779,True
2020-02-08 14:27:01,28.1779,True
2020-02-08 14:27:02,28.183100000000003,True
2020-02-08 14:27:03,28.1883,True
2020-02-08 14:27:04,28.1829,True
2020-02-08 14:27:05,28.1795,True
2020-02-08 14:27:06,28.1762,True
2020-02-08 14:27:07,28.1762,True
2020-02-08 14:27:08,28.1866,True
2020-02-08 14:27:09,28.1942,True
2020-02-08 14:27:10,28.19,True
2020-02-08 14:27:11,28.196,True
2020-02-08 14:27:12,28.196,True
2020-02-08 14:27:13,28.1869,True
2020-02-08 14:27:14,28.1895,True
2020-02-08 14:27:15,28.1884,True
2020-02-08 14:27:16,28.1967,True
2020-02-08 14:27:17,28.1946,True
2020-02-08 14:27:18,28.19645,True
2020-02-08 14:27:19,28.1983,True
2020-02-08 14:27:20,28.1978,True
2020-02-08 14:27:21,28.1978,True
2020-02-08 14:27:22,28.2003,True
2020-02-08 14:27:23,28.1885,True
2020-02-08 14:27:24,28.2087,True
2020-02-08 14:27:25,28.1961,True
2020-02-08 14:27:26,28.1943,True
2020-02-08 14:27:27,28.1953,True
2020-02-08 14:27:28,28.1922,True
2020-02-08 14:27:29,28.1987,True
2020-02-08 14:27:30,28.1987,True
2020-02-08 14:27:31,28.204,True
2020-02-08 14:27:32,28.2134,True
2020-02-08 14:27:33,28.2113,True
2020-02-08 14:27:34,28.2145,True
2020-02-08 14:27:35,28.21085,True
2020-02-08 14:27:36,28.2072,True
2020-02-08 14:27:37,28.2155,True
2020-02-08 14:27:38,28.2104,True
2020-02-08 14:27:39,28.2104,True
2020-02-08 14:27:40,28.2093,True
2020-02-08 14:27:41,28.2129,True
2020-02-08 14:27:42,28.2191,True
2020-02-08 14:27:43,28.2269,True
2020-02-08 14:27:44,28.2257,True
2020-02-08 14:27:45,28.2288,True
2020-02-08 14:27:46,28.2269,True
2020-02-08 14:27:47,28.226,True
2020-02-08 14:27:48,28.226,True
2020-02-08 14:27:49,28.228,True
2020-02-08 14:27:50,28.231650000000002,True
2020-02-08 14:27:51,28.2353,True
2020-02-08 14:27:52,28.2289,True
2020-02-08 14:27:53,28.2346,True
2020-02-08 14:27:54,28.2297,True
2020-02-08 14:27:55,28.2388,True
2020-02-08 14:27:56,28.2377,True
2020-02-08 14:27:57,28.2401,True
2020-02-08 14:27:58,28.2401,True
2020-02-08 14:27:59,28.2328,True
2020-02-08 14:28:00,28.2495,True
2020-02-08 14:28:01,28.2452,True
2020-02-08 14:28:02,28.2377,True
2020-02-08 14:28:03,28.239,True
2020-02-08 14:28:04,28.2464,True
2020-02-08 14:28:05,28.2481,True
2020-02-08 14:28:06,28.24325,True
2020-02-08 14:28:07,28.2384,True
2020-02-08 14:28:08,28.2384,True
2020-02-08 14:28:09,28.239,True
2020-02-08 14:28:10,28.2469,True
2020-02-08 14:28:11,28.2424,True
2020-02-08 14:28:12,28.2365,True
2020-02-08 14:28:13,28.243,True
2020-02-08 14:28:14,28.2315,True
2020-02-08 14:28:15,28.2316,True
2020-02-08 14:28:16,28.2404,True
2020-02-08 14:28:17,28.2345,True
2020-02-08 14:28:18,28.2345,True
2020-02-08 14:28:19,28.2343,True
2020-02-08 14:28:20,28.2261,True
2020-02-08 14:28:21,28.2372,True
2020-02-08 14:28:22,28.2369,True
2020-02-08 14:28:23,28.2366,True
2020-02-08 14:28:24,28.2327,True
2020-02-08 14:28:25,28.2246,True
2020-02-08 14:28:26,28.2412,True
2020-02-08 14:28:27,28.2357,True
2020-02-08 14:28:28,28.2357,True
2020-02-08 14:28:29,28.2417,True
2020-02-08 14:28:30,28.2452,True
2020-02-08 14:28:31,28.2488,True
2020-02-08 14:28:32,28.2368,True
2020-02-08 14:28:33,28.2419,True
2020-02-08 14:28:34,28.2521,True
2020-02-08 14:28:35,28.2521,True
2020-02-08 14:28:36,28.2437,True
2020-02-08 14:28:37,28.2535,True
2020-02-08 14:28:38,28.2464,True
2020-02-08 14:28:39,28.2458,True
2020-02-08 14:28:40,28.2464,True
2020-02-08 14:28:41,28.24505,True
2020-02-08 14:28:42,28.2437,True
2020-02-08 14:28:43,28.2427,True
2020-02-08 14:28:44,28.2459,True
2020-02-08 14:28:45,28.2459,True
2020-02-08 14:28:46,28.2538,True
2020-02-08 14:28:47,28.2515,True
2020-02-08 14:28:48,28.2531,True
2020-02-08 14:28:49,28.2555,True
2020-02-08 14:28:50,28.2507,True
2020-02-08 14:28:51,28.2528,True
2020-02-08 14:28:52,28.2532,True
2020-02-08 14:28:53,28.2566,True
2020-02-08 14:28:54,28.2566,True
2020-02-08 14:28:55,28.2535,True
2020-02-08 14:28:56,28.252299999999998,True
2020-02-08 14:28:57,28.2511,True
2020-02-08 14:28:58,28.2601,True
2020-02-08 14:28:59,28.2426,True
2020-02-08 14:29:00,28.2437,True
2020-02-08 14:29:01,28.2467,True
2020-02-08 14:29:02,28.2408,True
2020-02-08 14:29:03,28.2417,True
2020-02-08 14:29:04,28.2583,True
2020-02-08 14:29:05,28.2436,True
2020-02-08 14:29:06,28.2436,True
2020-02-08 14:29:07,28.2436,True
2020-02-08 14:29:08,28.2398,True
2020-02-08 14:29:09,28.2407,True
2020-02-08 14:29:10,28.243,True
2020-02-08 14:29:11,28.2472,True
2020-02-08 14:29:12,28.2509,True
2020-02-08 14:29:13,28.2546,True
2020-02-08 14:29:14,28.2546,True
2020-02-08 14:29:15,28.2498,True
2020-02-08 14:29:16,28.2451,True
2020-02-08 14:29:17,28.2499,True
2020-02-08 14:29:18,28.2612,True
2020-02-08 14:29:19,28.2539,True
2020-02-08 14:29:20,28.2589,True
2020-02-08 14:29:21,28.271,True
2020-02-08 14:29:22,28.271,True
2020-02-08 14:29:23,28.2692,True
2020-02-08 14:29:24,28.2759,True
2020-02-08 14:29:25,28.2713,True
2020-02-08 14:29:26,28.2755,True
2020-02-08 14:29:27,28.2758,True
2020-02-08 14:29:28,28.2734,True
2020-02-08 14:29:29,28.2787,True
2020-02-08 14:29:30,28.284,True
2020-02-08 14:29:31,28.277,True
2020-02-08 14:29:32,28.2888,True
2020-02-08 14:29:33,28.2888,True
2020-02-08 14:29:34,28.2802,True
2020-02-08 14:29:35,28.2789,True
2020-02-08 14:29:36,28.272,True
2020-02-08 14:29:37,28.2768,True
2020-02-08 14:29:38,28.2741,True
2020-02-08 14:29:39,28.2653,True
2020-02-08 14:29:40,28.2653,True
2020-02-08 14:29:41,28.2743,True
2020-02-08 14:29:42,28.2668,True
2020-02-08 14:29:43,28.2655,True
2020-02-08 14:29:44,28.26915,True
2020-02-08 14:29:45,28.2728,True
2020-02-08 14:29:46,28.279,True
2020-02-08 14:29:47,28.268,True
2020-02-08 14:29:48,28.274,True
2020-02-08 14:29:49,28.2752,True
2020-02-08 14:29:50,28.2865,True
2020-02-08 14:29:51,28.2825,True
2020-02-08 14:29:52,28.2825,True
2020-02-08 14:29:53,28.2714,True
2020-02-08 14:29:54,28.2839,True
2020-02-08 14:29:55,28.2743,True
2020-02-08 14:29:56,28.2658,True
2020-02-08 14:29:57,28.2767,True
2020-02-08 14:29:58,28.2739,True
2020-02-08 14:29:59,28.2652,True
2020-02-08 14:30:00,28.26425,True
2020-02-08 14:30:01,28.2633,True
2020-02-08 14:30:02,28.2703,True
2020-02-08 14:30:03,28.2703,True
2020-02-08 14:30:04,28.273,True
2020-02-08 14:30:05,28.2622,True
2020-02-08 14:30:06,28.2555,True
2020-02-08 14:30:07,28.2615,True
2020-02-08 14:30:08,28.2526,True
2020-02-08 14:30:09,28.2632,True
2020-02-08 14:30:10,28.2565,True
2020-02-08 14:30:11,28.2524,True
2020-02-08 14:30:12,28.2524,True
2020-02-08 14:30:13,28.262,True
2020-02-08 14:30:14,28.264,True
2020-02-08 14:30:15,28.2553,True
2020-02-08 14:30:16,28.264,True
2020-02-08 14:30:17,28.2727,True
2020-02-08 14:30:18,28.2577,True
2020-02-08 14:30:19,28.2658,True
2020-02-08 14:30:20,28.2716,True
2020-02-08 14:30:21,28.2649,True
2020-02-08 14:30:22,28.2649,True
2020-02-08 14:30:23,28.2718,True
2020-02-08 14:30:24,28.2638,True
2020-02-08 14:30:25,28.2638,True
2020-02-08 14:30:26,28.272,True
2020-02-08 14:30:27,28.275,True
2020-02-08 14:30:28,28.2735,True
2020-02-08 14:30:29,28.2735,True
2020-02-08 14:30:30,28.2754,True
2020-02-08 14:30:31,28.2778,True
2020-02-08 14:30:32,28.2759,True
2020-02-08 14:30:33,28.28,True
2020-02-08 14:30:34,28.2808,True
2020-02-08 14:30:35,28.2813,True
2020-02-08 14:30:36,28.2818,True
2020-02-08 14:30:37,28.2689,True
2020-02-08 14:30:38,28.2717,True
2020-02-08 14:30:39,28.2713,True
2020-02-08 14:30:40,28.2713,True
2020-02-08 14:30:41,28.2794,True
2020-02-08 14:30:42,28.2728,True
2020-02-08 14:30:43,28.2791,True
2020-02-08 14:30:44,28.2807,True
2020-02-08 14:30:45,28.2722,True
2020-02-08 14:30:46,28.2819,True
2020-02-08 14:30:47,28.277,True
2020-02-08 14:30:48,28.277,True
2020-02-08 14:30:49,28.2895,True
2020-02-08 14:30:50,28.2864,True
2020-02-08 14:30:51,28.286,True
2020-02-08 14:30:52,28.282200000000003,True
2020-02-08 14:30:53,28.2784,True
2020-02-08 14:30:54,28.2817,True
2020-02-08 14:30:55,28.2773,True
2020-02-08 14:30:56,28.2809,True
2020-02-08 14:30:57,28.2831,True
2020-02-08 14:30:58,28.2766,True
2020-02-08 14:30:59,28.2722,True
2020-02-08 14:31:00,28.2758,True
2020-02-08 14:31:01,28.2846,True
2020-02-08 14:31:02,28.28145,True
2020-02-08 14:31:03,28.2783,True
2020-02-08 14:31:04,28.2783,True
2020-02-08 14:31:05,28.2817,True
2020-02-08 14:31:06,28.2724,True
2020-02-08 14:31:07,28.2724,True
2020-02-08 14:31:08,28.2746,True
2020-02-08 14:31:09,28.2827,True
2020-02-08 14:31:10,28.2823,True
2020-02-08 14:31:11,28.276,True
2020-02-08 14:31:12,28.2846,True
2020-02-08 14:31:13,28.2828,True
2020-02-08 14:31:14,28.2828,True
2020-02-08 14:31:15,28.2863,True
2020-02-08 14:31:16,28.27815,True
2020-02-08 14:31:17,28.27,True
2020-02-08 14:31:18,28.2891,True
2020-02-08 14:31:19,28.2885,True
2020-02-08 14:31:20,28.2791,True
2020-02-08 14:31:21,28.2904,True
2020-02-08 14:31:22,28.2787,True
2020-02-08 14:31:23,28.2788,True
2020-02-08 14:31:24,28.2788,True
2020-02-08 14:31:25,28.2886,True
2020-02-08 14:31:26,28.2894,True
2020-02-08 14:31:27,28.2887,True
2020-02-08 14:31:28,28.2851,True
2020-02-08 14:31:29,28.2899,True
2020-02-08 14:31:30,28.284,True
2020-02-08 14:31:31,28.28385,True
2020-02-08 14:31:32,28.2837,True
2020-02-08 14:31:33,28.2822,True
2020-02-08 14:31:34,28.2803,True
2020-02-08 14:31:35,28.2763,True
2020-02-08 14:31:36,28.2763,True
2020-02-08 14:31:37,28.2874,True
2020-02-08 14:31:38,28.2858,True
2020-02-08 14:31:39,28.283,True
2020-02-08 14:31:40,28.2766,True
2020-02-08 14:31:41,28.271,True
2020-02-08 14:31:42,28.2777,True
2020-02-08 14:31:43,28.2896,True
2020-02-08 14:31:44,28.28,True
2020-02-08 14:31:45,28.28,True
2020-02-08 14:31:46,28.28365,True
2020-02-08 14:31:47,28.2873,True
2020-02-08 14:31:48,28.2812,True
2020-02-08 14:31:49,28.289,True
2020-02-08 14:31:50,28.2857,True
2020-02-08 14:31:51,28.278,True
2020-02-08 14:31:52,28.2884,True
2020-02-08 14:31:53,28.2898,True
2020-02-08 14:31:54,28.2783,True
2020-02-08 14:31:55,28.2884,True
2020-02-08 14:31:56,28.2923,True
2020-02-08 14:31:57,28.2923,True
2020-02-08 14:31:58,28.2939,True
2020-02-08 14:31:59,28.2941,True
2020-02-08 14:32:00,28.2838,True
2020-02-08 14:32:01,28.28785,True
2020-02-08 14:32:02,28.2919,True
2020-02-08 14:32:03,28.2825,True
2020-02-08 14:32:04,28.2946,True
2020-02-08 14:32:05,28.2957,True
2020-02-08 14:32:06,28.3009,True
2020-02-08 14:32:07,28.3028,True
2020-02-08 14:32:08,28.3028,True
2020-02-08 14:32:09,28.3066,True
2020-02-08 14:32:10,28.3156,True
2020-02-08 14:32:11,28.3065,True
2020-02-08 14:32:12,28.3184,True
2020-02-08 14:32:13,28.309,True
2020-02-08 14:32:14,28.3168,True
2020-02-08 14:32:15,28.3218,True
2020-02-08 14:32:16,28.320349999999998,True
2020-02-08 14:32:17,28.3189,True
2020-02-08 14:32:18,28.3189,True
2020-02-08 14:32:19,28.3258,True
2020-02-08 14:32:20,28.3258,True
2020-02-08 14:32:21,28.3175,True
2020-02-08 14:32:22,28.3239,True
2020-02-08 14:32:23,28.3205,True
2020-02-08 14:32:24,28.3137,True
2020-02-08 14:32:25,28.3173,True
2020-02-08 14:32:26,28.3173,True
2020-02-08 14:32:27,28.3167,True
2020-02-08 14:32:28,28.319,True
2020-02-08 14:32:29,28.3163,True
2020-02-08 14:32:30,28.3196,True
2020-02-08 14:32:31,28.3169,True
2020-02-08 14:32:32,28.3126,True
2020-02-08 14:32:33,28.3,True
2020-02-08 14:32:34,28.3004,True
2020-02-08 14:32:35,28.3008,True
2020-02-08 14:32:36,28.3048,True
2020-02-08 14:32:37,28.3048,True
2020-02-08 14:32:38,28.299,True
2020-02-08 14:32:39,28.2956,True
2020-02-08 14:32:40,28.3004,True
2020-02-08 14:32:41,28.3013,True
2020-02-08 14:32:42,28.2988,True
2020-02-08 14:32:43,28.299,True
2020-02-08 14:32:44,28.2975,True
2020-02-08 14:32:45,28.297,True
2020-02-08 14:32:46,28.297,True
2020-02-08 14:32:47,28.3047,True
2020-02-08 14:32:48,28.3194,True
2020-02-08 14:32:49,28.3039,True
2020-02-08 14:32:50,28.31255,True
2020-02-08 14:32:51,28.3212,True
2020-02-08 14:32:52,28.3141,True
2020-02-08 14:32:53,28.3238,True
2020-02-08 14:32:54,28.3291,True
2020-02-08 14:32:55,28.3291,True
2020-02-08 14:32:56,28.3267,True
2020-02-08 14:32:57,28.3241,True
2020-02-08 14:32:58,28.3191,True
2020-02-08 14:32:59,28.3291,True
2020-02-08 14:33:00,28.3285,True
2020-02-08 14:33:01,28.32,True
2020-02-08 14:33:02,28.3319,True
2020-02-08 14:33:03,28.3265,True
2020-02-08 14:33:04,28.3301,True
2020-02-08 14:33:05,28.3301,True
2020-02-08 14:33:06,28.3301,True
2020-02-08 14:33:07,28.3334,True
2020-02-08 14:33:08,28.3332,True
2020-02-08 14:33:09,28.3271,True
2020-02-08 14:33:10,28.3271,True
2020-02-08 14:33:11,28.3344,True
2020-02-08 14:33:12,28.3336,True
2020-02-08 14:33:13,28.3291,True
2020-02-08 14:33:14,28.3449,True
2020-02-08 14:33:15,28.3301,True
2020-02-08 14:33:16,28.3271,True
2020-02-08 14:33:17,28.3419,True
2020-02-08 14:33:18,28.3306,True
2020-02-08 14:33:19,28.3406,True
2020-02-08 14:33:20,28.3422,True
2020-02-08 14:33:21,28.3438,True
2020-02-08 14:33:22,28.3438,True
2020-02-08 14:33:23,28.3402,True
2020-02-08 14:33:24,28.348,True
2020-02-08 14:33:25,28.3353,True
2020-02-08 14:33:26,28.3399,True
2020-02-08 14:33:27,28.344,True
2020-02-08 14:33:28,28.3413,True
2020-02-08 14:33:29,28.3331,True
2020-02-08 14:33:30,28.3331,True
2020-02-08 14:33:31,28.3432,True
2020-02-08 14:33:32,28.3382,True
2020-02-08 14:33:33,28.3416,True
2020-02-08 14:33:34,28.342399999999998,True
2020-02-08 14:33:35,28.3432,True
2020-02-08 14:33:36,28.3469,True
2020-02-08 14:33:37,28.3328,True
2020-02-08 14:33:38,28.3417,True
2020-02-08 14:33:39,28.3346,True
2020-02-08 14:33:40,28.3346,True
2020-02-08 14:33:41,28.336,True
2020-02-08 14:33:42,28.3389,True
2020-02-08 14:33:43,28.3445,True
2020-02-08 14:33:44,28.3613,True
2020-02-08 14:33:45,28.344,True
2020-02-08 14:33:46,28.3501,True
2020-02-08 14:33:47,28.3535,True
2020-02-08 14:33:48,28.3543,True
2020-02-08 14:33:49,28.3543,True
2020-02-08 14:33:50,28.3543,True
2020-02-08 14:33:51,28.3526,True
2020-02-08 14:33:52,28.3488,True
2020-02-08 14:33:53,28.3535,True
2020-02-08 14:33:54,28.3672,True
2020-02-08 14:33:55,28.3617,True
2020-02-08 14:33:56,28.364,True
2020-02-08 14:33:57,28.3654,True
2020-02-08 14:33:58,28.3687,True
2020-02-08 14:33:59,28.3687,True
2020-02-08 14:34:00,28.3707,True
2020-02-08 14:34:01,28.3562,True
2020-02-08 14:34:02,28.3651,True
2020-02-08 14:34:03,28.3586,True
2020-02-08 14:34:04,28.3555,True
2020-02-08 14:34:05,28.3572,True
2020-02-08 14:34:06,28.3589,True
2020-02-08 14:34:07,28.357,True
2020-02-08 14:34:08,28.3549,True
2020-02-08 14:34:09,28.3619,True
2020-02-08 14:34:10,28.3619,True
2020-02-08 14:34:11,28.3573,True
2020-02-08 14:34:12,28.3659,True
2020-02-08 14:34:13,28.3586,True
2020-02-08 14:34:14,28.3525,True
2020-02-08 14:34:15,28.3626,True
2020-02-08 14:34:16,28.3543,True
2020-02-08 14:34:17,28.3501,True
2020-02-08 14:34:18,28.3561,True
2020-02-08 14:34:19,28.3565,True
2020-02-08 14:34:20,28.3569,True
2020-02-08 14:34:21,28.3569,True
2020-02-08 14:34:22,28.3438,True
2020-02-08 14:34:23,28.3441,True
2020-02-08 14:34:24,28.3524,True
2020-02-08 14:34:25,28.3469,True
2020-02-08 14:34:26,28.3411,True
2020-02-08 14:34:27,28.35,True
2020-02-08 14:34:28,28.349,True
2020-02-08 14:34:29,28.349,True
2020-02-08 14:34:30,28.3423,True
2020-02-08 14:34:31,28.3486,True
2020-02-08 14:34:32,28.3423,True
2020-02-08 14:34:33,28.3493,True
2020-02-08 14:34:34,28.3467,True
2020-02-08 14:34:35,28.353,True
2020-02-08 14:34:36,28.3443,True
2020-02-08 14:34:37,28.3496,True
2020-02-08 14:34:38,28.3496,True
2020-02-08 14:34:39,28.3496,True
2020-02-08 14:34:40,28.3525,True
2020-02-08 14:34:41,28.3574,True
2020-02-08 14:34:42,28.354,True
2020-02-08 14:34:43,28.3537,True
2020-02-08 14:34:44,28.3672,True
2020-02-08 14:34:45,28.3512,True
2020-02-08 14:34:46,28.3532,True
2020-02-08 14:34:47,28.3523,True
2020-02-08 14:34:48,28.3523,True
2020-02-08 14:34:49,28.3537,True
2020-02-08 14:34:50,28.3546,True
2020-02-08 14:34:51,28.3614,True
2020-02-08 14:34:52,28.3582,True
2020-02-08 14:34:53,28.3583,True
2020-02-08 14:34:54,28.3584,True
2020-02-08 14:34:55,28.3557,True
2020-02-08 14:34:56,28.3574,True
2020-02-08 14:34:57,28.3615,True
2020-02-08 14:34:58,28.3563,True
2020-02-08 14:34:59,28.3525,True
2020-02-08 14:35:00,28.3544,True
2020-02-08 14:35:01,28.3544,True
2020-02-08 14:35:02,28.3627,True
2020-02-08 14:35:03,28.356,True
2020-02-08 14:35:04,28.3572,True
2020-02-08 14:35:05,28.3565,True
2020-02-08 14:35:06,28.3565,True
2020-02-08 14:35:07,28.3536,True
2020-02-08 14:35:08,28.3539,True
2020-02-08 14:35:09,28.3542,True
2020-02-08 14:35:10,28.3542,True
2020-02-08 14:35:11,28.3589,True
2020-02-08 14:35:12,28.3477,True
2020-02-08 14:35:13,28.3516,True
2020-02-08 14:35:14,28.3383,True
2020-02-08 14:35:15,28.3512,True
2020-02-08 14:35:16,28.3533,True
2020-02-08 14:35:17,28.3497,True
2020-02-08 14:35:18,28.3522,True
2020-02-08 14:35:19,28.3475,True
2020-02-08 14:35:20,28.3338,True
2020-02-08 14:35:21,28.3338,True
2020-02-08 14:35:22,28.3538,True
2020-02-08 14:35:23,28.3552,True
2020-02-08 14:35:24,28.3555,True
2020-02-08 14:35:25,28.3558,True
2020-02-08 14:35:26,28.3505,True
2020-02-08 14:35:27,28.3474,True
2020-02-08 14:35:28,28.3558,True
2020-02-08 14:35:29,28.3486,True
2020-02-08 14:35:30,28.3534,True
2020-02-08 14:35:31,28.3534,True
2020-02-08 14:35:32,28.3535,True
2020-02-08 14:35:33,28.3519,True
2020-02-08 14:35:34,28.3462,True
2020-02-08 14:35:35,28.3423,True
2020-02-08 14:35:36,28.3516,True
2020-02-08 14:35:37,28.3473,True
2020-02-08 14:35:38,28.343,True
2020-02-08 14:35:39,28.3479,True
2020-02-08 14:35:40,28.3481,True
2020-02-08 14:35:41,28.3541,True
2020-02-08 14:35:42,28.3533,True
2020-02-08 14:35:43,28.3533,True
2020-02-08 14:35:44,28.354,True
2020-02-08 14:35:45,28.36,True
2020-02-08 14:35:46,28.3549,True
2020-02-08 14:35:47,28.3642,True
2020-02-08 14:35:48,28.3697,True
2020-02-08 14:35:49,28.3752,True
2020-02-08 14:35:50,28.3687,True
2020-02-08 14:35:51,28.37,True
2020-02-08 14:35:52,28.3621,True
2020-02-08 14:35:53,28.3678,True
2020-02-08 14:35:54,28.3703,True
2020-02-08 14:35:55,28.3703,True
2020-02-08 14:35:56,28.3672,True
2020-02-08 14:35:57,28.3702,True
2020-02-08 14:35:58,28.3723,True
2020-02-08 14:35:59,28.372,True
2020-02-08 14:36:00,28.3675,True
2020-02-08 14:36:01,28.3686,True
2020-02-08 14:36:02,28.3697,True
2020-02-08 14:36:03,28.3806,True
2020-02-08 14:36:04,28.3656,True
2020-02-08 14:36:05,28.3599,True
2020-02-08 14:36:06,28.3599,True
2020-02-08 14:36:07,28.3657,True
2020-02-08 14:36:08,28.3649,True
2020-02-08 14:36:09,28.3619,True
2020-02-08 14:36:10,28.3643,True
2020-02-08 14:36:11,28.3602,True
2020-02-08 14:36:12,28.3563,True
2020-02-08 14:36:13,28.365,True
2020-02-08 14:36:14,28.359,True
2020-02-08 14:36:15,28.36915,True
2020-02-08 14:36:16,28.3793,True
2020-02-08 14:36:17,28.3617,True
2020-02-08 14:36:18,28.3617,True
2020-02-08 14:36:19,28.3601,True
2020-02-08 14:36:20,28.3585,True
2020-02-08 14:36:21,28.3613,True
2020-02-08 14:36:22,28.3597,True
2020-02-08 14:36:23,28.362,True
2020-02-08 14:36:24,28.3617,True
2020-02-08 14:36:25,28.3606,True
2020-02-08 14:36:26,28.3606,True
2020-02-08 14:36:27,28.3624,True
2020-02-08 14:36:28,28.3609,True
2020-02-08 14:36:29,28.3649,True
2020-02-08 14:36:30,28.367,True
2020-02-08 14:36:31,28.3611,True
2020-02-08 14:36:32,28.3552,True
2020-02-08 14:36:33,28.3577,True
2020-02-08 14:36:34,28.3577,True
2020-02-08 14:36:35,28.3625,True
2020-02-08 14:36:36,28.3706,True
2020-02-08 14:36:37,28.3706,True
2020-02-08 14:36:38,28.3817,True
2020-02-08 14:36:39,28.369,True
2020-02-08 14:36:40,28.3784,True
2020-02-08 14:36:41,28.3696,True
2020-02-08 14:36:42,28.3782,True
2020-02-08 14:36:43,28.3806,True
2020-02-08 14:36:44,28.3894,True
2020-02-08 14:36:45,28.3894,True
2020-02-08 14:36:46,28.3881,True
2020-02-08 14:36:47,28.3908,True
2020-02-08 14:36:48,28.3935,True
2020-02-08 14:36:49,28.3843,True
2020-02-08 14:36:50,28.3918,True
2020-02-08 14:36:51,28.3978,True
2020-02-08 14:36:52,28.4072,True
2020-02-08 14:36:53,28.4092,True
2020-02-08 14:36:54,28.4154,True
2020-02-08 14:36:55,28.4168,True
2020-02-08 14:36:56,28.4168,True
2020-02-08 14:36:57,28.4209,True
2020-02-08 14:36:58,28.4186,True
2020-02-08 14:36:59,28.4183,True
2020-02-08 14:37:00,28.4263,True
2020-02-08 14:37:01,28.43085,True
2020-02-08 14:37:02,28.4354,True
2020-02-08 14:37:03,28.4225,True
2020-02-08 14:37:04,28.431,True
2020-02-08 14:37:05,28.4272,True
2020-02-08 14:37:06,28.4272,True
2020-02-08 14:37:07,28.4375,True
2020-02-08 14:37:08,28.4265,True
2020-02-08 14:37:09,28.4265,True
2020-02-08 14:37:10,28.4287,True
2020-02-08 14:37:11,28.4285,True
2020-02-08 14:37:12,28.4191,True
2020-02-08 14:37:13,28.4269,True
2020-02-08 14:37:14,28.4346,True
2020-02-08 14:37:15,28.4256,True
2020-02-08 14:37:16,28.4272,True
2020-02-08 14:37:17,28.4288,True
2020-02-08 14:37:18,28.4353,True
2020-02-08 14:37:19,28.4203,True
2020-02-08 14:37:20,28.4203,True
2020-02-08 14:37:21,28.4225,True
2020-02-08 14:37:22,28.428,True
2020-02-08 14:37:23,28.4229,True
2020-02-08 14:37:24,28.4224,True
2020-02-08 14:37:25,28.4213,True
2020-02-08 14:37:26,28.4244,True
2020-02-08 14:37:27,28.4275,False
2020-02-08 14:37:28,28.4205,False
2020-02-08 14:37:29,28.4205,False
2020-02-08 14:37:30,28.41585,False
2020-02-08 14:37:31,28.4112,False
2020-02-08 14:37:32,28.4042,False
2020-02-08 14:37:33,28.4092,False
2020-02-08 14:37:34,28.4158,False
2020-02-08 14:37:35,28.4084,False
2020-02-08 14:37:36,28.4088,False
2020-02-08 14:37:37,28.4047,False
2020-02-08 14:37:38,28.4095,False
2020-02-08 14:37:39,28.4128,False
2020-02-08 14:37:40,28.4128,False
2020-02-08 14:37:41,28.4113,False
2020-02-08 14:37:42,28.4082,False
2020-02-08 14:37:43,28.41375,False
2020-02-08 14:37:44,28.4193,False
2020-02-08 14:37:45,28.4158,False
2020-02-08 14:37:46,28.4213,False
2020-02-08 14:37:47,28.4274,False
2020-02-08 14:37:48,28.4285,False
2020-02-08 14:37:49,28.4303,False
2020-02-08 14:37:50,28.4245,False
2020-02-08 14:37:51,28.4245,False
2020-02-08 14:37:52,28.4237,False
2020-02-08 14:37:53,28.4213,False
2020-02-08 14:37:54,28.4223,False
2020-02-08 14:37:55,28.4271,False
2020-02-08 14:37:56,28.4157,False
2020-02-08 14:37:57,28.420099999999998,False
2020-02-08 14:37:58,28.4245,False
2020-02-08 14:37:59,28.4278,False
2020-02-08 14:38:00,28.4251,False
2020-02-08 14:38:01,28.4212,False
2020-02-08 14:38:02,28.4212,False
2020-02-08 14:38:03,28.4295,False
2020-02-08 14:38:04,28.4202,False
2020-02-08 14:38:05,28.4326,False
2020-02-08 14:38:06,28.4288,False
2020-02-08 14:38:07,28.4249,False
2020-02-08 14:38:08,28.4213,False
2020-02-08 14:38:09,28.4252,False
2020-02-08 14:38:10,28.4274,False
2020-02-08 14:38:11,28.431849999999997,False
2020-02-08 14:38:12,28.4363,False
2020-02-08 14:38:13,28.4363,False
2020-02-08 14:38:14,28.4293,False
2020-02-08 14:38:15,28.4225,False
2020-02-08 14:38:16,28.4288,False
2020-02-08 14:38:17,28.4293,False
2020-02-08 14:38:18,28.4282,False
2020-02-08 14:38:19,28.4329,False
2020-02-08 14:38:20,28.4296,False
2020-02-08 14:38:21,28.4339,False
2020-02-08 14:38:22,28.4339,False
2020-02-08 14:38:23,28.4303,False
2020-02-08 14:38:24,28.4273,False
2020-02-08 14:38:25,28.4243,False
2020-02-08 14:38:26,28.4377,False
