timestamp,voltage_006,trainval
2020-02-08 15:10:47,225.733,True
2020-02-08 15:10:48,248.256,True
2020-02-08 15:10:49,236.837,True
2020-02-08 15:10:50,238.725,True
2020-02-08 15:10:51,240.378,True
2020-02-08 15:10:52,229.146,True
2020-02-08 15:10:53,233.003,True
2020-02-08 15:10:54,226.841,True
2020-02-08 15:10:55,220.679,True
2020-02-08 15:10:56,231.018,True
2020-02-08 15:10:57,234.471,True
2020-02-08 15:10:58,229.149,True
2020-02-08 15:10:59,208.331,True
2020-02-08 15:11:00,235.673,True
2020-02-08 15:11:01,245.552,True
2020-02-08 15:11:02,228.913,True
2020-02-08 15:11:03,237.485,True
2020-02-08 15:11:04,229.026,True
2020-02-08 15:11:05,230.616,True
2020-02-08 15:11:06,238.881,True
2020-02-08 15:11:07,233.612,True
2020-02-08 15:11:08,224.482,True
2020-02-08 15:11:09,235.587,True
2020-02-08 15:11:10,225.709,True
2020-02-08 15:11:11,230.336,True
2020-02-08 15:11:12,229.382,True
2020-02-08 15:11:13,241.726,True
2020-02-08 15:11:14,225.235,True
2020-02-08 15:11:15,216.162,True
2020-02-08 15:11:16,219.653,True
2020-02-08 15:11:17,232.46249999999998,True
2020-02-08 15:11:18,245.272,True
2020-02-08 15:11:19,218.903,True
2020-02-08 15:11:20,223.743,True
2020-02-08 15:11:21,225.447,True
2020-02-08 15:11:22,252.026,True
2020-02-08 15:11:23,228.066,True
2020-02-08 15:11:24,220.132,True
2020-02-08 15:11:25,224.818,True
2020-02-08 15:11:26,236.465,True
2020-02-08 15:11:27,233.46,True
2020-02-08 15:11:28,210.825,True
2020-02-08 15:11:29,218.462,True
2020-02-08 15:11:30,234.713,True
2020-02-08 15:11:31,229.942,True
2020-02-08 15:11:32,229.412,True
2020-02-08 15:11:33,228.722,True
2020-02-08 15:11:34,248.49,True
2020-02-08 15:11:35,204.485,True
2020-02-08 15:11:36,229.133,True
2020-02-08 15:11:37,233.264,True
2020-02-08 15:11:38,234.542,True
2020-02-08 15:11:39,236.796,True
2020-02-08 15:11:40,241.6095,True
2020-02-08 15:11:41,246.423,True
2020-02-08 15:11:42,203.531,True
2020-02-08 15:11:43,231.259,True
2020-02-08 15:11:44,207.37,True
2020-02-08 15:11:45,244.346,True
2020-02-08 15:11:46,234.883,True
2020-02-08 15:11:47,227.395,True
2020-02-08 15:11:48,232.285,True
2020-02-08 15:11:49,232.747,True
2020-02-08 15:11:50,216.127,True
2020-02-08 15:11:51,209.146,True
2020-02-08 15:11:52,251.751,True
2020-02-08 15:11:53,218.708,True
2020-02-08 15:11:54,223.593,True
2020-02-08 15:11:55,228.728,True
2020-02-08 15:11:56,221.715,True
2020-02-08 15:11:57,218.717,True
2020-02-08 15:11:58,241.747,True
2020-02-08 15:11:59,229.74,True
2020-02-08 15:12:00,243.845,True
2020-02-08 15:12:01,237.243,True
2020-02-08 15:12:02,229.126,True
2020-02-08 15:12:03,226.5795,True
2020-02-08 15:12:04,224.033,True
2020-02-08 15:12:05,235.015,True
2020-02-08 15:12:06,232.141,True
2020-02-08 15:12:07,235.667,True
2020-02-08 15:12:08,226.525,True
2020-02-08 15:12:09,232.075,True
2020-02-08 15:12:10,218.265,True
2020-02-08 15:12:11,219.035,True
2020-02-08 15:12:12,250.408,True
2020-02-08 15:12:13,232.882,True
2020-02-08 15:12:14,228.426,True
2020-02-08 15:12:15,236.525,True
2020-02-08 15:12:16,229.173,True
2020-02-08 15:12:17,224.844,True
2020-02-08 15:12:18,251.537,True
2020-02-08 15:12:19,226.905,True
2020-02-08 15:12:20,226.551,True
2020-02-08 15:12:21,228.716,True
2020-02-08 15:12:22,225.349,True
2020-02-08 15:12:23,251.24,True
2020-02-08 15:12:24,228.44,True
2020-02-08 15:12:25,223.6125,True
2020-02-08 15:12:26,218.785,True
2020-02-08 15:12:27,224.565,True
2020-02-08 15:12:28,228.092,True
2020-02-08 15:12:29,247.166,True
2020-02-08 15:12:30,241.889,True
2020-02-08 15:12:31,235.545,True
2020-02-08 15:12:32,229.157,True
2020-02-08 15:12:33,250.877,True
2020-02-08 15:12:34,226.828,True
2020-02-08 15:12:35,218.752,True
2020-02-08 15:12:36,227.064,True
2020-02-08 15:12:37,237.081,True
2020-02-08 15:12:38,203.176,True
2020-02-08 15:12:39,207.867,True
2020-02-08 15:12:40,216.836,True
2020-02-08 15:12:41,218.343,True
2020-02-08 15:12:42,218.362,True
2020-02-08 15:12:43,249.893,True
2020-02-08 15:12:44,223.647,True
2020-02-08 15:12:45,227.97,True
2020-02-08 15:12:46,235.685,True
2020-02-08 15:12:47,236.6495,True
2020-02-08 15:12:48,237.614,True
2020-02-08 15:12:49,229.419,True
2020-02-08 15:12:50,209.501,True
2020-02-08 15:12:51,229.03,True
2020-02-08 15:12:52,237.911,True
2020-02-08 15:12:53,214.971,True
2020-02-08 15:12:54,212.417,True
2020-02-08 15:12:55,229.306,True
2020-02-08 15:12:56,225.605,True
2020-02-08 15:12:57,248.944,True
2020-02-08 15:12:58,219.588,True
2020-02-08 15:12:59,240.048,True
2020-02-08 15:13:00,232.288,True
2020-02-08 15:13:01,228.054,True
2020-02-08 15:13:02,203.401,True
2020-02-08 15:13:03,229.93,True
2020-02-08 15:13:04,231.663,True
2020-02-08 15:13:05,225.552,True
2020-02-08 15:13:06,214.567,True
2020-02-08 15:13:07,244.977,True
2020-02-08 15:13:08,204.551,True
2020-02-08 15:13:09,232.706,True
2020-02-08 15:13:10,233.19799999999998,True
2020-02-08 15:13:11,233.69,True
2020-02-08 15:13:12,224.933,True
2020-02-08 15:13:13,236.401,True
2020-02-08 15:13:14,245.151,True
2020-02-08 15:13:15,250.312,True
2020-02-08 15:13:16,223.693,True
2020-02-08 15:13:17,210.507,True
2020-02-08 15:13:18,225.628,True
2020-02-08 15:13:19,230.491,True
2020-02-08 15:13:20,203.207,True
2020-02-08 15:13:21,239.665,True
2020-02-08 15:13:22,231.13,True
2020-02-08 15:13:23,239.119,True
2020-02-08 15:13:24,241.27,True
2020-02-08 15:13:25,229.985,True
2020-02-08 15:13:26,239.381,True
2020-02-08 15:13:27,234.253,True
2020-02-08 15:13:28,238.347,True
2020-02-08 15:13:29,240.291,True
2020-02-08 15:13:30,251.232,True
2020-02-08 15:13:31,250.827,True
2020-02-08 15:13:32,238.26,True
2020-02-08 15:13:33,232.58249999999998,True
2020-02-08 15:13:34,226.905,True
2020-02-08 15:13:35,242.831,True
2020-02-08 15:13:36,238.977,True
2020-02-08 15:13:37,223.55,True
2020-02-08 15:13:38,203.652,True
2020-02-08 15:13:39,229.05,True
2020-02-08 15:13:40,246.977,True
2020-02-08 15:13:41,230.553,True
2020-02-08 15:13:42,224.275,True
2020-02-08 15:13:43,235.88,True
2020-02-08 15:13:44,222.611,True
2020-02-08 15:13:45,224.237,True
2020-02-08 15:13:46,229.513,True
2020-02-08 15:13:47,229.359,True
2020-02-08 15:13:48,226.006,True
2020-02-08 15:13:49,231.685,True
2020-02-08 15:13:50,224.977,True
2020-02-08 15:13:51,225.671,True
2020-02-08 15:13:52,244.725,True
2020-02-08 15:13:53,228.721,True
2020-02-08 15:13:54,236.597,True
2020-02-08 15:13:55,223.576,True
2020-02-08 15:13:56,238.34,True
2020-02-08 15:13:57,241.292,True
2020-02-08 15:13:58,244.244,True
2020-02-08 15:13:59,219.54,True
2020-02-08 15:14:00,209.208,True
2020-02-08 15:14:01,231.923,True
2020-02-08 15:14:02,236.995,True
2020-02-08 15:14:03,226.732,True
2020-02-08 15:14:04,227.2,True
2020-02-08 15:14:05,228.732,True
2020-02-08 15:14:06,228.502,True
2020-02-08 15:14:07,219.426,True
2020-02-08 15:14:08,235.401,True
2020-02-08 15:14:09,225.079,True
2020-02-08 15:14:10,225.723,True
2020-02-08 15:14:11,221.95,True
2020-02-08 15:14:12,226.348,True
2020-02-08 15:14:13,243.158,True
2020-02-08 15:14:14,239.811,True
2020-02-08 15:14:15,234.889,True
2020-02-08 15:14:16,232.296,True
2020-02-08 15:14:17,251.293,True
2020-02-08 15:14:18,207.817,True
2020-02-08 15:14:19,229.959,True
2020-02-08 15:14:20,229.70850000000002,True
2020-02-08 15:14:21,229.458,True
2020-02-08 15:14:22,221.152,True
2020-02-08 15:14:23,227.76,True
2020-02-08 15:14:24,225.968,True
2020-02-08 15:14:25,209.591,True
2020-02-08 15:14:26,231.711,True
2020-02-08 15:14:27,205.011,True
2020-02-08 15:14:28,229.743,True
2020-02-08 15:14:29,227.462,True
2020-02-08 15:14:30,230.595,True
2020-02-08 15:14:31,223.862,True
2020-02-08 15:14:32,228.646,True
2020-02-08 15:14:33,240.831,True
2020-02-08 15:14:34,239.553,True
2020-02-08 15:14:35,229.688,True
2020-02-08 15:14:36,243.066,True
2020-02-08 15:14:37,229.001,True
2020-02-08 15:14:38,228.804,True
2020-02-08 15:14:39,229.57,True
2020-02-08 15:14:40,229.139,True
2020-02-08 15:14:41,233.8255,True
2020-02-08 15:14:42,238.512,True
2020-02-08 15:14:43,251.971,True
2020-02-08 15:14:44,228.224,True
2020-02-08 15:14:45,211.749,True
2020-02-08 15:14:46,232.606,True
2020-02-08 15:14:47,225.762,True
2020-02-08 15:14:48,216.596,True
2020-02-08 15:14:49,237.724,True
2020-02-08 15:14:50,229.092,True
2020-02-08 15:14:51,228.031,True
2020-02-08 15:14:52,240.335,True
2020-02-08 15:14:53,229.192,True
2020-02-08 15:14:54,230.435,True
2020-02-08 15:14:55,207.433,True
2020-02-08 15:14:56,222.086,True
2020-02-08 15:14:57,251.438,True
2020-02-08 15:14:58,224.534,True
2020-02-08 15:14:59,225.152,True
2020-02-08 15:15:00,204.84,True
2020-02-08 15:15:01,222.167,True
2020-02-08 15:15:02,206.877,True
2020-02-08 15:15:03,233.07,True
2020-02-08 15:15:04,231.00900000000001,True
2020-02-08 15:15:05,228.948,True
2020-02-08 15:15:06,223.512,True
2020-02-08 15:15:07,243.144,True
2020-02-08 15:15:08,214.936,True
2020-02-08 15:15:09,249.238,True
2020-02-08 15:15:10,229.138,True
2020-02-08 15:15:11,214.452,True
2020-02-08 15:15:12,230.552,True
2020-02-08 15:15:13,206.96,True
2020-02-08 15:15:14,238.626,True
2020-02-08 15:15:15,219.606,True
2020-02-08 15:15:16,237.993,True
2020-02-08 15:15:17,225.228,True
2020-02-08 15:15:18,225.352,True
2020-02-08 15:15:19,233.675,True
2020-02-08 15:15:20,233.442,True
2020-02-08 15:15:21,248.234,True
2020-02-08 15:15:22,202.861,True
2020-02-08 15:15:23,225.851,True
2020-02-08 15:15:24,213.114,True
2020-02-08 15:15:25,228.997,True
2020-02-08 15:15:26,222.623,True
2020-02-08 15:15:27,234.0255,True
2020-02-08 15:15:28,245.428,True
2020-02-08 15:15:29,228.482,True
2020-02-08 15:15:30,210.015,True
2020-02-08 15:15:31,249.781,True
2020-02-08 15:15:32,231.77,True
2020-02-08 15:15:33,206.861,True
2020-02-08 15:15:34,236.898,True
2020-02-08 15:15:35,232.596,True
2020-02-08 15:15:36,226.172,True
2020-02-08 15:15:37,247.394,True
2020-02-08 15:15:38,240.18,True
2020-02-08 15:15:39,225.616,True
2020-02-08 15:15:40,250.602,True
2020-02-08 15:15:41,228.404,True
2020-02-08 15:15:42,231.638,True
2020-02-08 15:15:43,236.448,True
2020-02-08 15:15:44,226.974,True
2020-02-08 15:15:45,249.773,True
2020-02-08 15:15:46,237.059,True
2020-02-08 15:15:47,237.08,True
2020-02-08 15:15:48,213.605,True
2020-02-08 15:15:49,244.931,True
2020-02-08 15:15:50,224.974,True
2020-02-08 15:15:51,205.017,True
2020-02-08 15:15:52,226.547,True
2020-02-08 15:15:53,228.366,True
2020-02-08 15:15:54,230.171,True
2020-02-08 15:15:55,228.157,True
2020-02-08 15:15:56,231.917,True
2020-02-08 15:15:57,225.075,True
2020-02-08 15:15:58,227.163,True
2020-02-08 15:15:59,228.646,True
2020-02-08 15:16:00,229.282,True
2020-02-08 15:16:01,221.092,True
2020-02-08 15:16:02,243.21,True
2020-02-08 15:16:03,229.088,True
2020-02-08 15:16:04,220.98,True
2020-02-08 15:16:05,227.422,True
2020-02-08 15:16:06,205.927,True
2020-02-08 15:16:07,244.97,True
2020-02-08 15:16:08,220.625,True
2020-02-08 15:16:09,211.632,True
2020-02-08 15:16:10,219.343,True
2020-02-08 15:16:11,227.243,True
2020-02-08 15:16:12,231.999,True
2020-02-08 15:16:13,236.755,True
2020-02-08 15:16:14,227.653,True
2020-02-08 15:16:15,227.31,True
2020-02-08 15:16:16,229.092,True
2020-02-08 15:16:17,236.215,True
2020-02-08 15:16:18,231.025,True
2020-02-08 15:16:19,222.951,True
2020-02-08 15:16:20,228.873,True
2020-02-08 15:16:21,233.07,True
2020-02-08 15:16:22,203.877,True
2020-02-08 15:16:23,211.139,True
2020-02-08 15:16:24,250.677,True
2020-02-08 15:16:25,219.532,True
2020-02-08 15:16:26,230.889,True
2020-02-08 15:16:27,236.617,True
2020-02-08 15:16:28,233.193,True
2020-02-08 15:16:29,229.429,True
2020-02-08 15:16:30,246.058,True
2020-02-08 15:16:31,230.997,True
2020-02-08 15:16:32,204.01,True
2020-02-08 15:16:33,224.094,True
2020-02-08 15:16:34,227.995,True
2020-02-08 15:16:35,231.896,True
2020-02-08 15:16:36,219.074,True
2020-02-08 15:16:37,251.052,True
2020-02-08 15:16:38,241.426,True
2020-02-08 15:16:39,239.487,True
2020-02-08 15:16:40,244.703,True
2020-02-08 15:16:41,222.554,True
2020-02-08 15:16:42,247.291,True
2020-02-08 15:16:43,242.554,True
2020-02-08 15:16:44,206.293,True
2020-02-08 15:16:45,236.716,True
2020-02-08 15:16:46,205.582,True
2020-02-08 15:16:47,204.051,True
2020-02-08 15:16:48,246.322,True
2020-02-08 15:16:49,221.686,True
2020-02-08 15:16:50,208.778,True
2020-02-08 15:16:51,222.652,True
2020-02-08 15:16:52,228.322,True
2020-02-08 15:16:53,222.856,True
2020-02-08 15:16:54,225.214,True
2020-02-08 15:16:55,231.092,True
2020-02-08 15:16:56,226.9135,True
2020-02-08 15:16:57,222.735,True
2020-02-08 15:16:58,202.921,True
2020-02-08 15:16:59,238.385,True
2020-02-08 15:17:00,247.567,True
2020-02-08 15:17:01,225.674,True
2020-02-08 15:17:02,217.754,True
2020-02-08 15:17:03,222.51,True
2020-02-08 15:17:04,224.574,True
2020-02-08 15:17:05,228.248,True
2020-02-08 15:17:06,236.498,True
2020-02-08 15:17:07,230.483,True
2020-02-08 15:17:08,241.661,True
2020-02-08 15:17:09,231.46,True
2020-02-08 15:17:10,214.57,True
2020-02-08 15:17:11,227.87,True
2020-02-08 15:17:12,229.804,True
2020-02-08 15:17:13,224.07,True
2020-02-08 15:17:14,204.32,True
2020-02-08 15:17:15,228.425,True
2020-02-08 15:17:16,237.863,True
2020-02-08 15:17:17,229.091,True
2020-02-08 15:17:18,226.565,True
2020-02-08 15:17:19,214.918,True
2020-02-08 15:17:20,211.73250000000002,True
2020-02-08 15:17:21,208.547,True
2020-02-08 15:17:22,206.471,True
2020-02-08 15:17:23,246.314,True
2020-02-08 15:17:24,227.461,True
2020-02-08 15:17:25,229.38,True
2020-02-08 15:17:26,216.678,True
2020-02-08 15:17:27,235.682,True
2020-02-08 15:17:28,239.646,True
2020-02-08 15:17:29,242.409,True
2020-02-08 15:17:30,228.699,True
2020-02-08 15:17:31,227.813,True
2020-02-08 15:17:32,214.91,True
2020-02-08 15:17:33,221.351,True
2020-02-08 15:17:34,222.137,True
2020-02-08 15:17:35,229.427,True
2020-02-08 15:17:36,231.544,True
2020-02-08 15:17:37,251.361,True
2020-02-08 15:17:38,249.241,True
2020-02-08 15:17:39,230.84,True
2020-02-08 15:17:40,225.833,True
2020-02-08 15:17:41,225.786,True
2020-02-08 15:17:42,225.739,True
2020-02-08 15:17:43,226.061,True
2020-02-08 15:17:44,251.755,True
2020-02-08 15:17:45,221.597,True
2020-02-08 15:17:46,238.802,True
2020-02-08 15:17:47,232.458,True
2020-02-08 15:17:48,228.932,True
2020-02-08 15:17:49,240.464,True
2020-02-08 15:17:50,224.768,True
2020-02-08 15:17:51,206.644,True
2020-02-08 15:17:52,220.106,True
2020-02-08 15:17:53,214.052,True
2020-02-08 15:17:54,225.982,True
2020-02-08 15:17:55,206.079,True
2020-02-08 15:17:56,234.945,True
2020-02-08 15:17:57,235.298,True
2020-02-08 15:17:58,222.23,True
2020-02-08 15:17:59,251.695,True
2020-02-08 15:18:00,229.174,True
2020-02-08 15:18:01,236.694,True
2020-02-08 15:18:02,234.111,True
2020-02-08 15:18:03,227.76,True
2020-02-08 15:18:04,221.409,True
2020-02-08 15:18:05,251.473,True
2020-02-08 15:18:06,231.645,True
2020-02-08 15:18:07,210.158,True
2020-02-08 15:18:08,231.287,True
2020-02-08 15:18:09,233.68,True
2020-02-08 15:18:10,222.005,True
2020-02-08 15:18:11,231.414,True
2020-02-08 15:18:12,236.326,True
2020-02-08 15:18:13,224.727,True
2020-02-08 15:18:14,239.77,True
2020-02-08 15:18:15,244.092,True
2020-02-08 15:18:16,214.23,True
2020-02-08 15:18:17,206.957,True
2020-02-08 15:18:18,229.036,True
2020-02-08 15:18:19,229.019,True
2020-02-08 15:18:20,229.493,True
2020-02-08 15:18:21,214.35,True
2020-02-08 15:18:22,248.301,True
2020-02-08 15:18:23,228.701,True
2020-02-08 15:18:24,209.101,True
2020-02-08 15:18:25,247.796,True
2020-02-08 15:18:26,205.719,True
2020-02-08 15:18:27,215.211,True
2020-02-08 15:18:28,207.711,True
2020-02-08 15:18:29,228.099,True
2020-02-08 15:18:30,204.568,True
2020-02-08 15:18:31,229.091,True
2020-02-08 15:18:32,216.483,True
2020-02-08 15:18:33,230.909,True
2020-02-08 15:18:34,229.284,True
2020-02-08 15:18:35,221.106,True
2020-02-08 15:18:36,230.883,True
2020-02-08 15:18:37,227.81,True
2020-02-08 15:18:38,228.715,True
2020-02-08 15:18:39,215.322,True
2020-02-08 15:18:40,218.654,True
2020-02-08 15:18:41,219.147,True
2020-02-08 15:18:42,223.545,True
2020-02-08 15:18:43,218.742,True
2020-02-08 15:18:44,227.374,True
2020-02-08 15:18:45,230.091,True
2020-02-08 15:18:46,241.183,True
2020-02-08 15:18:47,252.275,True
2020-02-08 15:18:48,229.628,True
2020-02-08 15:18:49,232.476,True
2020-02-08 15:18:50,230.652,True
2020-02-08 15:18:51,227.223,True
2020-02-08 15:18:52,241.968,True
2020-02-08 15:18:53,233.071,True
2020-02-08 15:18:54,229.754,True
2020-02-08 15:18:55,243.743,True
2020-02-08 15:18:56,236.326,True
2020-02-08 15:18:57,202.194,True
2020-02-08 15:18:58,212.095,True
2020-02-08 15:18:59,248.653,True
2020-02-08 15:19:00,208.076,True
2020-02-08 15:19:01,216.913,True
2020-02-08 15:19:02,203.878,True
2020-02-08 15:19:03,222.811,True
2020-02-08 15:19:04,228.408,True
2020-02-08 15:19:05,236.701,True
2020-02-08 15:19:06,244.937,True
2020-02-08 15:19:07,231.939,True
2020-02-08 15:19:08,215.472,True
2020-02-08 15:19:09,210.2305,True
2020-02-08 15:19:10,204.989,True
2020-02-08 15:19:11,215.363,True
2020-02-08 15:19:12,225.028,True
2020-02-08 15:19:13,241.083,True
2020-02-08 15:19:14,222.977,True
2020-02-08 15:19:15,229.757,True
2020-02-08 15:19:16,234.197,True
2020-02-08 15:19:17,225.036,True
2020-02-08 15:19:18,229.024,True
2020-02-08 15:19:19,237.314,True
2020-02-08 15:19:20,242.74,True
2020-02-08 15:19:21,215.65,True
2020-02-08 15:19:22,229.952,True
2020-02-08 15:19:23,216.229,True
2020-02-08 15:19:24,225.542,True
2020-02-08 15:19:25,207.607,True
2020-02-08 15:19:26,233.06,True
2020-02-08 15:19:27,205.847,True
2020-02-08 15:19:28,211.331,True
2020-02-08 15:19:29,222.83,True
2020-02-08 15:19:30,226.247,True
2020-02-08 15:19:31,229.664,True
2020-02-08 15:19:32,225.996,True
2020-02-08 15:19:33,232.808,True
2020-02-08 15:19:34,230.547,True
2020-02-08 15:19:35,237.059,True
2020-02-08 15:19:36,232.729,True
2020-02-08 15:19:37,221.533,True
2020-02-08 15:19:38,250.136,True
2020-02-08 15:19:39,230.388,True
2020-02-08 15:19:40,233.012,True
2020-02-08 15:19:41,205.816,True
2020-02-08 15:19:42,247.004,True
2020-02-08 15:19:43,231.775,True
2020-02-08 15:19:44,227.969,True
2020-02-08 15:19:45,223.922,True
2020-02-08 15:19:46,225.489,True
2020-02-08 15:19:47,231.401,True
2020-02-08 15:19:48,225.661,True
2020-02-08 15:19:49,207.891,True
2020-02-08 15:19:50,227.339,True
2020-02-08 15:19:51,232.195,True
2020-02-08 15:19:52,241.763,True
2020-02-08 15:19:53,229.653,True
2020-02-08 15:19:54,228.966,True
2020-02-08 15:19:55,229.309,True
2020-02-08 15:19:56,229.652,True
2020-02-08 15:19:57,232.755,True
2020-02-08 15:19:58,229.223,True
2020-02-08 15:19:59,237.908,True
2020-02-08 15:20:00,205.653,True
2020-02-08 15:20:01,205.233,True
2020-02-08 15:20:02,233.49,True
2020-02-08 15:20:03,209.309,True
2020-02-08 15:20:04,236.736,True
2020-02-08 15:20:05,233.447,True
2020-02-08 15:20:06,225.676,True
2020-02-08 15:20:07,227.679,True
2020-02-08 15:20:08,240.3,True
2020-02-08 15:20:09,222.082,True
2020-02-08 15:20:10,207.242,True
2020-02-08 15:20:11,223.933,True
2020-02-08 15:20:12,217.64,True
2020-02-08 15:20:13,232.371,True
2020-02-08 15:20:14,229.003,True
2020-02-08 15:20:15,234.018,True
2020-02-08 15:20:16,216.402,True
2020-02-08 15:20:17,204.997,True
2020-02-08 15:20:18,221.98200000000003,True
2020-02-08 15:20:19,238.967,True
2020-02-08 15:20:20,217.017,True
2020-02-08 15:20:21,227.852,True
2020-02-08 15:20:22,243.536,True
2020-02-08 15:20:23,225.836,True
2020-02-08 15:20:24,251.221,True
2020-02-08 15:20:25,232.69,True
2020-02-08 15:20:26,231.261,True
2020-02-08 15:20:27,223.075,True
2020-02-08 15:20:28,206.467,True
2020-02-08 15:20:29,206.878,True
2020-02-08 15:20:30,219.509,True
2020-02-08 15:20:31,228.486,True
2020-02-08 15:20:32,215.845,True
2020-02-08 15:20:33,217.88,True
2020-02-08 15:20:34,238.162,True
2020-02-08 15:20:35,233.585,True
2020-02-08 15:20:36,236.524,True
2020-02-08 15:20:37,218.974,True
2020-02-08 15:20:38,222.483,True
2020-02-08 15:20:39,217.126,True
2020-02-08 15:20:40,224.347,True
2020-02-08 15:20:41,231.9375,True
2020-02-08 15:20:42,239.528,True
2020-02-08 15:20:43,222.215,True
2020-02-08 15:20:44,214.795,True
2020-02-08 15:20:45,230.32,True
2020-02-08 15:20:46,223.3,True
2020-02-08 15:20:47,233.516,True
2020-02-08 15:20:48,212.644,True
2020-02-08 15:20:49,227.625,True
2020-02-08 15:20:50,240.174,True
2020-02-08 15:20:51,229.52,True
2020-02-08 15:20:52,226.301,True
2020-02-08 15:20:53,218.834,True
2020-02-08 15:20:54,246.415,True
2020-02-08 15:20:55,222.904,True
2020-02-08 15:20:56,231.094,True
2020-02-08 15:20:57,229.045,True
2020-02-08 15:20:58,229.432,True
2020-02-08 15:20:59,236.96,True
2020-02-08 15:21:00,234.99,True
2020-02-08 15:21:01,231.276,True
2020-02-08 15:21:02,251.24,True
2020-02-08 15:21:03,223.562,True
2020-02-08 15:21:04,222.588,True
2020-02-08 15:21:05,221.117,True
2020-02-08 15:21:06,219.646,True
2020-02-08 15:21:07,231.62,True
2020-02-08 15:21:08,243.983,True
2020-02-08 15:21:09,227.207,True
2020-02-08 15:21:10,215.638,True
2020-02-08 15:21:11,241.908,True
2020-02-08 15:21:12,225.226,True
2020-02-08 15:21:13,226.335,True
2020-02-08 15:21:14,226.125,True
2020-02-08 15:21:15,205.951,True
2020-02-08 15:21:16,225.552,True
2020-02-08 15:21:17,220.053,True
2020-02-08 15:21:18,220.669,True
2020-02-08 15:21:19,227.751,True
2020-02-08 15:21:20,226.821,True
2020-02-08 15:21:21,221.41,True
2020-02-08 15:21:22,237.398,True
2020-02-08 15:21:23,231.475,True
2020-02-08 15:21:24,227.666,True
2020-02-08 15:21:25,222.612,True
2020-02-08 15:21:26,222.241,True
2020-02-08 15:21:27,224.942,True
2020-02-08 15:21:28,231.88049999999998,True
2020-02-08 15:21:29,238.819,True
2020-02-08 15:21:30,214.697,True
2020-02-08 15:21:31,223.18,True
2020-02-08 15:21:32,223.843,True
2020-02-08 15:21:33,240.513,True
2020-02-08 15:21:34,227.622,True
2020-02-08 15:21:35,252.09,True
2020-02-08 15:21:36,228.489,True
2020-02-08 15:21:37,233.054,True
2020-02-08 15:21:38,244.226,True
2020-02-08 15:21:39,247.307,True
2020-02-08 15:21:40,245.482,True
2020-02-08 15:21:41,229.566,True
2020-02-08 15:21:42,234.831,True
2020-02-08 15:21:43,212.147,True
2020-02-08 15:21:44,228.74,True
2020-02-08 15:21:45,229.592,True
2020-02-08 15:21:46,225.843,True
2020-02-08 15:21:47,240.018,True
2020-02-08 15:21:48,224.234,True
2020-02-08 15:21:49,246.394,True
2020-02-08 15:21:50,247.2525,True
2020-02-08 15:21:51,248.111,True
2020-02-08 15:21:52,247.59,True
2020-02-08 15:21:53,227.381,True
2020-02-08 15:21:54,216.215,True
2020-02-08 15:21:55,229.897,True
2020-02-08 15:21:56,224.71,True
2020-02-08 15:21:57,211.174,True
2020-02-08 15:21:58,219.431,True
2020-02-08 15:21:59,224.682,True
2020-02-08 15:22:00,224.818,True
2020-02-08 15:22:01,221.577,True
2020-02-08 15:22:02,209.595,True
2020-02-08 15:22:03,248.583,True
2020-02-08 15:22:04,230.974,True
2020-02-08 15:22:05,215.309,True
2020-02-08 15:22:06,229.824,True
2020-02-08 15:22:07,245.885,True
2020-02-08 15:22:08,231.72,True
2020-02-08 15:22:09,218.571,True
2020-02-08 15:22:10,245.576,True
2020-02-08 15:22:11,224.648,True
2020-02-08 15:22:12,214.473,True
2020-02-08 15:22:13,240.285,True
2020-02-08 15:22:14,233.979,True
2020-02-08 15:22:15,230.9595,True
2020-02-08 15:22:16,227.94,True
2020-02-08 15:22:17,235.169,True
2020-02-08 15:22:18,238.045,True
2020-02-08 15:22:19,221.676,True
2020-02-08 15:22:20,228.015,True
2020-02-08 15:22:21,228.49,True
2020-02-08 15:22:22,238.435,True
2020-02-08 15:22:23,222.457,True
2020-02-08 15:22:24,232.226,True
2020-02-08 15:22:25,233.858,True
2020-02-08 15:22:26,234.583,True
2020-02-08 15:22:27,206.208,True
2020-02-08 15:22:28,238.526,True
2020-02-08 15:22:29,230.674,True
2020-02-08 15:22:30,228.629,True
2020-02-08 15:22:31,221.234,True
2020-02-08 15:22:32,217.463,True
2020-02-08 15:22:33,225.383,True
2020-02-08 15:22:34,234.688,True
2020-02-08 15:22:35,234.574,True
2020-02-08 15:22:36,227.217,True
2020-02-08 15:22:37,204.062,True
2020-02-08 15:22:38,217.081,True
2020-02-08 15:22:39,222.35899999999998,True
2020-02-08 15:22:40,227.637,True
2020-02-08 15:22:41,231.344,True
2020-02-08 15:22:42,227.148,True
2020-02-08 15:22:43,215.148,True
2020-02-08 15:22:44,235.219,True
2020-02-08 15:22:45,240.944,True
2020-02-08 15:22:46,225.372,True
2020-02-08 15:22:47,227.261,True
2020-02-08 15:22:48,229.217,True
2020-02-08 15:22:49,226.248,True
2020-02-08 15:22:50,223.95,True
2020-02-08 15:22:51,228.758,True
2020-02-08 15:22:52,234.868,True
2020-02-08 15:22:53,243.845,True
2020-02-08 15:22:54,230.346,True
2020-02-08 15:22:55,235.131,True
2020-02-08 15:22:56,245.493,True
2020-02-08 15:22:57,234.732,True
2020-02-08 15:22:58,215.702,True
2020-02-08 15:22:59,234.138,True
2020-02-08 15:23:00,224.935,True
2020-02-08 15:23:01,214.84050000000002,True
2020-02-08 15:23:02,204.746,True
2020-02-08 15:23:03,237.932,True
2020-02-08 15:23:04,223.649,True
2020-02-08 15:23:05,227.202,True
2020-02-08 15:23:06,218.857,True
2020-02-08 15:23:07,215.26,True
2020-02-08 15:23:08,227.182,True
2020-02-08 15:23:09,206.153,True
2020-02-08 15:23:10,226.072,True
2020-02-08 15:23:11,205.021,True
2020-02-08 15:23:12,210.87,True
2020-02-08 15:23:13,242.797,True
2020-02-08 15:23:14,225.468,True
2020-02-08 15:23:15,247.982,True
2020-02-08 15:23:16,227.115,True
2020-02-08 15:23:17,228.745,True
2020-02-08 15:23:18,230.239,True
2020-02-08 15:23:19,214.172,True
2020-02-08 15:23:20,234.364,True
2020-02-08 15:23:21,224.901,True
2020-02-08 15:23:22,206.574,True
2020-02-08 15:23:23,223.288,True
2020-02-08 15:23:24,240.002,True
2020-02-08 15:23:25,228.67,True
2020-02-08 15:23:26,238.892,True
2020-02-08 15:23:27,250.372,True
2020-02-08 15:23:28,214.526,True
2020-02-08 15:23:29,248.373,True
2020-02-08 15:23:30,221.439,True
2020-02-08 15:23:31,222.797,True
2020-02-08 15:23:32,227.046,True
2020-02-08 15:23:33,211.981,True
2020-02-08 15:23:34,249.291,True
2020-02-08 15:23:35,237.57,True
2020-02-08 15:23:36,229.116,True
2020-02-08 15:23:37,214.959,True
2020-02-08 15:23:38,229.573,True
2020-02-08 15:23:39,204.482,True
2020-02-08 15:23:40,222.287,True
2020-02-08 15:23:41,216.615,True
2020-02-08 15:23:42,231.914,True
2020-02-08 15:23:43,240.6695,True
2020-02-08 15:23:44,249.425,True
2020-02-08 15:23:45,224.25,True
2020-02-08 15:23:46,206.65,True
2020-02-08 15:23:47,232.969,True
2020-02-08 15:23:48,229.112,True
2020-02-08 15:23:49,233.927,True
2020-02-08 15:23:50,209.523,True
2020-02-08 15:23:51,211.042,True
2020-02-08 15:23:52,231.232,True
2020-02-08 15:23:53,229.27,True
2020-02-08 15:23:54,245.5,True
2020-02-08 15:23:55,228.959,True
2020-02-08 15:23:56,235.255,True
2020-02-08 15:23:57,214.306,True
2020-02-08 15:23:58,210.215,True
2020-02-08 15:23:59,210.184,True
2020-02-08 15:24:00,228.848,True
2020-02-08 15:24:01,226.7,True
2020-02-08 15:24:02,208.961,True
2020-02-08 15:24:03,233.599,True
2020-02-08 15:24:04,219.559,True
2020-02-08 15:24:05,205.519,True
2020-02-08 15:24:06,229.221,True
2020-02-08 15:24:07,250.889,True
2020-02-08 15:24:08,214.379,True
2020-02-08 15:24:09,231.668,True
2020-02-08 15:24:10,214.645,True
2020-02-08 15:24:11,232.009,True
2020-02-08 15:24:12,206.424,True
2020-02-08 15:24:13,234.362,True
2020-02-08 15:24:14,227.69,True
2020-02-08 15:24:15,251.461,True
2020-02-08 15:24:16,225.482,True
2020-02-08 15:24:17,235.071,True
2020-02-08 15:24:18,233.45,True
2020-02-08 15:24:19,224.554,True
2020-02-08 15:24:20,231.58,True
2020-02-08 15:24:21,231.296,True
2020-02-08 15:24:22,227.807,True
2020-02-08 15:24:23,224.614,True
2020-02-08 15:24:24,215.517,True
2020-02-08 15:24:25,216.521,True
2020-02-08 15:24:26,247.832,True
2020-02-08 15:24:27,243.203,True
2020-02-08 15:24:28,238.574,True
2020-02-08 15:24:29,229.323,True
2020-02-08 15:24:30,232.385,True
2020-02-08 15:24:31,228.808,True
2020-02-08 15:24:32,225.36,True
2020-02-08 15:24:33,224.515,True
2020-02-08 15:24:34,228.46,True
2020-02-08 15:24:35,223.976,True
2020-02-08 15:24:36,235.79,True
2020-02-08 15:24:37,250.467,True
2020-02-08 15:24:38,228.731,True
2020-02-08 15:24:39,250.646,True
2020-02-08 15:24:40,246.994,True
2020-02-08 15:24:41,230.794,True
2020-02-08 15:24:42,218.496,True
2020-02-08 15:24:43,232.827,True
2020-02-08 15:24:44,216.305,True
2020-02-08 15:24:45,235.795,True
2020-02-08 15:24:46,204.526,True
2020-02-08 15:24:47,224.082,True
2020-02-08 15:24:48,251.837,True
2020-02-08 15:24:49,228.621,True
2020-02-08 15:24:50,237.603,True
2020-02-08 15:24:51,235.8125,True
2020-02-08 15:24:52,234.022,True
2020-02-08 15:24:53,227.948,True
2020-02-08 15:24:54,202.691,True
2020-02-08 15:24:55,219.312,True
2020-02-08 15:24:56,231.887,True
2020-02-08 15:24:57,217.959,True
2020-02-08 15:24:58,236.29,True
2020-02-08 15:24:59,234.148,True
2020-02-08 15:25:00,223.481,True
2020-02-08 15:25:01,229.578,True
2020-02-08 15:25:02,230.798,True
2020-02-08 15:25:03,230.957,True
2020-02-08 15:25:04,227.903,True
2020-02-08 15:25:05,204.907,True
2020-02-08 15:25:06,224.126,True
2020-02-08 15:25:07,232.476,True
2020-02-08 15:25:08,228.94,True
2020-02-08 15:25:09,231.735,True
2020-02-08 15:25:10,230.111,True
2020-02-08 15:25:11,234.392,True
2020-02-08 15:25:12,224.289,True
2020-02-08 15:25:13,235.46499999999997,True
2020-02-08 15:25:14,246.641,True
2020-02-08 15:25:15,230.388,True
2020-02-08 15:25:16,227.505,True
2020-02-08 15:25:17,228.187,True
2020-02-08 15:25:18,225.052,True
2020-02-08 15:25:19,248.56,True
2020-02-08 15:25:20,239.213,True
2020-02-08 15:25:21,226.926,True
2020-02-08 15:25:22,213.815,True
2020-02-08 15:25:23,224.755,True
2020-02-08 15:25:24,221.53,True
2020-02-08 15:25:25,240.603,True
2020-02-08 15:25:26,205.535,True
2020-02-08 15:25:27,218.897,True
2020-02-08 15:25:28,247.456,True
2020-02-08 15:25:29,237.077,True
2020-02-08 15:25:30,228.348,True
2020-02-08 15:25:31,244.411,True
2020-02-08 15:25:32,232.568,True
2020-02-08 15:25:33,229.247,True
2020-02-08 15:25:34,232.61,True
2020-02-08 15:25:35,210.179,True
2020-02-08 15:25:36,226.835,True
2020-02-08 15:25:37,243.491,True
2020-02-08 15:25:38,243.236,True
2020-02-08 15:25:39,215.99,True
2020-02-08 15:25:40,218.565,True
2020-02-08 15:25:41,210.896,True
2020-02-08 15:25:42,252.253,True
2020-02-08 15:25:43,240.396,True
2020-02-08 15:25:44,221.059,True
2020-02-08 15:25:45,232.149,True
2020-02-08 15:25:46,229.926,True
2020-02-08 15:25:47,235.788,True
2020-02-08 15:25:48,245.948,True
2020-02-08 15:25:49,245.993,True
2020-02-08 15:25:50,221.956,True
2020-02-08 15:25:51,234.292,True
2020-02-08 15:25:52,232.624,True
2020-02-08 15:25:53,246.519,True
2020-02-08 15:25:54,222.458,True
2020-02-08 15:25:55,232.622,True
2020-02-08 15:25:56,233.539,True
2020-02-08 15:25:57,235.891,True
2020-02-08 15:25:58,238.243,True
2020-02-08 15:25:59,220.208,True
2020-02-08 15:26:00,213.535,True
2020-02-08 15:26:01,231.646,True
2020-02-08 15:26:02,214.403,True
2020-02-08 15:26:03,235.706,True
2020-02-08 15:26:04,243.774,True
2020-02-08 15:26:05,231.069,True
2020-02-08 15:26:06,227.286,True
2020-02-08 15:26:07,228.852,True
2020-02-08 15:26:08,236.824,True
2020-02-08 15:26:09,221.099,True
2020-02-08 15:26:10,223.296,True
2020-02-08 15:26:11,207.186,True
2020-02-08 15:26:12,233.171,True
2020-02-08 15:26:13,226.983,True
2020-02-08 15:26:14,231.806,True
2020-02-08 15:26:15,230.5,True
2020-02-08 15:26:16,235.393,True
2020-02-08 15:26:17,235.056,True
2020-02-08 15:26:18,219.422,True
2020-02-08 15:26:19,221.642,True
2020-02-08 15:26:20,225.088,True
2020-02-08 15:26:21,212.283,True
2020-02-08 15:26:22,221.5425,True
2020-02-08 15:26:23,230.802,True
2020-02-08 15:26:24,209.449,True
2020-02-08 15:26:25,223.605,True
2020-02-08 15:26:26,225.715,True
2020-02-08 15:26:27,218.158,True
2020-02-08 15:26:28,228.438,True
2020-02-08 15:26:29,229.741,True
2020-02-08 15:26:30,230.358,True
2020-02-08 15:26:31,224.696,True
2020-02-08 15:26:32,221.264,True
2020-02-08 15:26:33,230.242,True
2020-02-08 15:26:34,228.984,True
2020-02-08 15:26:35,216.946,True
2020-02-08 15:26:36,229.599,True
2020-02-08 15:26:37,229.869,True
2020-02-08 15:26:38,233.718,True
2020-02-08 15:26:39,218.406,True
2020-02-08 15:26:40,235.915,True
2020-02-08 15:26:41,229.427,True
2020-02-08 15:26:42,203.202,True
2020-02-08 15:26:43,227.829,True
2020-02-08 15:26:44,217.258,True
2020-02-08 15:26:45,220.447,True
2020-02-08 15:26:46,223.636,True
2020-02-08 15:26:47,229.121,True
2020-02-08 15:26:48,248.992,True
2020-02-08 15:26:49,233.583,True
2020-02-08 15:26:50,222.966,True
2020-02-08 15:26:51,224.594,True
2020-02-08 15:26:52,240.398,True
2020-02-08 15:26:53,203.549,True
2020-02-08 15:26:54,229.013,True
2020-02-08 15:26:55,237.707,True
2020-02-08 15:26:56,229.209,True
2020-02-08 15:26:57,214.641,True
2020-02-08 15:26:58,229.073,True
2020-02-08 15:26:59,202.216,True
2020-02-08 15:27:00,233.465,True
2020-02-08 15:27:01,250.246,True
2020-02-08 15:27:02,207.682,True
2020-02-08 15:27:03,218.232,True
2020-02-08 15:27:04,222.362,True
2020-02-08 15:27:05,225.004,True
2020-02-08 15:27:06,213.447,True
2020-02-08 15:27:07,218.8145,True
2020-02-08 15:27:08,224.182,True
2020-02-08 15:27:09,204.928,True
2020-02-08 15:27:10,213.519,True
2020-02-08 15:27:11,249.051,True
2020-02-08 15:27:12,238.493,True
2020-02-08 15:27:13,240.03,True
2020-02-08 15:27:14,247.769,True
2020-02-08 15:27:15,227.678,True
2020-02-08 15:27:16,241.825,True
2020-02-08 15:27:17,223.924,True
2020-02-08 15:27:18,227.095,True
2020-02-08 15:27:19,237.06,True
2020-02-08 15:27:20,233.42,True
2020-02-08 15:27:21,206.204,True
2020-02-08 15:27:22,239.794,True
2020-02-08 15:27:23,224.086,True
2020-02-08 15:27:24,233.171,True
2020-02-08 15:27:25,221.352,True
2020-02-08 15:27:26,201.834,True
2020-02-08 15:27:27,233.592,True
2020-02-08 15:27:28,226.752,True
2020-02-08 15:27:29,230.683,True
2020-02-08 15:27:30,238.082,True
2020-02-08 15:27:31,245.481,True
2020-02-08 15:27:32,242.131,True
2020-02-08 15:27:33,233.122,True
2020-02-08 15:27:34,238.253,True
2020-02-08 15:27:35,246.899,True
2020-02-08 15:27:36,220.542,True
2020-02-08 15:27:37,249.54,True
2020-02-08 15:27:38,229.428,True
2020-02-08 15:27:39,240.729,True
2020-02-08 15:27:40,247.338,True
2020-02-08 15:27:41,227.479,True
2020-02-08 15:27:42,228.838,True
2020-02-08 15:27:43,227.577,True
2020-02-08 15:27:44,228.99,True
2020-02-08 15:27:45,235.798,True
2020-02-08 15:27:46,251.071,True
2020-02-08 15:27:47,203.391,True
2020-02-08 15:27:48,227.843,True
2020-02-08 15:27:49,219.231,True
2020-02-08 15:27:50,243.741,True
2020-02-08 15:27:51,226.49,True
2020-02-08 15:27:52,209.239,True
2020-02-08 15:27:53,233.483,True
2020-02-08 15:27:54,210.235,True
2020-02-08 15:27:55,236.434,True
2020-02-08 15:27:56,231.454,True
2020-02-08 15:27:57,222.443,True
2020-02-08 15:27:58,229.246,True
2020-02-08 15:27:59,240.494,True
2020-02-08 15:28:00,244.983,True
2020-02-08 15:28:01,234.844,True
2020-02-08 15:28:02,216.549,True
2020-02-08 15:28:03,230.827,True
2020-02-08 15:28:04,245.684,True
2020-02-08 15:28:05,229.303,True
2020-02-08 15:28:06,223.02,True
2020-02-08 15:28:07,239.008,True
2020-02-08 15:28:08,251.632,True
2020-02-08 15:28:09,241.266,True
2020-02-08 15:28:10,239.176,True
2020-02-08 15:28:11,250.901,True
2020-02-08 15:28:12,234.634,True
2020-02-08 15:28:13,231.225,True
2020-02-08 15:28:14,237.566,True
2020-02-08 15:28:15,222.84,True
2020-02-08 15:28:16,208.114,True
2020-02-08 15:28:17,235.162,True
2020-02-08 15:28:18,219.65,True
2020-02-08 15:28:19,210.038,True
2020-02-08 15:28:20,205.912,True
2020-02-08 15:28:21,227.365,True
2020-02-08 15:28:22,208.478,True
2020-02-08 15:28:23,229.492,True
2020-02-08 15:28:24,243.842,True
2020-02-08 15:28:25,234.62,True
2020-02-08 15:28:26,232.555,True
2020-02-08 15:28:27,212.203,True
2020-02-08 15:28:28,217.046,True
2020-02-08 15:28:29,228.912,True
2020-02-08 15:28:30,230.764,True
2020-02-08 15:28:31,212.707,True
2020-02-08 15:28:32,221.336,True
2020-02-08 15:28:33,225.7975,True
2020-02-08 15:28:34,230.259,True
2020-02-08 15:28:35,244.097,True
2020-02-08 15:28:36,228.477,True
2020-02-08 15:28:37,210.372,True
2020-02-08 15:28:38,234.337,True
2020-02-08 15:28:39,229.567,True
2020-02-08 15:28:40,226.513,True
2020-02-08 15:28:41,217.071,True
2020-02-08 15:28:42,226.545,True
2020-02-08 15:28:43,216.671,True
2020-02-08 15:28:44,232.975,True
2020-02-08 15:28:45,217.75,True
2020-02-08 15:28:46,235.358,True
2020-02-08 15:28:47,231.056,True
2020-02-08 15:28:48,231.085,True
2020-02-08 15:28:49,230.844,True
2020-02-08 15:28:50,227.063,True
2020-02-08 15:28:51,236.309,True
2020-02-08 15:28:52,219.249,True
2020-02-08 15:28:53,238.082,True
2020-02-08 15:28:54,222.685,True
2020-02-08 15:28:55,224.67000000000002,True
2020-02-08 15:28:56,226.655,True
2020-02-08 15:28:57,248.727,True
2020-02-08 15:28:58,235.631,True
2020-02-08 15:28:59,235.712,True
2020-02-08 15:29:00,229.009,True
2020-02-08 15:29:01,228.794,True
2020-02-08 15:29:02,246.397,True
2020-02-08 15:29:03,217.765,True
2020-02-08 15:29:04,238.93,True
2020-02-08 15:29:05,226.438,True
2020-02-08 15:29:06,210.18,True
2020-02-08 15:29:07,228.284,True
2020-02-08 15:29:08,245.001,True
2020-02-08 15:29:09,224.232,True
2020-02-08 15:29:10,234.109,True
2020-02-08 15:29:11,241.153,True
2020-02-08 15:29:12,230.829,True
2020-02-08 15:29:13,205.591,True
2020-02-08 15:29:14,222.72,True
2020-02-08 15:29:15,251.331,True
2020-02-08 15:29:16,229.081,True
2020-02-08 15:29:17,225.785,True
2020-02-08 15:29:18,242.287,True
2020-02-08 15:29:19,242.18900000000002,True
2020-02-08 15:29:20,242.091,True
2020-02-08 15:29:21,222.481,True
2020-02-08 15:29:22,238.69,True
2020-02-08 15:29:23,229.85,True
2020-02-08 15:29:24,229.085,True
2020-02-08 15:29:25,230.794,True
2020-02-08 15:29:26,229.08,True
2020-02-08 15:29:27,241.146,True
2020-02-08 15:29:28,205.415,True
2020-02-08 15:29:29,209.397,True
2020-02-08 15:29:30,216.343,True
2020-02-08 15:29:31,209.544,True
2020-02-08 15:29:32,229.289,True
2020-02-08 15:29:33,214.346,True
2020-02-08 15:29:34,234.816,True
2020-02-08 15:29:35,228.374,True
2020-02-08 15:29:36,225.65,True
2020-02-08 15:29:37,210.305,True
2020-02-08 15:29:38,223.865,True
2020-02-08 15:29:39,229.645,True
2020-02-08 15:29:40,205.241,True
2020-02-08 15:29:41,210.54000000000002,True
2020-02-08 15:29:42,215.839,True
2020-02-08 15:29:43,202.613,True
2020-02-08 15:29:44,227.479,True
2020-02-08 15:29:45,229.433,True
2020-02-08 15:29:46,229.419,True
2020-02-08 15:29:47,229.747,True
2020-02-08 15:29:48,205.892,True
2020-02-08 15:29:49,227.049,True
2020-02-08 15:29:50,229.228,True
2020-02-08 15:29:51,234.925,True
2020-02-08 15:29:52,252.695,True
2020-02-08 15:29:53,233.894,True
2020-02-08 15:29:54,228.555,True
2020-02-08 15:29:55,250.988,True
2020-02-08 15:29:56,233.426,True
2020-02-08 15:29:57,213.928,True
2020-02-08 15:29:58,223.763,True
2020-02-08 15:29:59,221.962,True
2020-02-08 15:30:00,217.769,True
2020-02-08 15:30:01,231.097,True
2020-02-08 15:30:02,210.407,True
2020-02-08 15:30:03,220.4985,True
2020-02-08 15:30:04,230.59,True
2020-02-08 15:30:05,250.62,True
2020-02-08 15:30:06,229.115,True
2020-02-08 15:30:07,223.572,True
2020-02-08 15:30:08,225.832,True
2020-02-08 15:30:09,230.912,True
2020-02-08 15:30:10,232.846,True
2020-02-08 15:30:11,230.807,True
2020-02-08 15:30:12,223.854,True
2020-02-08 15:30:13,229.291,True
2020-02-08 15:30:14,247.653,True
2020-02-08 15:30:15,204.985,True
2020-02-08 15:30:16,236.535,True
2020-02-08 15:30:17,243.359,True
2020-02-08 15:30:18,230.506,True
2020-02-08 15:30:19,234.325,True
2020-02-08 15:30:20,244.47,True
2020-02-08 15:30:21,250.646,True
2020-02-08 15:30:22,207.425,True
2020-02-08 15:30:23,229.064,True
2020-02-08 15:30:24,239.527,True
2020-02-08 15:30:25,233.9035,True
2020-02-08 15:30:26,228.28,True
2020-02-08 15:30:27,243.84,True
2020-02-08 15:30:28,221.553,True
2020-02-08 15:30:29,212.176,True
2020-02-08 15:30:30,209.353,True
2020-02-08 15:30:31,232.933,True
2020-02-08 15:30:32,216.006,True
2020-02-08 15:30:33,221.264,True
2020-02-08 15:30:34,218.064,True
2020-02-08 15:30:35,240.874,True
2020-02-08 15:30:36,217.366,True
2020-02-08 15:30:37,247.215,True
2020-02-08 15:30:38,225.411,True
2020-02-08 15:30:39,219.681,True
2020-02-08 15:30:40,249.944,True
2020-02-08 15:30:41,218.367,True
2020-02-08 15:30:42,229.64,True
2020-02-08 15:30:43,223.304,True
2020-02-08 15:30:44,231.417,True
2020-02-08 15:30:45,230.122,True
2020-02-08 15:30:46,232.461,True
2020-02-08 15:30:47,227.27,True
2020-02-08 15:30:48,222.079,True
2020-02-08 15:30:49,228.361,True
2020-02-08 15:30:50,225.84,True
2020-02-08 15:30:51,225.828,True
2020-02-08 15:30:52,232.286,True
2020-02-08 15:30:53,225.903,True
2020-02-08 15:30:54,238.697,True
2020-02-08 15:30:55,218.702,True
2020-02-08 15:30:56,235.909,True
2020-02-08 15:30:57,249.196,True
2020-02-08 15:30:58,250.826,True
2020-02-08 15:30:59,203.456,True
2020-02-08 15:31:00,205.982,True
2020-02-08 15:31:01,227.308,True
2020-02-08 15:31:02,217.259,True
2020-02-08 15:31:03,230.854,True
2020-02-08 15:31:04,229.346,True
2020-02-08 15:31:05,223.712,True
2020-02-08 15:31:06,229.242,True
2020-02-08 15:31:07,247.928,True
2020-02-08 15:31:08,219.403,True
2020-02-08 15:31:09,211.13150000000002,True
2020-02-08 15:31:10,202.86,True
2020-02-08 15:31:11,227.358,True
2020-02-08 15:31:12,219.299,True
2020-02-08 15:31:13,224.818,True
2020-02-08 15:31:14,216.91,True
2020-02-08 15:31:15,240.367,True
2020-02-08 15:31:16,235.658,True
2020-02-08 15:31:17,232.193,True
2020-02-08 15:31:18,238.836,True
2020-02-08 15:31:19,222.103,True
2020-02-08 15:31:20,241.337,True
2020-02-08 15:31:21,226.573,True
2020-02-08 15:31:22,228.043,True
2020-02-08 15:31:23,247.086,True
2020-02-08 15:31:24,245.447,True
2020-02-08 15:31:25,227.476,True
2020-02-08 15:31:26,232.534,True
2020-02-08 15:31:27,206.632,True
2020-02-08 15:31:28,226.989,True
2020-02-08 15:31:29,215.773,True
2020-02-08 15:31:30,228.619,True
2020-02-08 15:31:31,229.47,True
2020-02-08 15:31:32,224.39249999999998,True
2020-02-08 15:31:33,219.315,True
2020-02-08 15:31:34,217.952,True
2020-02-08 15:31:35,228.772,True
2020-02-08 15:31:36,248.303,True
2020-02-08 15:31:37,239.181,True
2020-02-08 15:31:38,208.27,True
2020-02-08 15:31:39,231.938,True
2020-02-08 15:31:40,251.298,True
2020-02-08 15:31:41,227.711,True
2020-02-08 15:31:42,234.399,True
2020-02-08 15:31:43,210.08,True
2020-02-08 15:31:44,222.2,True
2020-02-08 15:31:45,234.321,True
2020-02-08 15:31:46,228.465,True
2020-02-08 15:31:47,230.265,True
2020-02-08 15:31:48,229.733,True
2020-02-08 15:31:49,225.32,True
2020-02-08 15:31:50,240.925,True
2020-02-08 15:31:51,228.922,True
2020-02-08 15:31:52,227.301,True
2020-02-08 15:31:53,245.479,True
2020-02-08 15:31:54,229.929,True
2020-02-08 15:31:55,233.598,True
2020-02-08 15:31:56,237.267,True
2020-02-08 15:31:57,240.384,True
2020-02-08 15:31:58,229.561,True
2020-02-08 15:31:59,229.422,True
2020-02-08 15:32:00,246.705,True
2020-02-08 15:32:01,225.26,True
2020-02-08 15:32:02,222.309,True
2020-02-08 15:32:03,251.472,True
2020-02-08 15:32:04,227.354,True
2020-02-08 15:32:05,230.095,True
2020-02-08 15:32:06,242.932,True
2020-02-08 15:32:07,217.25,True
2020-02-08 15:32:08,210.326,True
2020-02-08 15:32:09,222.57,True
2020-02-08 15:32:10,228.095,True
2020-02-08 15:32:11,237.433,True
2020-02-08 15:32:12,237.746,True
2020-02-08 15:32:13,237.201,True
2020-02-08 15:32:14,231.226,True
2020-02-08 15:32:15,238.244,True
2020-02-08 15:32:16,229.513,True
2020-02-08 15:32:17,227.685,True
2020-02-08 15:32:18,225.857,True
2020-02-08 15:32:19,239.027,True
2020-02-08 15:32:20,238.869,True
2020-02-08 15:32:21,210.256,True
2020-02-08 15:32:22,218.58,True
2020-02-08 15:32:23,232.201,True
2020-02-08 15:32:24,237.294,True
2020-02-08 15:32:25,237.532,True
2020-02-08 15:32:26,227.617,True
2020-02-08 15:32:27,213.045,True
2020-02-08 15:32:28,219.226,True
2020-02-08 15:32:29,233.956,True
2020-02-08 15:32:30,228.52,True
2020-02-08 15:32:31,236.859,True
2020-02-08 15:32:32,251.834,True
2020-02-08 15:32:33,221.999,True
2020-02-08 15:32:34,235.326,True
2020-02-08 15:32:35,247.858,True
2020-02-08 15:32:36,229.044,True
2020-02-08 15:32:37,207.487,True
2020-02-08 15:32:38,229.435,True
2020-02-08 15:32:39,231.707,True
2020-02-08 15:32:40,224.933,True
2020-02-08 15:32:41,226.5455,True
2020-02-08 15:32:42,228.158,True
2020-02-08 15:32:43,222.213,True
2020-02-08 15:32:44,228.589,True
2020-02-08 15:32:45,217.127,True
2020-02-08 15:32:46,233.055,True
2020-02-08 15:32:47,217.545,True
2020-02-08 15:32:48,229.155,True
2020-02-08 15:32:49,218.39,True
2020-02-08 15:32:50,228.841,True
2020-02-08 15:32:51,241.404,True
2020-02-08 15:32:52,230.404,True
2020-02-08 15:32:53,240.969,True
2020-02-08 15:32:54,236.305,True
2020-02-08 15:32:55,237.804,True
2020-02-08 15:32:56,238.318,True
2020-02-08 15:32:57,218.35,True
2020-02-08 15:32:58,241.973,True
2020-02-08 15:32:59,226.282,True
2020-02-08 15:33:00,232.089,True
2020-02-08 15:33:01,228.786,True
2020-02-08 15:33:02,215.857,True
2020-02-08 15:33:03,221.639,True
2020-02-08 15:33:04,227.421,True
2020-02-08 15:33:05,229.078,True
2020-02-08 15:33:06,232.65,True
2020-02-08 15:33:07,227.812,True
2020-02-08 15:33:08,234.494,True
2020-02-08 15:33:09,220.192,True
2020-02-08 15:33:10,236.993,True
2020-02-08 15:33:11,242.754,True
2020-02-08 15:33:12,212.693,True
2020-02-08 15:33:13,228.193,True
2020-02-08 15:33:14,237.47,True
2020-02-08 15:33:15,205.101,True
2020-02-08 15:33:16,218.167,True
2020-02-08 15:33:17,218.194,True
2020-02-08 15:33:18,208.959,True
2020-02-08 15:33:19,241.204,True
2020-02-08 15:33:20,222.082,True
2020-02-08 15:33:21,229.776,True
2020-02-08 15:33:22,250.813,True
2020-02-08 15:33:23,223.111,True
2020-02-08 15:33:24,228.332,True
2020-02-08 15:33:25,224.7935,True
2020-02-08 15:33:26,221.255,True
2020-02-08 15:33:27,251.051,True
2020-02-08 15:33:28,204.124,True
2020-02-08 15:33:29,222.206,True
2020-02-08 15:33:30,233.749,True
2020-02-08 15:33:31,231.47,True
2020-02-08 15:33:32,230.342,True
2020-02-08 15:33:33,232.546,True
2020-02-08 15:33:34,233.464,True
2020-02-08 15:33:35,226.554,True
2020-02-08 15:33:36,222.775,True
2020-02-08 15:33:37,225.5,True
2020-02-08 15:33:38,235.385,True
2020-02-08 15:33:39,232.021,True
2020-02-08 15:33:40,225.01,True
2020-02-08 15:33:41,239.636,True
2020-02-08 15:33:42,223.774,True
2020-02-08 15:33:43,240.132,True
2020-02-08 15:33:44,233.272,True
2020-02-08 15:33:45,233.739,True
2020-02-08 15:33:46,237.416,True
2020-02-08 15:33:47,235.749,True
2020-02-08 15:33:48,234.082,True
2020-02-08 15:33:49,228.303,True
2020-02-08 15:33:50,215.022,True
2020-02-08 15:33:51,229.303,True
2020-02-08 15:33:52,236.399,True
2020-02-08 15:33:53,208.511,True
2020-02-08 15:33:54,230.986,True
2020-02-08 15:33:55,230.688,True
2020-02-08 15:33:56,229.793,True
2020-02-08 15:33:57,229.305,True
2020-02-08 15:33:58,229.769,True
2020-02-08 15:33:59,228.891,True
2020-02-08 15:34:00,243.635,True
2020-02-08 15:34:01,223.949,True
2020-02-08 15:34:02,231.677,True
2020-02-08 15:34:03,229.713,True
2020-02-08 15:34:04,246.997,True
2020-02-08 15:34:05,238.682,True
2020-02-08 15:34:06,239.424,True
2020-02-08 15:34:07,227.223,True
2020-02-08 15:34:08,221.735,True
2020-02-08 15:34:09,238.528,True
2020-02-08 15:34:10,224.143,True
2020-02-08 15:34:11,228.497,True
2020-02-08 15:34:12,232.851,True
2020-02-08 15:34:13,232.364,True
2020-02-08 15:34:14,212.368,True
2020-02-08 15:34:15,222.235,True
2020-02-08 15:34:16,215.517,True
2020-02-08 15:34:17,207.325,True
2020-02-08 15:34:18,229.808,True
2020-02-08 15:34:19,228.878,True
2020-02-08 15:34:20,251.722,True
2020-02-08 15:34:21,230.164,True
2020-02-08 15:34:22,231.584,True
2020-02-08 15:34:23,224.631,True
2020-02-08 15:34:24,223.835,True
2020-02-08 15:34:25,235.349,True
2020-02-08 15:34:26,237.263,True
2020-02-08 15:34:27,209.587,True
2020-02-08 15:34:28,235.821,True
2020-02-08 15:34:29,250.271,True
2020-02-08 15:34:30,239.01,True
2020-02-08 15:34:31,230.032,True
2020-02-08 15:34:32,233.703,True
2020-02-08 15:34:33,231.09449999999998,True
2020-02-08 15:34:34,228.486,True
2020-02-08 15:34:35,249.412,True
2020-02-08 15:34:36,231.976,True
2020-02-08 15:34:37,229.754,True
2020-02-08 15:34:38,227.557,True
2020-02-08 15:34:39,224.374,True
2020-02-08 15:34:40,229.057,True
2020-02-08 15:34:41,209.919,True
2020-02-08 15:34:42,207.693,True
2020-02-08 15:34:43,225.89,True
2020-02-08 15:34:44,212.578,True
2020-02-08 15:34:45,237.175,True
2020-02-08 15:34:46,212.939,True
2020-02-08 15:34:47,233.384,True
2020-02-08 15:34:48,229.254,True
2020-02-08 15:34:49,228.966,True
2020-02-08 15:34:50,225.706,True
2020-02-08 15:34:51,227.788,True
2020-02-08 15:34:52,231.093,True
2020-02-08 15:34:53,218.131,True
2020-02-08 15:34:54,228.70600000000002,True
2020-02-08 15:34:55,239.281,True
2020-02-08 15:34:56,229.127,True
2020-02-08 15:34:57,230.147,True
2020-02-08 15:34:58,240.931,True
2020-02-08 15:34:59,224.154,True
2020-02-08 15:35:00,230.901,True
2020-02-08 15:35:01,231.581,True
2020-02-08 15:35:02,221.88,True
2020-02-08 15:35:03,248.501,True
2020-02-08 15:35:04,220.673,True
2020-02-08 15:35:05,208.673,True
2020-02-08 15:35:06,223.979,True
2020-02-08 15:35:07,228.906,True
2020-02-08 15:35:08,230.092,True
2020-02-08 15:35:09,219.397,True
2020-02-08 15:35:10,231.419,True
2020-02-08 15:35:11,233.359,True
2020-02-08 15:35:12,246.701,True
2020-02-08 15:35:13,221.92,True
2020-02-08 15:35:14,213.111,True
2020-02-08 15:35:15,248.966,True
2020-02-08 15:35:16,223.565,True
2020-02-08 15:35:17,223.69,True
2020-02-08 15:35:18,223.815,True
2020-02-08 15:35:19,229.836,True
2020-02-08 15:35:20,221.803,True
2020-02-08 15:35:21,223.172,True
2020-02-08 15:35:22,232.361,True
2020-02-08 15:35:23,236.6,True
2020-02-08 15:35:24,233.365,True
2020-02-08 15:35:25,231.23,True
2020-02-08 15:35:26,208.667,True
2020-02-08 15:35:27,221.255,True
2020-02-08 15:35:28,243.773,True
2020-02-08 15:35:29,228.478,True
2020-02-08 15:35:30,229.328,True
2020-02-08 15:35:31,229.751,True
2020-02-08 15:35:32,228.993,True
2020-02-08 15:35:33,221.917,True
2020-02-08 15:35:34,218.73,True
2020-02-08 15:35:35,235.217,True
2020-02-08 15:35:36,229.317,True
2020-02-08 15:35:37,224.478,True
2020-02-08 15:35:38,228.88,True
2020-02-08 15:35:39,233.1885,True
2020-02-08 15:35:40,237.497,True
2020-02-08 15:35:41,219.098,True
2020-02-08 15:35:42,219.936,True
2020-02-08 15:35:43,251.027,True
2020-02-08 15:35:44,221.024,True
2020-02-08 15:35:45,230.079,True
2020-02-08 15:35:46,243.857,True
2020-02-08 15:35:47,225.102,True
2020-02-08 15:35:48,229.223,True
2020-02-08 15:35:49,233.436,True
2020-02-08 15:35:50,228.525,True
2020-02-08 15:35:51,249.948,True
2020-02-08 15:35:52,225.329,True
2020-02-08 15:35:53,219.667,True
2020-02-08 15:35:54,225.267,True
2020-02-08 15:35:55,234.398,True
2020-02-08 15:35:56,225.89,True
2020-02-08 15:35:57,226.797,True
2020-02-08 15:35:58,214.689,True
2020-02-08 15:35:59,225.914,True
2020-02-08 15:36:00,227.87099999999998,True
2020-02-08 15:36:01,229.828,True
2020-02-08 15:36:02,249.957,True
2020-02-08 15:36:03,204.507,True
2020-02-08 15:36:04,247.892,True
2020-02-08 15:36:05,230.483,True
2020-02-08 15:36:06,233.113,True
2020-02-08 15:36:07,250.95,True
2020-02-08 15:36:08,208.475,True
2020-02-08 15:36:09,228.395,True
2020-02-08 15:36:10,233.135,True
2020-02-08 15:36:11,232.627,True
2020-02-08 15:36:12,227.36,True
2020-02-08 15:36:13,251.086,True
2020-02-08 15:36:14,251.07,True
2020-02-08 15:36:15,243.649,True
2020-02-08 15:36:16,233.288,True
2020-02-08 15:36:17,227.101,True
2020-02-08 15:36:18,229.292,True
2020-02-08 15:36:19,226.468,True
2020-02-08 15:36:20,229.485,True
2020-02-08 15:36:21,228.754,True
2020-02-08 15:36:22,228.892,True
2020-02-08 15:36:23,229.03,True
2020-02-08 15:36:24,239.473,True
2020-02-08 15:36:25,224.785,True
2020-02-08 15:36:26,235.007,True
2020-02-08 15:36:27,214.508,True
2020-02-08 15:36:28,229.34,True
2020-02-08 15:36:29,225.255,True
2020-02-08 15:36:30,237.545,True
2020-02-08 15:36:31,242.705,True
2020-02-08 15:36:32,223.841,True
2020-02-08 15:36:33,236.224,True
2020-02-08 15:36:34,203.052,True
2020-02-08 15:36:35,231.673,True
2020-02-08 15:36:36,239.169,True
2020-02-08 15:36:37,228.902,True
2020-02-08 15:36:38,220.506,True
2020-02-08 15:36:39,238.629,True
2020-02-08 15:36:40,228.328,True
2020-02-08 15:36:41,241.775,True
2020-02-08 15:36:42,222.202,True
2020-02-08 15:36:43,242.575,True
2020-02-08 15:36:44,230.424,True
2020-02-08 15:36:45,232.57150000000001,True
2020-02-08 15:36:46,234.719,True
2020-02-08 15:36:47,230.94,True
2020-02-08 15:36:48,238.752,True
2020-02-08 15:36:49,219.744,True
2020-02-08 15:36:50,221.325,True
2020-02-08 15:36:51,246.562,True
2020-02-08 15:36:52,230.398,True
2020-02-08 15:36:53,232.408,True
2020-02-08 15:36:54,243.825,True
2020-02-08 15:36:55,249.862,True
2020-02-08 15:36:56,238.826,True
2020-02-08 15:36:57,209.033,True
2020-02-08 15:36:58,218.95,True
2020-02-08 15:36:59,234.381,True
2020-02-08 15:37:00,248.006,True
2020-02-08 15:37:01,227.766,True
2020-02-08 15:37:02,222.91,True
2020-02-08 15:37:03,229.227,True
2020-02-08 15:37:04,204.993,True
2020-02-08 15:37:05,228.561,True
2020-02-08 15:37:06,203.11,True
2020-02-08 15:37:07,216.7,True
2020-02-08 15:37:08,230.29,True
2020-02-08 15:37:09,204.273,True
2020-02-08 15:37:10,231.581,True
2020-02-08 15:37:11,229.543,True
2020-02-08 15:37:12,232.032,True
2020-02-08 15:37:13,233.728,True
2020-02-08 15:37:14,205.514,True
2020-02-08 15:37:15,230.81,True
2020-02-08 15:37:16,223.78,True
2020-02-08 15:37:17,233.203,True
2020-02-08 15:37:18,251.833,True
2020-02-08 15:37:19,225.08,True
2020-02-08 15:37:20,249.307,True
2020-02-08 15:37:21,238.76,True
2020-02-08 15:37:22,234.926,True
2020-02-08 15:37:23,247.947,True
2020-02-08 15:37:24,229.938,True
2020-02-08 15:37:25,228.608,True
2020-02-08 15:37:26,222.523,True
2020-02-08 15:37:27,229.988,True
2020-02-08 15:37:28,230.417,True
2020-02-08 15:37:29,230.846,True
2020-02-08 15:37:30,249.911,True
2020-02-08 15:37:31,230.036,True
2020-02-08 15:37:32,209.851,True
2020-02-08 15:37:33,228.381,True
2020-02-08 15:37:34,225.473,True
2020-02-08 15:37:35,228.271,True
2020-02-08 15:37:36,249.21,True
2020-02-08 15:37:37,228.097,True
2020-02-08 15:37:38,217.929,True
2020-02-08 15:37:39,222.551,True
2020-02-08 15:37:40,231.544,True
2020-02-08 15:37:41,242.222,True
2020-02-08 15:37:42,238.096,True
2020-02-08 15:37:43,221.715,True
2020-02-08 15:37:44,232.395,True
2020-02-08 15:37:45,228.758,True
2020-02-08 15:37:46,209.459,True
2020-02-08 15:37:47,207.57,True
2020-02-08 15:37:48,231.394,True
2020-02-08 15:37:49,231.85,True
2020-02-08 15:37:50,223.2695,True
2020-02-08 15:37:51,214.689,True
2020-02-08 15:37:52,216.439,True
2020-02-08 15:37:53,204.176,True
2020-02-08 15:37:54,237.235,True
2020-02-08 15:37:55,226.399,True
2020-02-08 15:37:56,247.714,True
2020-02-08 15:37:57,239.986,True
2020-02-08 15:37:58,236.542,True
2020-02-08 15:37:59,202.914,True
2020-02-08 15:38:00,229.02,True
2020-02-08 15:38:01,226.309,True
2020-02-08 15:38:02,227.867,True
2020-02-08 15:38:03,225.96,True
2020-02-08 15:38:04,228.76,True
2020-02-08 15:38:05,245.294,True
2020-02-08 15:38:06,216.362,True
2020-02-08 15:38:07,226.389,True
2020-02-08 15:38:08,245.636,True
2020-02-08 15:38:09,205.018,True
2020-02-08 15:38:10,234.001,True
2020-02-08 15:38:11,232.28199999999998,True
2020-02-08 15:38:12,230.563,True
2020-02-08 15:38:13,237.547,True
2020-02-08 15:38:14,218.481,True
2020-02-08 15:38:15,223.107,True
2020-02-08 15:38:16,228.775,True
2020-02-08 15:38:17,245.578,True
2020-02-08 15:38:18,226.81,True
2020-02-08 15:38:19,217.632,True
2020-02-08 15:38:20,227.358,True
2020-02-08 15:38:21,215.903,True
2020-02-08 15:38:22,214.782,True
2020-02-08 15:38:23,243.978,True
2020-02-08 15:38:24,220.842,True
2020-02-08 15:38:25,204.889,True
2020-02-08 15:38:26,228.552,True
2020-02-08 15:38:27,222.848,True
2020-02-08 15:38:28,224.105,True
2020-02-08 15:38:29,204.188,True
2020-02-08 15:38:30,233.566,True
2020-02-08 15:38:31,218.336,True
2020-02-08 15:38:32,203.106,True
2020-02-08 15:38:33,229.784,True
2020-02-08 15:38:34,228.928,True
2020-02-08 15:38:35,225.374,True
2020-02-08 15:38:36,233.11,True
2020-02-08 15:38:37,252.072,True
2020-02-08 15:38:38,228.958,True
2020-02-08 15:38:39,245.568,True
2020-02-08 15:38:40,229.751,True
2020-02-08 15:38:41,228.817,True
2020-02-08 15:38:42,227.478,True
2020-02-08 15:38:43,230.757,True
2020-02-08 15:38:44,237.41,True
2020-02-08 15:38:45,244.216,True
2020-02-08 15:38:46,208.364,True
2020-02-08 15:38:47,237.932,True
2020-02-08 15:38:48,230.473,True
2020-02-08 15:38:49,242.595,True
2020-02-08 15:38:50,240.853,True
2020-02-08 15:38:51,239.111,True
2020-02-08 15:38:52,228.968,True
2020-02-08 15:38:53,226.522,True
2020-02-08 15:38:54,226.185,True
2020-02-08 15:38:55,246.692,True
2020-02-08 15:38:56,232.45,True
2020-02-08 15:38:57,246.03,True
2020-02-08 15:38:58,234.301,True
2020-02-08 15:38:59,204.416,True
2020-02-08 15:39:00,246.579,True
2020-02-08 15:39:01,236.704,True
2020-02-08 15:39:02,234.249,True
2020-02-08 15:39:03,233.943,True
2020-02-08 15:39:04,234.687,True
2020-02-08 15:39:05,230.662,True
2020-02-08 15:39:06,230.056,True
2020-02-08 15:39:07,229.721,True
2020-02-08 15:39:08,204.147,True
2020-02-08 15:39:09,230.359,True
2020-02-08 15:39:10,227.012,True
2020-02-08 15:39:11,246.195,True
2020-02-08 15:39:12,229.78,True
2020-02-08 15:39:13,227.861,True
2020-02-08 15:39:14,225.942,True
2020-02-08 15:39:15,219.836,True
2020-02-08 15:39:16,228.209,True
2020-02-08 15:39:17,232.191,True
2020-02-08 15:39:18,229.295,True
2020-02-08 15:39:19,227.684,True
2020-02-08 15:39:20,239.5,True
2020-02-08 15:39:21,239.988,True
2020-02-08 15:39:22,229.614,True
2020-02-08 15:39:23,232.326,True
2020-02-08 15:39:24,231.963,True
2020-02-08 15:39:25,229.344,True
2020-02-08 15:39:26,236.037,True
2020-02-08 15:39:27,209.624,True
2020-02-08 15:39:28,232.067,True
2020-02-08 15:39:29,223.402,True
2020-02-08 15:39:30,244.585,True
2020-02-08 15:39:31,222.69,True
2020-02-08 15:39:32,251.694,True
2020-02-08 15:39:33,222.311,True
2020-02-08 15:39:34,244.743,True
2020-02-08 15:39:35,242.627,True
2020-02-08 15:39:36,240.511,True
2020-02-08 15:39:37,230.235,True
2020-02-08 15:39:38,219.336,True
2020-02-08 15:39:39,226.257,True
2020-02-08 15:39:40,240.393,True
2020-02-08 15:39:41,223.246,True
2020-02-08 15:39:42,223.173,True
2020-02-08 15:39:43,234.31,True
2020-02-08 15:39:44,249.985,True
2020-02-08 15:39:45,217.622,True
2020-02-08 15:39:46,249.586,True
2020-02-08 15:39:47,230.979,True
2020-02-08 15:39:48,219.686,True
2020-02-08 15:39:49,218.285,True
2020-02-08 15:39:50,231.215,True
2020-02-08 15:39:51,228.363,True
2020-02-08 15:39:52,240.982,True
2020-02-08 15:39:53,237.434,True
2020-02-08 15:39:54,211.162,True
2020-02-08 15:39:55,220.713,True
2020-02-08 15:39:56,225.238,True
2020-02-08 15:39:57,224.15300000000002,True
2020-02-08 15:39:58,223.068,True
2020-02-08 15:39:59,234.227,True
2020-02-08 15:40:00,212.098,True
2020-02-08 15:40:01,224.133,True
2020-02-08 15:40:02,225.369,True
2020-02-08 15:40:03,224.968,True
2020-02-08 15:40:04,231.904,True
2020-02-08 15:40:05,230.726,True
2020-02-08 15:40:06,232.095,True
2020-02-08 15:40:07,237.036,True
2020-02-08 15:40:08,228.711,True
2020-02-08 15:40:09,225.596,True
2020-02-08 15:40:10,240.535,True
2020-02-08 15:40:11,230.495,True
2020-02-08 15:40:12,225.333,True
2020-02-08 15:40:13,227.915,True
2020-02-08 15:40:14,220.933,True
2020-02-08 15:40:15,227.593,True
2020-02-08 15:40:16,227.581,True
2020-02-08 15:40:17,241.111,True
2020-02-08 15:40:18,214.397,True
2020-02-08 15:40:19,219.889,True
2020-02-08 15:40:20,225.381,True
2020-02-08 15:40:21,230.927,True
2020-02-08 15:40:22,226.789,True
2020-02-08 15:40:23,227.259,True
2020-02-08 15:40:24,233.138,True
2020-02-08 15:40:25,243.013,True
2020-02-08 15:40:26,223.564,True
2020-02-08 15:40:27,228.538,True
2020-02-08 15:40:28,229.241,True
2020-02-08 15:40:29,218.633,True
2020-02-08 15:40:30,232.269,True
2020-02-08 15:40:31,208.06,True
2020-02-08 15:40:32,245.766,True
2020-02-08 15:40:33,224.708,True
2020-02-08 15:40:34,236.151,True
2020-02-08 15:40:35,226.839,True
2020-02-08 15:40:36,241.894,True
2020-02-08 15:40:37,215.286,True
2020-02-08 15:40:38,226.506,True
2020-02-08 15:40:39,228.704,True
2020-02-08 15:40:40,245.579,True
2020-02-08 15:40:41,225.9345,True
2020-02-08 15:40:42,206.29,True
2020-02-08 15:40:43,228.524,True
2020-02-08 15:40:44,245.282,True
2020-02-08 15:40:45,234.127,True
2020-02-08 15:40:46,222.934,True
2020-02-08 15:40:47,246.851,True
2020-02-08 15:40:48,239.065,True
2020-02-08 15:40:49,228.987,True
2020-02-08 15:40:50,229.218,True
2020-02-08 15:40:51,228.539,True
2020-02-08 15:40:52,210.487,True
2020-02-08 15:40:53,226.397,True
2020-02-08 15:40:54,242.616,True
2020-02-08 15:40:55,233.722,True
2020-02-08 15:40:56,250.83,True
2020-02-08 15:40:57,216.796,True
2020-02-08 15:40:58,247.574,True
2020-02-08 15:40:59,226.396,True
2020-02-08 15:41:00,226.368,True
2020-02-08 15:41:01,228.561,True
2020-02-08 15:41:02,215.927,True
2020-02-08 15:41:03,226.7815,True
2020-02-08 15:41:04,237.636,True
2020-02-08 15:41:05,224.11,True
2020-02-08 15:41:06,233.932,True
2020-02-08 15:41:07,213.89,True
2020-02-08 15:41:08,235.931,True
2020-02-08 15:41:09,222.002,True
2020-02-08 15:41:10,226.209,True
2020-02-08 15:41:11,249.449,True
2020-02-08 15:41:12,231.939,True
2020-02-08 15:41:13,231.536,True
2020-02-08 15:41:14,218.696,True
2020-02-08 15:41:15,231.532,True
2020-02-08 15:41:16,228.151,True
2020-02-08 15:41:17,217.158,True
2020-02-08 15:41:18,209.88,True
2020-02-08 15:41:19,211.884,True
2020-02-08 15:41:20,229.216,True
2020-02-08 15:41:21,240.578,True
2020-02-08 15:41:22,251.94,True
2020-02-08 15:41:23,228.92,True
2020-02-08 15:41:24,205.224,True
2020-02-08 15:41:25,211.035,True
2020-02-08 15:41:26,231.746,True
2020-02-08 15:41:27,239.261,True
2020-02-08 15:41:28,202.256,True
2020-02-08 15:41:29,217.94,True
2020-02-08 15:41:30,242.479,True
2020-02-08 15:41:31,245.526,True
2020-02-08 15:41:32,230.266,True
2020-02-08 15:41:33,230.764,True
2020-02-08 15:41:34,224.205,True
2020-02-08 15:41:35,232.314,True
2020-02-08 15:41:36,218.296,True
2020-02-08 15:41:37,246.806,True
2020-02-08 15:41:38,223.315,True
2020-02-08 15:41:39,217.988,True
2020-02-08 15:41:40,221.0045,True
2020-02-08 15:41:41,224.021,True
2020-02-08 15:41:42,226.235,True
2020-02-08 15:41:43,233.028,True
2020-02-08 15:41:44,236.729,True
2020-02-08 15:41:45,228.343,True
2020-02-08 15:41:46,237.245,True
2020-02-08 15:41:47,237.429,True
2020-02-08 15:41:48,251.521,True
2020-02-08 15:41:49,230.818,True
2020-02-08 15:41:50,224.323,True
2020-02-08 15:41:51,205.326,True
2020-02-08 15:41:52,226.086,True
2020-02-08 15:41:53,228.948,True
2020-02-08 15:41:54,235.223,True
2020-02-08 15:41:55,233.96,True
2020-02-08 15:41:56,229.199,True
2020-02-08 15:41:57,228.89,True
2020-02-08 15:41:58,218.334,True
2020-02-08 15:41:59,241.028,True
2020-02-08 15:42:00,235.693,True
2020-02-08 15:42:01,236.661,True
2020-02-08 15:42:02,237.629,True
2020-02-08 15:42:03,245.103,True
2020-02-08 15:42:04,210.959,True
2020-02-08 15:42:05,206.157,True
2020-02-08 15:42:06,227.36,True
2020-02-08 15:42:07,239.136,True
2020-02-08 15:42:08,246.395,True
2020-02-08 15:42:09,223.851,True
2020-02-08 15:42:10,247.689,True
2020-02-08 15:42:11,215.423,True
2020-02-08 15:42:12,229.224,True
2020-02-08 15:42:13,223.886,True
2020-02-08 15:42:14,237.913,True
2020-02-08 15:42:15,232.828,True
2020-02-08 15:42:16,223.308,True
2020-02-08 15:42:17,204.457,True
2020-02-08 15:42:18,227.857,True
2020-02-08 15:42:19,224.335,True
2020-02-08 15:42:20,221.245,True
2020-02-08 15:42:21,215.784,True
2020-02-08 15:42:22,227.843,True
2020-02-08 15:42:23,215.86,True
2020-02-08 15:42:24,203.877,True
2020-02-08 15:42:25,245.459,True
2020-02-08 15:42:26,228.647,True
2020-02-08 15:42:27,229.786,True
2020-02-08 15:42:28,223.922,True
2020-02-08 15:42:29,238.888,True
2020-02-08 15:42:30,236.845,True
2020-02-08 15:42:31,215.825,True
2020-02-08 15:42:32,249.279,True
2020-02-08 15:42:33,238.059,True
2020-02-08 15:42:34,229.394,True
2020-02-08 15:42:35,242.62,True
2020-02-08 15:42:36,202.809,True
2020-02-08 15:42:37,222.465,True
2020-02-08 15:42:38,232.231,True
2020-02-08 15:42:39,231.29,True
2020-02-08 15:42:40,226.456,True
2020-02-08 15:42:41,226.479,True
2020-02-08 15:42:42,234.08,True
2020-02-08 15:42:43,228.928,True
2020-02-08 15:42:44,229.807,True
2020-02-08 15:42:45,229.43599999999998,True
2020-02-08 15:42:46,229.065,True
2020-02-08 15:42:47,221.621,True
2020-02-08 15:42:48,219.133,True
2020-02-08 15:42:49,210.78,True
2020-02-08 15:42:50,226.857,True
2020-02-08 15:42:51,223.759,True
2020-02-08 15:42:52,248.485,True
2020-02-08 15:42:53,216.196,True
2020-02-08 15:42:54,228.943,True
2020-02-08 15:42:55,227.241,True
2020-02-08 15:42:56,222.106,True
2020-02-08 15:42:57,244.625,True
2020-02-08 15:42:58,237.753,True
2020-02-08 15:42:59,230.528,True
2020-02-08 15:43:00,204.567,True
2020-02-08 15:43:01,204.711,True
2020-02-08 15:43:02,220.941,True
2020-02-08 15:43:03,233.809,True
2020-02-08 15:43:04,240.926,True
2020-02-08 15:43:05,228.627,True
2020-02-08 15:43:06,228.80200000000002,True
2020-02-08 15:43:07,228.977,True
2020-02-08 15:43:08,207.367,True
2020-02-08 15:43:09,230.911,True
2020-02-08 15:43:10,204.475,True
2020-02-08 15:43:11,213.12,True
2020-02-08 15:43:12,242.109,True
2020-02-08 15:43:13,238.395,True
2020-02-08 15:43:14,219.39,True
2020-02-08 15:43:15,210.749,True
2020-02-08 15:43:16,228.953,True
2020-02-08 15:43:17,227.74,True
2020-02-08 15:43:18,204.476,True
2020-02-08 15:43:19,224.421,True
2020-02-08 15:43:20,247.217,True
2020-02-08 15:43:21,233.808,True
2020-02-08 15:43:22,234.415,True
2020-02-08 15:43:23,221.507,True
2020-02-08 15:43:24,230.942,True
2020-02-08 15:43:25,217.185,True
2020-02-08 15:43:26,223.634,True
2020-02-08 15:43:27,226.717,True
2020-02-08 15:43:28,224.2985,True
2020-02-08 15:43:29,221.88,True
2020-02-08 15:43:30,244.297,True
2020-02-08 15:43:31,203.791,True
2020-02-08 15:43:32,227.7,True
2020-02-08 15:43:33,222.148,True
2020-02-08 15:43:34,224.139,True
2020-02-08 15:43:35,229.655,True
2020-02-08 15:43:36,214.97,True
2020-02-08 15:43:37,223.811,True
2020-02-08 15:43:38,228.341,True
2020-02-08 15:43:39,222.847,True
2020-02-08 15:43:40,219.394,True
2020-02-08 15:43:41,234.25,True
2020-02-08 15:43:42,250.834,True
2020-02-08 15:43:43,205.873,True
2020-02-08 15:43:44,230.48,True
2020-02-08 15:43:45,223.894,True
2020-02-08 15:43:46,224.486,True
2020-02-08 15:43:47,240.585,True
2020-02-08 15:43:48,248.752,True
2020-02-08 15:43:49,229.274,True
2020-02-08 15:43:50,240.4235,True
2020-02-08 15:43:51,251.573,True
2020-02-08 15:43:52,216.573,True
2020-02-08 15:43:53,205.083,True
2020-02-08 15:43:54,228.504,True
2020-02-08 15:43:55,236.772,True
2020-02-08 15:43:56,238.767,True
2020-02-08 15:43:57,241.992,True
2020-02-08 15:43:58,237.452,True
2020-02-08 15:43:59,212.797,True
2020-02-08 15:44:00,234.406,True
2020-02-08 15:44:01,220.315,True
2020-02-08 15:44:02,224.883,True
2020-02-08 15:44:03,206.296,True
2020-02-08 15:44:04,231.429,True
2020-02-08 15:44:05,242.05,True
2020-02-08 15:44:06,219.368,True
2020-02-08 15:44:07,228.938,False
2020-02-08 15:44:08,224.275,False
2020-02-08 15:44:09,204.106,False
2020-02-08 15:44:10,214.225,False
2020-02-08 15:44:11,220.64999999999998,False
2020-02-08 15:44:12,227.075,False
2020-02-08 15:44:13,241.374,False
2020-02-08 15:44:14,236.21,False
2020-02-08 15:44:15,229.345,False
2020-02-08 15:44:16,219.935,False
2020-02-08 15:44:17,217.37,False
2020-02-08 15:44:18,231.033,False
2020-02-08 15:44:19,227.91,False
2020-02-08 15:44:20,221.725,False
2020-02-08 15:44:21,228.051,False
2020-02-08 15:44:22,220.217,False
2020-02-08 15:44:23,218.72,False
2020-02-08 15:44:24,230.016,False
2020-02-08 15:44:25,229.363,False
2020-02-08 15:44:26,229.339,False
2020-02-08 15:44:27,206.308,False
2020-02-08 15:44:28,226.0975,False
2020-02-08 15:44:29,245.887,False
2020-02-08 15:44:30,251.298,False
2020-02-08 15:44:31,227.964,False
2020-02-08 15:44:32,240.955,False
2020-02-08 15:44:33,241.995,False
2020-02-08 15:44:34,218.66,False
2020-02-08 15:44:35,231.687,False
2020-02-08 15:44:36,223.748,False
2020-02-08 15:44:37,227.886,False
2020-02-08 15:44:38,226.471,False
2020-02-08 15:44:39,218.119,False
2020-02-08 15:44:40,230.557,False
2020-02-08 15:44:41,204.339,False
2020-02-08 15:44:42,214.101,False
2020-02-08 15:44:43,229.821,False
2020-02-08 15:44:44,227.831,False
2020-02-08 15:44:45,230.975,False
2020-02-08 15:44:46,233.231,False
2020-02-08 15:44:47,229.625,False
2020-02-08 15:44:48,229.193,False
2020-02-08 15:44:49,236.943,False
2020-02-08 15:44:50,231.453,False
2020-02-08 15:44:51,225.963,False
2020-02-08 15:44:52,212.568,False
2020-02-08 15:44:53,231.06,False
2020-02-08 15:44:54,231.063,False
2020-02-08 15:44:55,228.096,False
2020-02-08 15:44:56,227.802,False
2020-02-08 15:44:57,229.427,False
2020-02-08 15:44:58,238.279,False
2020-02-08 15:44:59,245.236,False
2020-02-08 15:45:00,233.113,False
2020-02-08 15:45:01,229.496,False
2020-02-08 15:45:02,222.334,False
2020-02-08 15:45:03,215.105,False
2020-02-08 15:45:04,229.339,False
2020-02-08 15:45:05,213.085,False
2020-02-08 15:45:06,226.383,False
