timestamp,volumeflowraterms_005,trainval
2020-02-08 14:54:07,126.0,True
2020-02-08 14:54:08,126.0,True
2020-02-08 14:54:09,126.0,True
2020-02-08 14:54:10,126.0,True
2020-02-08 14:54:11,126.0,True
2020-02-08 14:54:12,125.33,True
2020-02-08 14:54:13,125.672,True
2020-02-08 14:54:14,126.672,True
2020-02-08 14:54:15,126.33,True
2020-02-08 14:54:16,126.672,True
2020-02-08 14:54:17,126.33,True
2020-02-08 14:54:18,125.33,True
2020-02-08 14:54:19,125.672,True
2020-02-08 14:54:20,126.672,True
2020-02-08 14:54:21,126.33,True
2020-02-08 14:54:22,126.0,True
2020-02-08 14:54:23,126.0,True
2020-02-08 14:54:24,125.33,True
2020-02-08 14:54:25,125.8375,True
2020-02-08 14:54:26,126.345,True
2020-02-08 14:54:27,125.662,True
2020-02-08 14:54:28,125.672,True
2020-02-08 14:54:29,126.0,True
2020-02-08 14:54:30,125.33,True
2020-02-08 14:54:31,126.0,True
2020-02-08 14:54:32,126.0,True
2020-02-08 14:54:33,126.0,True
2020-02-08 14:54:34,126.0,True
2020-02-08 14:54:35,126.0,True
2020-02-08 14:54:36,126.672,True
2020-02-08 14:54:37,126.33,True
2020-02-08 14:54:38,126.0,True
2020-02-08 14:54:39,126.0,True
2020-02-08 14:54:40,126.0,True
2020-02-08 14:54:41,126.672,True
2020-02-08 14:54:42,127.0,True
2020-02-08 14:54:43,125.662,True
2020-02-08 14:54:44,126.345,True
2020-02-08 14:54:45,126.33,True
2020-02-08 14:54:46,126.0,True
2020-02-08 14:54:47,126.0,True
2020-02-08 14:54:48,126.0,True
2020-02-08 14:54:49,126.0,True
2020-02-08 14:54:50,126.0,True
2020-02-08 14:54:51,126.0,True
2020-02-08 14:54:52,126.0,True
2020-02-08 14:54:53,126.0,True
2020-02-08 14:54:54,126.0,True
2020-02-08 14:54:55,126.0,True
2020-02-08 14:54:56,126.0,True
2020-02-08 14:54:57,125.33,True
2020-02-08 14:54:58,125.672,True
2020-02-08 14:54:59,126.0,True
2020-02-08 14:55:00,126.0,True
2020-02-08 14:55:01,126.672,True
2020-02-08 14:55:02,125.662,True
2020-02-08 14:55:03,125.672,True
2020-02-08 14:55:04,125.33,True
2020-02-08 14:55:05,125.672,True
2020-02-08 14:55:06,126.0,True
2020-02-08 14:55:07,126.0,True
2020-02-08 14:55:08,126.0,True
2020-02-08 14:55:09,126.0,True
2020-02-08 14:55:10,126.0,True
2020-02-08 14:55:11,126.672,True
2020-02-08 14:55:12,125.662,True
2020-02-08 14:55:13,125.672,True
2020-02-08 14:55:14,126.33,True
2020-02-08 14:55:15,126.0,True
2020-02-08 14:55:16,126.0,True
2020-02-08 14:55:17,126.0,True
2020-02-08 14:55:18,126.0,True
2020-02-08 14:55:19,126.0,True
2020-02-08 14:55:20,126.0,True
2020-02-08 14:55:21,125.33,True
2020-02-08 14:55:22,125.672,True
2020-02-08 14:55:23,126.0,True
2020-02-08 14:55:24,126.0,True
2020-02-08 14:55:25,126.0,True
2020-02-08 14:55:26,126.0,True
2020-02-08 14:55:27,126.0,True
2020-02-08 14:55:28,126.0,True
2020-02-08 14:55:29,125.33,True
2020-02-08 14:55:30,126.345,True
2020-02-08 14:55:31,125.662,True
2020-02-08 14:55:32,126.0,True
2020-02-08 14:55:33,126.0,True
2020-02-08 14:55:34,126.0,True
2020-02-08 14:55:35,125.33,True
2020-02-08 14:55:36,126.345,True
2020-02-08 14:55:37,125.662,True
2020-02-08 14:55:38,125.672,True
2020-02-08 14:55:39,126.0,True
2020-02-08 14:55:40,126.0,True
2020-02-08 14:55:41,126.0,True
2020-02-08 14:55:42,126.0,True
2020-02-08 14:55:43,126.0,True
2020-02-08 14:55:44,126.0,True
2020-02-08 14:55:45,126.0,True
2020-02-08 14:55:46,126.0,True
2020-02-08 14:55:47,126.0,True
2020-02-08 14:55:48,126.0,True
2020-02-08 14:55:49,126.0,True
2020-02-08 14:55:50,125.33,True
2020-02-08 14:55:51,126.0,True
2020-02-08 14:55:52,126.0,True
2020-02-08 14:55:53,126.0,True
2020-02-08 14:55:54,126.0,True
2020-02-08 14:55:55,126.0,True
2020-02-08 14:55:56,125.33,True
2020-02-08 14:55:57,125.672,True
2020-02-08 14:55:58,126.0,True
2020-02-08 14:55:59,126.0,True
2020-02-08 14:56:00,126.672,True
2020-02-08 14:56:01,126.33,True
2020-02-08 14:56:02,126.0,True
2020-02-08 14:56:03,125.66499999999999,True
2020-02-08 14:56:04,125.33,True
2020-02-08 14:56:05,125.672,True
2020-02-08 14:56:06,126.0,True
2020-02-08 14:56:07,126.0,True
2020-02-08 14:56:08,125.672,True
2020-02-08 14:56:09,126.0,True
2020-02-08 14:56:10,125.33,True
2020-02-08 14:56:11,125.672,True
2020-02-08 14:56:12,126.672,True
2020-02-08 14:56:13,126.33,True
2020-02-08 14:56:14,125.33,True
2020-02-08 14:56:15,125.672,True
2020-02-08 14:56:16,126.0,True
2020-02-08 14:56:17,125.33,True
2020-02-08 14:56:18,125.672,True
2020-02-08 14:56:19,125.33,True
2020-02-08 14:56:20,125.501,True
2020-02-08 14:56:21,125.672,True
2020-02-08 14:56:22,125.33,True
2020-02-08 14:56:23,125.0,True
2020-02-08 14:56:24,125.672,True
2020-02-08 14:56:25,125.33,True
2020-02-08 14:56:26,125.33,True
2020-02-08 14:56:27,125.672,True
2020-02-08 14:56:28,126.672,True
2020-02-08 14:56:29,126.33,True
2020-02-08 14:56:30,126.0,True
2020-02-08 14:56:31,126.0,True
2020-02-08 14:56:32,126.672,True
2020-02-08 14:56:33,126.33,True
2020-02-08 14:56:34,126.0,True
2020-02-08 14:56:35,126.0,True
2020-02-08 14:56:36,126.672,True
2020-02-08 14:56:37,126.33,True
2020-02-08 14:56:38,126.0,True
2020-02-08 14:56:39,126.0,True
2020-02-08 14:56:40,126.0,True
2020-02-08 14:56:41,126.0,True
2020-02-08 14:56:42,126.0,True
2020-02-08 14:56:43,126.672,True
2020-02-08 14:56:44,126.0,True
2020-02-08 14:56:45,126.672,True
2020-02-08 14:56:46,126.33,True
2020-02-08 14:56:47,126.672,True
2020-02-08 14:56:48,126.33,True
2020-02-08 14:56:49,126.0,True
2020-02-08 14:56:50,126.0,True
2020-02-08 14:56:51,126.672,True
2020-02-08 14:56:52,125.661,True
2020-02-08 14:56:53,126.346,True
2020-02-08 14:56:54,126.33,True
2020-02-08 14:56:55,126.672,True
2020-02-08 14:56:56,126.501,True
2020-02-08 14:56:57,126.33,True
2020-02-08 14:56:58,126.672,True
2020-02-08 14:56:59,127.0,True
2020-02-08 14:57:00,126.672,True
2020-02-08 14:57:01,125.661,True
2020-02-08 14:57:02,125.672,True
2020-02-08 14:57:03,126.672,True
2020-02-08 14:57:04,126.33,True
2020-02-08 14:57:05,125.33,True
2020-02-08 14:57:06,126.346,True
2020-02-08 14:57:07,125.661,True
2020-02-08 14:57:08,126.346,True
2020-02-08 14:57:09,126.33,True
2020-02-08 14:57:10,126.0,True
2020-02-08 14:57:11,126.0,True
2020-02-08 14:57:12,126.0,True
2020-02-08 14:57:13,126.0,True
2020-02-08 14:57:14,126.672,True
2020-02-08 14:57:15,125.661,True
2020-02-08 14:57:16,125.672,True
2020-02-08 14:57:17,126.672,True
2020-02-08 14:57:18,126.33,True
2020-02-08 14:57:19,126.0,True
2020-02-08 14:57:20,126.0,True
2020-02-08 14:57:21,126.0,True
2020-02-08 14:57:22,126.0,True
2020-02-08 14:57:23,125.33,True
2020-02-08 14:57:24,125.672,True
2020-02-08 14:57:25,125.33,True
2020-02-08 14:57:26,126.346,True
2020-02-08 14:57:27,126.33,True
2020-02-08 14:57:28,126.0,True
2020-02-08 14:57:29,126.0,True
2020-02-08 14:57:30,126.672,True
2020-02-08 14:57:31,125.661,True
2020-02-08 14:57:32,125.6665,True
2020-02-08 14:57:33,125.672,True
2020-02-08 14:57:34,126.672,True
2020-02-08 14:57:35,126.33,True
2020-02-08 14:57:36,126.0,True
2020-02-08 14:57:37,126.672,True
2020-02-08 14:57:38,126.0,True
2020-02-08 14:57:39,126.672,True
2020-02-08 14:57:40,126.33,True
2020-02-08 14:57:41,125.33,True
2020-02-08 14:57:42,125.672,True
2020-02-08 14:57:43,125.33,True
2020-02-08 14:57:44,125.0,True
2020-02-08 14:57:45,125.672,True
2020-02-08 14:57:46,126.0,True
2020-02-08 14:57:47,126.0,True
2020-02-08 14:57:48,125.33,True
2020-02-08 14:57:49,125.0,True
2020-02-08 14:57:50,125.336,True
2020-02-08 14:57:51,125.672,True
2020-02-08 14:57:52,125.33,True
2020-02-08 14:57:53,125.672,True
2020-02-08 14:57:54,125.33,True
2020-02-08 14:57:55,125.672,True
2020-02-08 14:57:56,126.0,True
2020-02-08 14:57:57,126.0,True
2020-02-08 14:57:58,125.33,True
2020-02-08 14:57:59,127.021,True
2020-02-08 14:58:00,126.661,True
2020-02-08 14:58:01,125.33,True
2020-02-08 14:58:02,125.672,True
2020-02-08 14:58:03,126.672,True
2020-02-08 14:58:04,125.661,True
2020-02-08 14:58:05,125.672,True
2020-02-08 14:58:06,126.0,True
2020-02-08 14:58:07,126.0,True
2020-02-08 14:58:08,126.0,True
2020-02-08 14:58:09,126.0,True
2020-02-08 14:58:10,126.672,True
2020-02-08 14:58:11,126.33,True
2020-02-08 14:58:12,126.0,True
2020-02-08 14:58:13,126.0,True
2020-02-08 14:58:14,126.0,True
2020-02-08 14:58:15,126.0,True
2020-02-08 14:58:16,125.33,True
2020-02-08 14:58:17,125.672,True
2020-02-08 14:58:18,126.672,True
2020-02-08 14:58:19,126.33,True
2020-02-08 14:58:20,126.0,True
2020-02-08 14:58:21,126.0,True
2020-02-08 14:58:22,126.0,True
2020-02-08 14:58:23,126.0,True
2020-02-08 14:58:24,126.0,True
2020-02-08 14:58:25,125.33,True
2020-02-08 14:58:26,125.0,True
2020-02-08 14:58:27,126.346,True
2020-02-08 14:58:28,126.0,True
2020-02-08 14:58:29,126.0,True
2020-02-08 14:58:30,126.0,True
2020-02-08 14:58:31,126.0,True
2020-02-08 14:58:32,126.0,True
2020-02-08 14:58:33,126.0,True
2020-02-08 14:58:34,125.33,True
2020-02-08 14:58:35,125.672,True
2020-02-08 14:58:36,125.329,True
2020-02-08 14:58:37,125.672,True
2020-02-08 14:58:38,125.329,True
2020-02-08 14:58:39,125.672,True
2020-02-08 14:58:40,126.0,True
2020-02-08 14:58:41,126.0,True
2020-02-08 14:58:42,126.0,True
2020-02-08 14:58:43,126.0,True
2020-02-08 14:58:44,126.0,True
2020-02-08 14:58:45,126.0,True
2020-02-08 14:58:46,126.0,True
2020-02-08 14:58:47,126.672,True
2020-02-08 14:58:48,126.329,True
2020-02-08 14:58:49,125.329,True
2020-02-08 14:58:50,126.0,True
2020-02-08 14:58:51,126.0,True
2020-02-08 14:58:52,126.0,True
2020-02-08 14:58:53,126.0,True
2020-02-08 14:58:54,126.0,True
2020-02-08 14:58:55,126.0,True
2020-02-08 14:58:56,126.672,True
2020-02-08 14:58:57,126.329,True
2020-02-08 14:58:58,126.672,True
2020-02-08 14:58:59,126.329,True
2020-02-08 14:59:00,126.0,True
2020-02-08 14:59:01,125.329,True
2020-02-08 14:59:02,125.0,True
2020-02-08 14:59:03,125.0,True
2020-02-08 14:59:04,126.346,True
2020-02-08 14:59:05,126.329,True
2020-02-08 14:59:06,125.829,True
2020-02-08 14:59:07,125.329,True
2020-02-08 14:59:08,125.672,True
2020-02-08 14:59:09,125.329,True
2020-02-08 14:59:10,125.0,True
2020-02-08 14:59:11,125.0,True
2020-02-08 14:59:12,125.672,True
2020-02-08 14:59:13,126.0,True
2020-02-08 14:59:14,125.329,True
2020-02-08 14:59:15,125.0,True
2020-02-08 14:59:16,125.672,True
2020-02-08 14:59:17,125.329,True
2020-02-08 14:59:18,125.0,True
2020-02-08 14:59:19,125.672,True
2020-02-08 14:59:20,125.329,True
2020-02-08 14:59:21,126.346,True
2020-02-08 14:59:22,126.329,True
2020-02-08 14:59:23,125.329,True
2020-02-08 14:59:24,124.329,True
2020-02-08 14:59:25,125.346,True
2020-02-08 14:59:26,125.329,True
2020-02-08 14:59:27,125.1645,True
2020-02-08 14:59:28,125.0,True
2020-02-08 14:59:29,125.672,True
2020-02-08 14:59:30,125.329,True
2020-02-08 14:59:31,125.672,True
2020-02-08 14:59:32,125.329,True
2020-02-08 14:59:33,125.672,True
2020-02-08 14:59:34,125.0,True
2020-02-08 14:59:35,125.672,True
2020-02-08 14:59:36,125.329,True
2020-02-08 14:59:37,125.0,True
2020-02-08 14:59:38,125.672,True
2020-02-08 14:59:39,126.0,True
2020-02-08 14:59:40,126.0,True
2020-02-08 14:59:41,125.329,True
2020-02-08 14:59:42,125.0,True
2020-02-08 14:59:43,126.346,True
2020-02-08 14:59:44,125.661,True
2020-02-08 14:59:45,125.0,True
2020-02-08 14:59:46,125.672,True
2020-02-08 14:59:47,125.329,True
2020-02-08 14:59:48,125.672,True
2020-02-08 14:59:49,126.0,True
2020-02-08 14:59:50,126.0,True
2020-02-08 14:59:51,126.0,True
2020-02-08 14:59:52,125.329,True
2020-02-08 14:59:53,125.672,True
2020-02-08 14:59:54,125.329,True
2020-02-08 14:59:55,126.346,True
2020-02-08 14:59:56,125.661,True
2020-02-08 14:59:57,125.329,True
2020-02-08 14:59:58,125.672,True
2020-02-08 14:59:59,125.329,True
2020-02-08 15:00:00,126.346,True
2020-02-08 15:00:01,126.329,True
2020-02-08 15:00:02,125.329,True
2020-02-08 15:00:03,125.0,True
2020-02-08 15:00:04,125.672,True
2020-02-08 15:00:05,126.0,True
2020-02-08 15:00:06,125.329,True
2020-02-08 15:00:07,125.672,True
2020-02-08 15:00:08,125.329,True
2020-02-08 15:00:09,125.672,True
2020-02-08 15:00:10,126.0,True
2020-02-08 15:00:11,125.6645,True
2020-02-08 15:00:12,125.329,True
2020-02-08 15:00:13,125.672,True
2020-02-08 15:00:14,125.329,True
2020-02-08 15:00:15,125.672,True
2020-02-08 15:00:16,126.0,True
2020-02-08 15:00:17,126.0,True
2020-02-08 15:00:18,125.0,True
2020-02-08 15:00:19,125.672,True
2020-02-08 15:00:20,126.0,True
2020-02-08 15:00:21,126.672,True
2020-02-08 15:00:22,126.329,True
2020-02-08 15:00:23,125.329,True
2020-02-08 15:00:24,125.672,True
2020-02-08 15:00:25,126.0,True
2020-02-08 15:00:26,126.0,True
2020-02-08 15:00:27,125.329,True
2020-02-08 15:00:28,125.0,True
2020-02-08 15:00:29,125.672,True
2020-02-08 15:00:30,126.672,True
2020-02-08 15:00:31,126.329,True
2020-02-08 15:00:32,126.0,True
2020-02-08 15:00:33,125.6645,True
2020-02-08 15:00:34,125.329,True
2020-02-08 15:00:35,126.346,True
2020-02-08 15:00:36,126.329,True
2020-02-08 15:00:37,126.0,True
2020-02-08 15:00:38,126.0,True
2020-02-08 15:00:39,126.0,True
2020-02-08 15:00:40,126.0,True
2020-02-08 15:00:41,126.0,True
2020-02-08 15:00:42,125.329,True
2020-02-08 15:00:43,125.672,True
2020-02-08 15:00:44,126.0,True
2020-02-08 15:00:45,126.0,True
2020-02-08 15:00:46,126.672,True
2020-02-08 15:00:47,126.329,True
2020-02-08 15:00:48,126.0,True
2020-02-08 15:00:49,126.0,True
2020-02-08 15:00:50,126.0,True
2020-02-08 15:00:51,126.0,True
2020-02-08 15:00:52,126.0,True
2020-02-08 15:00:53,125.6645,True
2020-02-08 15:00:54,125.329,True
2020-02-08 15:00:55,125.672,True
2020-02-08 15:00:56,126.0,True
2020-02-08 15:00:57,126.0,True
2020-02-08 15:00:58,125.329,True
2020-02-08 15:00:59,126.329,True
2020-02-08 15:01:00,125.329,True
2020-02-08 15:01:01,125.672,True
2020-02-08 15:01:02,126.0,True
2020-02-08 15:01:03,125.329,True
2020-02-08 15:01:04,125.672,True
2020-02-08 15:01:05,125.329,True
2020-02-08 15:01:06,125.0,True
2020-02-08 15:01:07,125.672,True
2020-02-08 15:01:08,125.329,True
2020-02-08 15:01:09,125.672,True
2020-02-08 15:01:10,126.0,True
2020-02-08 15:01:11,126.0,True
2020-02-08 15:01:12,125.6645,True
2020-02-08 15:01:13,125.329,True
2020-02-08 15:01:14,125.0,True
2020-02-08 15:01:15,125.672,True
2020-02-08 15:01:16,125.329,True
2020-02-08 15:01:17,125.672,True
2020-02-08 15:01:18,126.0,True
2020-02-08 15:01:19,126.0,True
2020-02-08 15:01:20,126.0,True
2020-02-08 15:01:21,126.0,True
2020-02-08 15:01:22,125.329,True
2020-02-08 15:01:23,126.347,True
2020-02-08 15:01:24,126.329,True
2020-02-08 15:01:25,126.0,True
2020-02-08 15:01:26,126.0,True
2020-02-08 15:01:27,126.0,True
2020-02-08 15:01:28,125.329,True
2020-02-08 15:01:29,125.673,True
2020-02-08 15:01:30,126.0,True
2020-02-08 15:01:31,126.0,True
2020-02-08 15:01:32,126.3365,True
2020-02-08 15:01:33,126.673,True
2020-02-08 15:01:34,125.66,True
2020-02-08 15:01:35,125.673,True
2020-02-08 15:01:36,126.0,True
2020-02-08 15:01:37,126.0,True
2020-02-08 15:01:38,125.329,True
2020-02-08 15:01:39,125.673,True
2020-02-08 15:01:40,126.673,True
2020-02-08 15:01:41,125.66,True
2020-02-08 15:01:42,126.347,True
2020-02-08 15:01:43,127.0,True
2020-02-08 15:01:44,127.0,True
2020-02-08 15:01:45,126.329,True
2020-02-08 15:01:46,126.0,True
2020-02-08 15:01:47,126.0,True
2020-02-08 15:01:48,126.0,True
2020-02-08 15:01:49,125.329,True
2020-02-08 15:01:50,125.673,True
2020-02-08 15:01:51,126.0,True
2020-02-08 15:01:52,126.0,True
2020-02-08 15:01:53,126.0,True
2020-02-08 15:01:54,126.0,True
2020-02-08 15:01:55,126.0,True
2020-02-08 15:01:56,126.0,True
2020-02-08 15:01:57,126.0,True
2020-02-08 15:01:58,126.0,True
2020-02-08 15:01:59,126.673,True
2020-02-08 15:02:00,125.66,True
2020-02-08 15:02:01,127.023,True
2020-02-08 15:02:02,126.66,True
2020-02-08 15:02:03,126.0,True
2020-02-08 15:02:04,125.329,True
2020-02-08 15:02:05,125.673,True
2020-02-08 15:02:06,126.0,True
2020-02-08 15:02:07,126.0,True
2020-02-08 15:02:08,126.673,True
2020-02-08 15:02:09,125.66,True
2020-02-08 15:02:10,125.33,True
2020-02-08 15:02:11,125.0,True
2020-02-08 15:02:12,125.673,True
2020-02-08 15:02:13,125.329,True
2020-02-08 15:02:14,125.0,True
2020-02-08 15:02:15,125.0,True
2020-02-08 15:02:16,125.673,True
2020-02-08 15:02:17,126.0,True
2020-02-08 15:02:18,125.329,True
2020-02-08 15:02:19,125.0,True
2020-02-08 15:02:20,125.673,True
2020-02-08 15:02:21,126.673,True
2020-02-08 15:02:22,125.66,True
2020-02-08 15:02:23,125.673,True
2020-02-08 15:02:24,126.0,True
2020-02-08 15:02:25,125.329,True
2020-02-08 15:02:26,125.673,True
2020-02-08 15:02:27,126.0,True
2020-02-08 15:02:28,126.0,True
2020-02-08 15:02:29,126.0,True
2020-02-08 15:02:30,126.0,True
2020-02-08 15:02:31,126.0,True
2020-02-08 15:02:32,126.0,True
2020-02-08 15:02:33,125.329,True
2020-02-08 15:02:34,125.0,True
2020-02-08 15:02:35,125.66,True
2020-02-08 15:02:36,125.0,True
2020-02-08 15:02:37,125.673,True
2020-02-08 15:02:38,125.329,True
2020-02-08 15:02:39,125.673,True
2020-02-08 15:02:40,125.329,True
2020-02-08 15:02:41,125.673,True
2020-02-08 15:02:42,125.329,True
2020-02-08 15:02:43,125.0,True
2020-02-08 15:02:44,125.0,True
2020-02-08 15:02:45,125.673,True
2020-02-08 15:02:46,125.329,True
2020-02-08 15:02:47,125.673,True
2020-02-08 15:02:48,125.501,True
2020-02-08 15:02:49,125.329,True
2020-02-08 15:02:50,125.673,True
2020-02-08 15:02:51,125.329,True
2020-02-08 15:02:52,126.347,True
2020-02-08 15:02:53,125.66,True
2020-02-08 15:02:54,125.0,True
2020-02-08 15:02:55,125.673,True
2020-02-08 15:02:56,125.329,True
2020-02-08 15:02:57,125.673,True
2020-02-08 15:02:58,126.0,True
2020-02-08 15:02:59,125.329,True
2020-02-08 15:03:00,125.0,True
2020-02-08 15:03:01,125.673,True
2020-02-08 15:03:02,126.0,True
2020-02-08 15:03:03,124.66,True
2020-02-08 15:03:04,125.347,True
2020-02-08 15:03:05,126.0,True
2020-02-08 15:03:06,126.0,True
2020-02-08 15:03:07,125.329,True
2020-02-08 15:03:08,125.1645,True
2020-02-08 15:03:09,125.0,True
2020-02-08 15:03:10,125.673,True
2020-02-08 15:03:11,126.0,True
2020-02-08 15:03:12,126.0,True
2020-02-08 15:03:13,126.673,True
2020-02-08 15:03:14,125.673,True
2020-02-08 15:03:15,126.673,True
2020-02-08 15:03:16,126.329,True
2020-02-08 15:03:17,126.0,True
2020-02-08 15:03:18,126.0,True
2020-02-08 15:03:19,126.673,True
2020-02-08 15:03:20,127.0,True
2020-02-08 15:03:21,126.329,True
2020-02-08 15:03:22,126.0,True
2020-02-08 15:03:23,126.673,True
2020-02-08 15:03:24,126.329,True
2020-02-08 15:03:25,126.0,True
2020-02-08 15:03:26,126.0,True
2020-02-08 15:03:27,126.0,True
2020-02-08 15:03:28,126.0,True
2020-02-08 15:03:29,126.0,True
2020-02-08 15:03:30,125.329,True
2020-02-08 15:03:31,126.347,True
2020-02-08 15:03:32,126.329,True
2020-02-08 15:03:33,126.673,True
2020-02-08 15:03:34,125.673,True
2020-02-08 15:03:35,125.329,True
2020-02-08 15:03:36,126.347,True
2020-02-08 15:03:37,127.0,True
2020-02-08 15:03:38,126.329,True
2020-02-08 15:03:39,126.0,True
2020-02-08 15:03:40,125.329,True
2020-02-08 15:03:41,125.673,True
2020-02-08 15:03:42,126.673,True
2020-02-08 15:03:43,125.66,True
2020-02-08 15:03:44,126.347,True
2020-02-08 15:03:45,127.0,True
2020-02-08 15:03:46,126.329,True
2020-02-08 15:03:47,126.673,True
2020-02-08 15:03:48,126.501,True
2020-02-08 15:03:49,126.329,True
2020-02-08 15:03:50,126.0,True
2020-02-08 15:03:51,126.0,True
2020-02-08 15:03:52,126.0,True
2020-02-08 15:03:53,126.673,True
2020-02-08 15:03:54,127.672,True
2020-02-08 15:03:55,127.0,True
2020-02-08 15:03:56,127.672,True
2020-02-08 15:03:57,127.329,True
2020-02-08 15:03:58,127.0,True
2020-02-08 15:03:59,126.329,True
2020-02-08 15:04:00,126.673,True
2020-02-08 15:04:01,126.329,True
2020-02-08 15:04:02,126.0,True
2020-02-08 15:04:03,126.673,True
2020-02-08 15:04:04,126.329,True
2020-02-08 15:04:05,126.0,True
2020-02-08 15:04:06,126.0,True
2020-02-08 15:04:07,126.0,True
2020-02-08 15:04:08,126.0,True
2020-02-08 15:04:09,126.0,True
2020-02-08 15:04:10,126.0,True
2020-02-08 15:04:11,126.0,True
2020-02-08 15:04:12,126.0,True
2020-02-08 15:04:13,126.0,True
2020-02-08 15:04:14,126.0,True
2020-02-08 15:04:15,126.0,True
2020-02-08 15:04:16,126.673,True
2020-02-08 15:04:17,126.329,True
2020-02-08 15:04:18,126.673,True
2020-02-08 15:04:19,127.0,True
2020-02-08 15:04:20,126.329,True
2020-02-08 15:04:21,126.0,True
2020-02-08 15:04:22,126.0,True
2020-02-08 15:04:23,126.0,True
2020-02-08 15:04:24,126.673,True
2020-02-08 15:04:25,126.329,True
2020-02-08 15:04:26,125.329,True
2020-02-08 15:04:27,125.673,True
2020-02-08 15:04:28,126.673,True
2020-02-08 15:04:29,126.1665,True
2020-02-08 15:04:30,125.66,True
2020-02-08 15:04:31,125.673,True
2020-02-08 15:04:32,125.329,True
2020-02-08 15:04:33,125.0,True
2020-02-08 15:04:34,125.673,True
2020-02-08 15:04:35,126.0,True
2020-02-08 15:04:36,125.329,True
2020-02-08 15:04:37,125.673,True
2020-02-08 15:04:38,126.0,True
2020-02-08 15:04:39,126.0,True
2020-02-08 15:04:40,126.0,True
2020-02-08 15:04:41,126.0,True
2020-02-08 15:04:42,126.0,True
2020-02-08 15:04:43,125.329,True
2020-02-08 15:04:44,125.0,True
2020-02-08 15:04:45,125.673,True
2020-02-08 15:04:46,126.0,True
2020-02-08 15:04:47,125.329,True
2020-02-08 15:04:48,125.673,True
2020-02-08 15:04:49,126.0,True
2020-02-08 15:04:50,126.673,True
2020-02-08 15:04:51,126.329,True
2020-02-08 15:04:52,126.1645,True
2020-02-08 15:04:53,126.0,True
2020-02-08 15:04:54,125.329,True
2020-02-08 15:04:55,125.673,True
2020-02-08 15:04:56,126.0,True
2020-02-08 15:04:57,126.673,True
2020-02-08 15:04:58,126.0,True
2020-02-08 15:04:59,126.673,True
2020-02-08 15:05:00,125.66,True
2020-02-08 15:05:01,125.673,True
2020-02-08 15:05:02,125.329,True
2020-02-08 15:05:03,125.673,True
2020-02-08 15:05:04,126.0,True
2020-02-08 15:05:05,126.0,True
2020-02-08 15:05:06,126.0,True
2020-02-08 15:05:07,126.673,True
2020-02-08 15:05:08,126.329,True
2020-02-08 15:05:09,126.0,True
2020-02-08 15:05:10,126.0,True
2020-02-08 15:05:11,126.0,True
2020-02-08 15:05:12,126.0,True
2020-02-08 15:05:13,126.0,True
2020-02-08 15:05:14,126.0,True
2020-02-08 15:05:15,126.0,True
2020-02-08 15:05:16,126.0,True
2020-02-08 15:05:17,126.0,True
2020-02-08 15:05:18,125.329,True
2020-02-08 15:05:19,126.347,True
2020-02-08 15:05:20,126.329,True
2020-02-08 15:05:21,126.0,True
2020-02-08 15:05:22,126.673,True
2020-02-08 15:05:23,126.329,True
2020-02-08 15:05:24,126.0,True
2020-02-08 15:05:25,126.673,True
2020-02-08 15:05:26,127.0,True
2020-02-08 15:05:27,126.329,True
2020-02-08 15:05:28,126.0,True
2020-02-08 15:05:29,125.329,True
2020-02-08 15:05:30,125.673,True
2020-02-08 15:05:31,126.0,True
2020-02-08 15:05:32,126.0,True
2020-02-08 15:05:33,125.329,True
2020-02-08 15:05:34,126.347,True
2020-02-08 15:05:35,126.329,True
2020-02-08 15:05:36,126.673,True
2020-02-08 15:05:37,127.0,True
2020-02-08 15:05:38,126.6645,True
2020-02-08 15:05:39,126.329,True
2020-02-08 15:05:40,126.673,True
2020-02-08 15:05:41,127.673,True
2020-02-08 15:05:42,126.66,True
2020-02-08 15:05:43,126.673,True
2020-02-08 15:05:44,127.0,True
2020-02-08 15:05:45,126.0,True
2020-02-08 15:05:46,126.673,True
2020-02-08 15:05:47,126.329,True
2020-02-08 15:05:48,126.0,True
2020-02-08 15:05:49,126.673,True
2020-02-08 15:05:50,127.0,True
2020-02-08 15:05:51,125.66,True
2020-02-08 15:05:52,126.347,True
2020-02-08 15:05:53,125.66,True
2020-02-08 15:05:54,126.347,True
2020-02-08 15:05:55,125.66,True
2020-02-08 15:05:56,125.673,True
2020-02-08 15:05:57,126.0,True
2020-02-08 15:05:58,125.329,True
2020-02-08 15:05:59,126.347,True
2020-02-08 15:06:00,125.66,True
2020-02-08 15:06:01,126.347,True
2020-02-08 15:06:02,126.0035,True
2020-02-08 15:06:03,125.66,True
2020-02-08 15:06:04,125.673,True
2020-02-08 15:06:05,126.0,True
2020-02-08 15:06:06,126.0,True
2020-02-08 15:06:07,126.0,True
2020-02-08 15:06:08,126.0,True
2020-02-08 15:06:09,125.329,True
2020-02-08 15:06:10,126.347,True
2020-02-08 15:06:11,126.329,True
2020-02-08 15:06:12,126.0,True
2020-02-08 15:06:13,126.0,True
2020-02-08 15:06:14,127.347,True
2020-02-08 15:06:15,126.66,True
2020-02-08 15:06:16,126.0,True
2020-02-08 15:06:17,126.0,True
2020-02-08 15:06:18,126.673,True
2020-02-08 15:06:19,126.329,True
2020-02-08 15:06:20,126.673,True
2020-02-08 15:06:21,126.329,True
2020-02-08 15:06:22,126.673,True
2020-02-08 15:06:23,126.329,True
2020-02-08 15:06:24,126.0,True
2020-02-08 15:06:25,126.0,True
2020-02-08 15:06:26,126.0,True
2020-02-08 15:06:27,126.673,True
2020-02-08 15:06:28,126.329,True
2020-02-08 15:06:29,126.0,True
2020-02-08 15:06:30,126.0,True
2020-02-08 15:06:31,126.329,True
2020-02-08 15:06:32,126.0,True
2020-02-08 15:06:33,126.0,True
2020-02-08 15:06:34,126.673,True
2020-02-08 15:06:35,125.66,True
2020-02-08 15:06:36,126.347,True
2020-02-08 15:06:37,127.0,True
2020-02-08 15:06:38,127.0,True
2020-02-08 15:06:39,126.329,True
2020-02-08 15:06:40,126.673,True
2020-02-08 15:06:41,127.0,True
2020-02-08 15:06:42,126.329,True
2020-02-08 15:06:43,126.673,True
2020-02-08 15:06:44,126.329,True
2020-02-08 15:06:45,126.0,True
2020-02-08 15:06:46,126.0,True
2020-02-08 15:06:47,126.3365,True
2020-02-08 15:06:48,126.673,True
2020-02-08 15:06:49,126.329,True
2020-02-08 15:06:50,127.347,True
2020-02-08 15:06:51,126.66,True
2020-02-08 15:06:52,126.0,True
2020-02-08 15:06:53,126.673,True
2020-02-08 15:06:54,126.0,True
2020-02-08 15:06:55,126.673,True
2020-02-08 15:06:56,126.329,True
2020-02-08 15:06:57,126.0,True
2020-02-08 15:06:58,126.0,True
2020-02-08 15:06:59,126.0,True
2020-02-08 15:07:00,126.673,True
2020-02-08 15:07:01,126.329,True
2020-02-08 15:07:02,126.0,True
2020-02-08 15:07:03,126.0,True
2020-02-08 15:07:04,126.0,True
2020-02-08 15:07:05,126.0,True
2020-02-08 15:07:06,126.673,True
2020-02-08 15:07:07,126.329,True
2020-02-08 15:07:08,126.673,True
2020-02-08 15:07:09,126.329,True
2020-02-08 15:07:10,126.1645,True
2020-02-08 15:07:11,126.0,True
2020-02-08 15:07:12,126.0,True
2020-02-08 15:07:13,126.673,True
2020-02-08 15:07:14,127.0,True
2020-02-08 15:07:15,125.659,True
2020-02-08 15:07:16,126.348,True
2020-02-08 15:07:17,127.329,True
2020-02-08 15:07:18,126.329,True
2020-02-08 15:07:19,126.673,True
2020-02-08 15:07:20,126.329,True
2020-02-08 15:07:21,126.0,True
2020-02-08 15:07:22,126.0,True
2020-02-08 15:07:23,126.0,True
2020-02-08 15:07:24,126.0,True
2020-02-08 15:07:25,126.0,True
2020-02-08 15:07:26,126.0,True
2020-02-08 15:07:27,126.0,True
2020-02-08 15:07:28,126.0,True
2020-02-08 15:07:29,125.329,True
2020-02-08 15:07:30,125.673,True
2020-02-08 15:07:31,126.0,True
2020-02-08 15:07:32,126.0,True
2020-02-08 15:07:33,125.6645,True
2020-02-08 15:07:34,125.329,True
2020-02-08 15:07:35,125.673,True
2020-02-08 15:07:36,126.0,True
2020-02-08 15:07:37,126.0,True
2020-02-08 15:07:38,126.0,True
2020-02-08 15:07:39,126.0,True
2020-02-08 15:07:40,125.673,True
2020-02-08 15:07:41,126.0,True
2020-02-08 15:07:42,126.0,True
2020-02-08 15:07:43,126.0,True
2020-02-08 15:07:44,126.0,True
2020-02-08 15:07:45,126.0,True
2020-02-08 15:07:46,126.0,True
2020-02-08 15:07:47,126.0,True
2020-02-08 15:07:48,126.0,True
2020-02-08 15:07:49,126.673,True
2020-02-08 15:07:50,125.659,True
2020-02-08 15:07:51,125.673,True
2020-02-08 15:07:52,126.0,True
2020-02-08 15:07:53,125.329,True
2020-02-08 15:07:54,126.348,True
2020-02-08 15:07:55,127.0,True
2020-02-08 15:07:56,126.329,True
2020-02-08 15:07:57,126.501,True
2020-02-08 15:07:58,126.673,True
2020-02-08 15:07:59,126.329,True
2020-02-08 15:08:00,126.0,True
2020-02-08 15:08:01,126.0,True
2020-02-08 15:08:02,126.0,True
2020-02-08 15:08:03,126.329,True
2020-02-08 15:08:04,126.0,True
2020-02-08 15:08:05,126.673,True
2020-02-08 15:08:06,126.329,True
2020-02-08 15:08:07,126.673,True
2020-02-08 15:08:08,126.329,True
2020-02-08 15:08:09,126.673,True
2020-02-08 15:08:10,126.329,True
2020-02-08 15:08:11,126.0,True
2020-02-08 15:08:12,126.0,True
2020-02-08 15:08:13,126.0,True
2020-02-08 15:08:14,126.673,True
2020-02-08 15:08:15,126.329,True
2020-02-08 15:08:16,125.329,True
2020-02-08 15:08:17,126.348,True
2020-02-08 15:08:18,126.329,True
2020-02-08 15:08:19,126.8385,True
2020-02-08 15:08:20,127.348,True
2020-02-08 15:08:21,126.0,True
2020-02-08 15:08:22,126.0,True
2020-02-08 15:08:23,125.329,True
2020-02-08 15:08:24,125.673,True
2020-02-08 15:08:25,125.329,True
2020-02-08 15:08:26,125.673,True
2020-02-08 15:08:27,126.0,True
2020-02-08 15:08:28,126.673,True
2020-02-08 15:08:29,126.329,True
2020-02-08 15:08:30,126.0,True
2020-02-08 15:08:31,125.329,True
2020-02-08 15:08:32,125.673,True
2020-02-08 15:08:33,126.0,True
2020-02-08 15:08:34,126.0,True
2020-02-08 15:08:35,125.329,True
2020-02-08 15:08:36,125.8385,True
2020-02-08 15:08:37,126.348,True
2020-02-08 15:08:38,126.329,True
2020-02-08 15:08:39,126.673,True
2020-02-08 15:08:40,126.329,True
2020-02-08 15:08:41,126.673,True
2020-02-08 15:08:42,126.329,True
2020-02-08 15:08:43,126.348,True
2020-02-08 15:08:44,126.329,True
2020-02-08 15:08:45,126.673,True
2020-02-08 15:08:46,126.329,True
2020-02-08 15:08:47,126.0,True
2020-02-08 15:08:48,126.0,True
2020-02-08 15:08:49,126.673,True
2020-02-08 15:08:50,127.0,True
2020-02-08 15:08:51,126.329,True
2020-02-08 15:08:52,125.329,True
2020-02-08 15:08:53,125.673,True
2020-02-08 15:08:54,126.0,True
2020-02-08 15:08:55,126.673,True
2020-02-08 15:08:56,126.329,True
2020-02-08 15:08:57,125.329,True
2020-02-08 15:08:58,126.348,True
2020-02-08 15:08:59,126.3385,True
2020-02-08 15:09:00,126.329,True
2020-02-08 15:09:01,126.0,True
2020-02-08 15:09:02,126.0,True
2020-02-08 15:09:03,126.0,True
2020-02-08 15:09:04,125.329,True
2020-02-08 15:09:05,125.673,True
2020-02-08 15:09:06,126.348,True
2020-02-08 15:09:07,126.329,True
2020-02-08 15:09:08,126.673,True
2020-02-08 15:09:09,127.0,True
2020-02-08 15:09:10,126.329,True
2020-02-08 15:09:11,126.673,True
2020-02-08 15:09:12,126.329,True
2020-02-08 15:09:13,126.0,True
2020-02-08 15:09:14,125.329,True
2020-02-08 15:09:15,125.0,True
2020-02-08 15:09:16,125.673,True
2020-02-08 15:09:17,126.673,True
2020-02-08 15:09:18,126.329,True
2020-02-08 15:09:19,126.0,True
2020-02-08 15:09:20,126.0,True
2020-02-08 15:09:21,126.0,True
2020-02-08 15:09:22,126.0,True
2020-02-08 15:09:23,126.0,True
2020-02-08 15:09:24,126.0,True
2020-02-08 15:09:25,126.0,True
2020-02-08 15:09:26,126.0,True
2020-02-08 15:09:27,126.673,True
2020-02-08 15:09:28,126.329,True
2020-02-08 15:09:29,125.329,True
2020-02-08 15:09:30,126.673,True
2020-02-08 15:09:31,126.329,True
2020-02-08 15:09:32,126.0,True
2020-02-08 15:09:33,126.673,True
2020-02-08 15:09:34,125.659,True
2020-02-08 15:09:35,125.673,True
2020-02-08 15:09:36,126.0,True
2020-02-08 15:09:37,126.673,True
2020-02-08 15:09:38,126.329,True
2020-02-08 15:09:39,126.0,True
2020-02-08 15:09:40,126.0,True
2020-02-08 15:09:41,126.0,True
2020-02-08 15:09:42,126.0,True
2020-02-08 15:09:43,126.0,True
2020-02-08 15:09:44,126.0,True
2020-02-08 15:09:45,125.329,True
2020-02-08 15:09:46,125.8385,True
2020-02-08 15:09:47,126.348,True
2020-02-08 15:09:48,126.329,True
2020-02-08 15:09:49,126.0,True
2020-02-08 15:09:50,125.329,True
2020-02-08 15:09:51,125.673,True
2020-02-08 15:09:52,126.0,True
2020-02-08 15:09:53,126.0,True
2020-02-08 15:09:54,125.329,True
2020-02-08 15:09:55,125.673,True
2020-02-08 15:09:56,126.673,True
2020-02-08 15:09:57,127.0,True
2020-02-08 15:09:58,127.0,True
2020-02-08 15:09:59,126.329,True
2020-02-08 15:10:00,126.0,True
2020-02-08 15:10:01,126.0,True
2020-02-08 15:10:02,126.0,True
2020-02-08 15:10:03,126.0,True
2020-02-08 15:10:04,126.0,True
2020-02-08 15:10:05,126.0,True
2020-02-08 15:10:06,126.0,True
2020-02-08 15:10:07,127.348,True
2020-02-08 15:10:08,126.659,True
2020-02-08 15:10:09,126.3295,True
2020-02-08 15:10:10,126.0,True
2020-02-08 15:10:11,126.0,True
2020-02-08 15:10:12,126.0,True
2020-02-08 15:10:13,124.659,True
2020-02-08 15:10:14,124.673,True
2020-02-08 15:10:15,125.673,True
2020-02-08 15:10:16,126.0,True
2020-02-08 15:10:17,126.0,True
2020-02-08 15:10:18,125.329,True
2020-02-08 15:10:19,125.673,True
2020-02-08 15:10:20,126.0,True
2020-02-08 15:10:21,126.0,True
2020-02-08 15:10:22,125.329,True
2020-02-08 15:10:23,125.673,True
2020-02-08 15:10:24,126.0,True
2020-02-08 15:10:25,125.329,True
2020-02-08 15:10:26,125.673,True
2020-02-08 15:10:27,126.0,True
2020-02-08 15:10:28,125.329,True
2020-02-08 15:10:29,125.673,True
2020-02-08 15:10:30,126.673,True
2020-02-08 15:10:31,126.166,True
2020-02-08 15:10:32,125.659,True
2020-02-08 15:10:33,126.348,True
2020-02-08 15:10:34,125.659,True
2020-02-08 15:10:35,125.0,True
2020-02-08 15:10:36,125.673,True
2020-02-08 15:10:37,126.0,True
2020-02-08 15:10:38,126.329,True
2020-02-08 15:10:39,126.0,True
2020-02-08 15:10:40,125.329,True
2020-02-08 15:10:41,125.0,True
2020-02-08 15:10:42,125.0,True
2020-02-08 15:10:43,125.0,True
2020-02-08 15:10:44,126.348,True
2020-02-08 15:10:45,126.329,True
2020-02-08 15:10:46,126.0,True
2020-02-08 15:10:47,124.659,True
2020-02-08 15:10:48,124.0,True
2020-02-08 15:10:49,124.673,True
2020-02-08 15:10:50,125.0,True
2020-02-08 15:10:51,125.673,True
2020-02-08 15:10:52,124.659,True
2020-02-08 15:10:53,125.348,True
2020-02-08 15:10:54,125.3385,True
2020-02-08 15:10:55,125.329,True
2020-02-08 15:10:56,125.0,True
2020-02-08 15:10:57,125.673,True
2020-02-08 15:10:58,126.0,True
2020-02-08 15:10:59,126.0,True
2020-02-08 15:11:00,126.673,True
2020-02-08 15:11:01,126.673,True
2020-02-08 15:11:02,126.329,True
2020-02-08 15:11:03,125.329,True
2020-02-08 15:11:04,125.673,True
2020-02-08 15:11:05,126.0,True
2020-02-08 15:11:06,125.329,True
2020-02-08 15:11:07,125.673,True
2020-02-08 15:11:08,126.0,True
2020-02-08 15:11:09,126.0,True
2020-02-08 15:11:10,126.0,True
2020-02-08 15:11:11,126.0,True
2020-02-08 15:11:12,126.0,True
2020-02-08 15:11:13,126.0,True
2020-02-08 15:11:14,126.0,True
2020-02-08 15:11:15,126.0,True
2020-02-08 15:11:16,125.329,True
2020-02-08 15:11:17,125.8385,True
2020-02-08 15:11:18,126.348,True
2020-02-08 15:11:19,126.329,True
2020-02-08 15:11:20,126.0,True
2020-02-08 15:11:21,126.0,True
2020-02-08 15:11:22,125.329,True
2020-02-08 15:11:23,125.659,True
2020-02-08 15:11:24,125.673,True
2020-02-08 15:11:25,126.0,True
2020-02-08 15:11:26,126.0,True
2020-02-08 15:11:27,126.0,True
2020-02-08 15:11:28,125.329,True
2020-02-08 15:11:29,125.673,True
2020-02-08 15:11:30,126.0,True
2020-02-08 15:11:31,125.329,True
2020-02-08 15:11:32,125.0,True
2020-02-08 15:11:33,126.348,True
2020-02-08 15:11:34,126.329,True
2020-02-08 15:11:35,126.673,True
2020-02-08 15:11:36,126.329,True
2020-02-08 15:11:37,126.0,True
2020-02-08 15:11:38,125.329,True
2020-02-08 15:11:39,126.348,True
2020-02-08 15:11:40,126.3385,True
2020-02-08 15:11:41,126.329,True
2020-02-08 15:11:42,126.0,True
2020-02-08 15:11:43,126.0,True
2020-02-08 15:11:44,126.673,True
2020-02-08 15:11:45,126.329,True
2020-02-08 15:11:46,126.0,True
2020-02-08 15:11:47,126.673,True
2020-02-08 15:11:48,126.329,True
2020-02-08 15:11:49,126.0,True
2020-02-08 15:11:50,125.329,True
2020-02-08 15:11:51,125.673,True
2020-02-08 15:11:52,126.673,True
2020-02-08 15:11:53,126.329,True
2020-02-08 15:11:54,126.0,True
2020-02-08 15:11:55,126.0,True
2020-02-08 15:11:56,126.0,True
2020-02-08 15:11:57,126.0,True
2020-02-08 15:11:58,126.0,True
2020-02-08 15:11:59,126.0,True
2020-02-08 15:12:00,126.0,True
2020-02-08 15:12:01,126.0,True
2020-02-08 15:12:02,126.0,True
2020-02-08 15:12:03,126.0,True
2020-02-08 15:12:04,126.0,True
2020-02-08 15:12:05,126.0,True
2020-02-08 15:12:06,125.329,True
2020-02-08 15:12:07,125.673,True
2020-02-08 15:12:08,125.329,True
2020-02-08 15:12:09,125.673,True
2020-02-08 15:12:10,126.329,True
2020-02-08 15:12:11,126.0,True
2020-02-08 15:12:12,125.329,True
2020-02-08 15:12:13,125.673,True
2020-02-08 15:12:14,126.673,True
2020-02-08 15:12:15,126.329,True
2020-02-08 15:12:16,126.673,True
2020-02-08 15:12:17,126.329,True
2020-02-08 15:12:18,126.0,True
2020-02-08 15:12:19,126.0,True
2020-02-08 15:12:20,126.673,True
2020-02-08 15:12:21,126.329,True
2020-02-08 15:12:22,125.329,True
2020-02-08 15:12:23,125.673,True
2020-02-08 15:12:24,126.673,True
2020-02-08 15:12:25,126.166,True
2020-02-08 15:12:26,125.659,True
2020-02-08 15:12:27,126.348,True
2020-02-08 15:12:28,126.329,True
2020-02-08 15:12:29,127.348,True
2020-02-08 15:12:30,126.659,True
2020-02-08 15:12:31,126.0,True
2020-02-08 15:12:32,126.0,True
2020-02-08 15:12:33,126.0,True
2020-02-08 15:12:34,126.0,True
2020-02-08 15:12:35,126.0,True
2020-02-08 15:12:36,126.0,True
2020-02-08 15:12:37,126.0,True
2020-02-08 15:12:38,126.0,True
2020-02-08 15:12:39,126.673,True
2020-02-08 15:12:40,127.0,True
2020-02-08 15:12:41,127.0,True
2020-02-08 15:12:42,126.328,True
2020-02-08 15:12:43,126.0,True
2020-02-08 15:12:44,126.0,True
2020-02-08 15:12:45,126.0,True
2020-02-08 15:12:46,126.673,True
2020-02-08 15:12:47,126.8365,True
2020-02-08 15:12:48,127.0,True
2020-02-08 15:12:49,125.658,True
2020-02-08 15:12:50,125.673,True
2020-02-08 15:12:51,126.0,True
2020-02-08 15:12:52,126.0,True
2020-02-08 15:12:53,126.673,True
2020-02-08 15:12:54,127.0,True
2020-02-08 15:12:55,126.328,True
2020-02-08 15:12:56,126.0,True
2020-02-08 15:12:57,126.673,True
2020-02-08 15:12:58,125.658,True
2020-02-08 15:12:59,126.349,True
2020-02-08 15:13:00,127.0,True
2020-02-08 15:13:01,126.328,True
2020-02-08 15:13:02,126.0,True
2020-02-08 15:13:03,126.0,True
2020-02-08 15:13:04,125.328,True
2020-02-08 15:13:05,125.673,True
2020-02-08 15:13:06,126.0,True
2020-02-08 15:13:07,126.0,True
2020-02-08 15:13:08,126.0,True
2020-02-08 15:13:09,126.673,True
2020-02-08 15:13:10,126.5005,True
2020-02-08 15:13:11,126.328,True
2020-02-08 15:13:12,126.673,True
2020-02-08 15:13:13,126.328,True
2020-02-08 15:13:14,125.328,True
2020-02-08 15:13:15,126.349,True
2020-02-08 15:13:16,126.328,True
2020-02-08 15:13:17,126.328,True
2020-02-08 15:13:18,126.0,True
2020-02-08 15:13:19,126.673,True
2020-02-08 15:13:20,126.328,True
2020-02-08 15:13:21,126.0,True
2020-02-08 15:13:22,125.328,True
2020-02-08 15:13:23,125.673,True
2020-02-08 15:13:24,126.0,True
2020-02-08 15:13:25,126.673,True
2020-02-08 15:13:26,125.658,True
2020-02-08 15:13:27,126.349,True
2020-02-08 15:13:28,127.0,True
2020-02-08 15:13:29,126.328,True
2020-02-08 15:13:30,126.0,True
2020-02-08 15:13:31,126.0,True
2020-02-08 15:13:32,126.0,True
2020-02-08 15:13:33,126.0,True
2020-02-08 15:13:34,126.0,True
2020-02-08 15:13:35,126.0,True
2020-02-08 15:13:36,126.0,True
2020-02-08 15:13:37,126.673,True
2020-02-08 15:13:38,126.328,True
2020-02-08 15:13:39,126.0,True
2020-02-08 15:13:40,126.0,True
2020-02-08 15:13:41,126.0,True
2020-02-08 15:13:42,126.673,True
2020-02-08 15:13:43,126.328,True
2020-02-08 15:13:44,125.328,True
2020-02-08 15:13:45,125.673,True
2020-02-08 15:13:46,126.0,True
2020-02-08 15:13:47,126.673,True
2020-02-08 15:13:48,126.328,True
2020-02-08 15:13:49,126.673,True
2020-02-08 15:13:50,126.328,True
2020-02-08 15:13:51,125.328,True
2020-02-08 15:13:52,125.673,True
2020-02-08 15:13:53,126.0,True
2020-02-08 15:13:54,126.0,True
2020-02-08 15:13:55,126.0,True
2020-02-08 15:13:56,126.0,True
2020-02-08 15:13:57,126.0,True
2020-02-08 15:13:58,126.0,True
2020-02-08 15:13:59,126.0,True
2020-02-08 15:14:00,126.0,True
2020-02-08 15:14:01,125.328,True
2020-02-08 15:14:02,126.349,True
2020-02-08 15:14:03,127.0,True
2020-02-08 15:14:04,125.658,True
2020-02-08 15:14:05,126.349,True
2020-02-08 15:14:06,126.328,True
2020-02-08 15:14:07,125.328,True
2020-02-08 15:14:08,125.673,True
2020-02-08 15:14:09,126.0,True
2020-02-08 15:14:10,126.0,True
2020-02-08 15:14:11,126.0,True
2020-02-08 15:14:12,126.0,True
2020-02-08 15:14:13,126.673,True
2020-02-08 15:14:14,126.328,True
2020-02-08 15:14:15,125.328,True
2020-02-08 15:14:16,125.673,True
2020-02-08 15:14:17,126.673,True
2020-02-08 15:14:18,126.328,True
2020-02-08 15:14:19,126.0,True
2020-02-08 15:14:20,126.6745,True
2020-02-08 15:14:21,127.349,True
2020-02-08 15:14:22,126.658,True
2020-02-08 15:14:23,126.673,True
2020-02-08 15:14:24,127.0,True
2020-02-08 15:14:25,125.658,True
2020-02-08 15:14:26,127.0,True
2020-02-08 15:14:27,126.328,True
2020-02-08 15:14:28,126.673,True
2020-02-08 15:14:29,127.0,True
2020-02-08 15:14:30,127.0,True
2020-02-08 15:14:31,127.0,True
2020-02-08 15:14:32,127.0,True
2020-02-08 15:14:33,127.0,True
2020-02-08 15:14:34,127.0,True
2020-02-08 15:14:35,126.328,True
2020-02-08 15:14:36,126.0,True
2020-02-08 15:14:37,126.673,True
2020-02-08 15:14:38,126.328,True
2020-02-08 15:14:39,126.0,True
2020-02-08 15:14:40,126.673,True
2020-02-08 15:14:41,126.8365,True
2020-02-08 15:14:42,127.0,True
2020-02-08 15:14:43,127.0,True
2020-02-08 15:14:44,126.328,True
2020-02-08 15:14:45,126.0,True
2020-02-08 15:14:46,126.0,True
2020-02-08 15:14:47,126.673,True
2020-02-08 15:14:48,126.673,True
2020-02-08 15:14:49,126.328,True
2020-02-08 15:14:50,126.673,True
2020-02-08 15:14:51,127.0,True
2020-02-08 15:14:52,126.328,True
2020-02-08 15:14:53,126.0,True
2020-02-08 15:14:54,126.673,True
2020-02-08 15:14:55,126.328,True
2020-02-08 15:14:56,126.0,True
2020-02-08 15:14:57,127.349,True
2020-02-08 15:14:58,126.658,True
2020-02-08 15:14:59,126.0,True
2020-02-08 15:15:00,126.673,True
2020-02-08 15:15:01,127.0,True
2020-02-08 15:15:02,126.328,True
2020-02-08 15:15:03,126.0,True
2020-02-08 15:15:04,126.0,True
2020-02-08 15:15:05,126.0,True
2020-02-08 15:15:06,125.328,True
2020-02-08 15:15:07,125.673,True
2020-02-08 15:15:08,126.0,True
2020-02-08 15:15:09,126.0,True
2020-02-08 15:15:10,126.0,True
2020-02-08 15:15:11,126.673,True
2020-02-08 15:15:12,126.328,True
2020-02-08 15:15:13,126.673,True
2020-02-08 15:15:14,126.328,True
2020-02-08 15:15:15,126.673,True
2020-02-08 15:15:16,126.328,True
2020-02-08 15:15:17,126.673,True
2020-02-08 15:15:18,125.658,True
2020-02-08 15:15:19,126.349,True
2020-02-08 15:15:20,127.0,True
2020-02-08 15:15:21,126.328,True
2020-02-08 15:15:22,126.674,True
2020-02-08 15:15:23,125.658,True
2020-02-08 15:15:24,126.349,True
2020-02-08 15:15:25,126.328,True
2020-02-08 15:15:26,126.674,True
2020-02-08 15:15:27,126.501,True
2020-02-08 15:15:28,126.328,True
2020-02-08 15:15:29,126.0,True
2020-02-08 15:15:30,126.0,True
2020-02-08 15:15:31,126.674,True
2020-02-08 15:15:32,126.328,True
2020-02-08 15:15:33,126.0,True
2020-02-08 15:15:34,126.674,True
2020-02-08 15:15:35,126.328,True
2020-02-08 15:15:36,126.0,True
2020-02-08 15:15:37,126.0,True
2020-02-08 15:15:38,126.674,True
2020-02-08 15:15:39,126.328,True
2020-02-08 15:15:40,126.0,True
2020-02-08 15:15:41,126.674,True
2020-02-08 15:15:42,126.328,True
2020-02-08 15:15:43,126.0,True
2020-02-08 15:15:44,126.674,True
2020-02-08 15:15:45,127.0,True
2020-02-08 15:15:46,126.328,True
2020-02-08 15:15:47,126.674,True
2020-02-08 15:15:48,127.0,True
2020-02-08 15:15:49,126.328,True
2020-02-08 15:15:50,126.164,True
2020-02-08 15:15:51,126.0,True
2020-02-08 15:15:52,126.0,True
2020-02-08 15:15:53,126.0,True
2020-02-08 15:15:54,126.0,True
2020-02-08 15:15:55,126.0,True
2020-02-08 15:15:56,126.674,True
2020-02-08 15:15:57,127.0,True
2020-02-08 15:15:58,125.658,True
2020-02-08 15:15:59,125.674,True
2020-02-08 15:16:00,126.0,True
2020-02-08 15:16:01,126.674,True
2020-02-08 15:16:02,126.328,True
2020-02-08 15:16:03,126.674,True
2020-02-08 15:16:04,127.0,True
2020-02-08 15:16:05,126.328,True
2020-02-08 15:16:06,126.674,True
2020-02-08 15:16:07,125.658,True
2020-02-08 15:16:08,126.349,True
2020-02-08 15:16:09,126.328,True
2020-02-08 15:16:10,126.0,True
2020-02-08 15:16:11,126.0,True
2020-02-08 15:16:12,126.0,True
2020-02-08 15:16:13,126.0,True
2020-02-08 15:16:14,126.674,True
2020-02-08 15:16:15,126.328,True
2020-02-08 15:16:16,126.674,True
2020-02-08 15:16:17,127.0,True
2020-02-08 15:16:18,126.328,True
2020-02-08 15:16:19,126.674,True
2020-02-08 15:16:20,126.328,True
2020-02-08 15:16:21,126.674,True
2020-02-08 15:16:22,127.0,True
2020-02-08 15:16:23,125.658,True
2020-02-08 15:16:24,126.349,True
2020-02-08 15:16:25,126.328,True
2020-02-08 15:16:26,126.0,True
2020-02-08 15:16:27,126.0,True
2020-02-08 15:16:28,126.674,True
2020-02-08 15:16:29,125.658,True
2020-02-08 15:16:30,125.674,True
2020-02-08 15:16:31,126.0,True
2020-02-08 15:16:32,126.0,True
2020-02-08 15:16:33,126.0,True
2020-02-08 15:16:34,126.337,True
2020-02-08 15:16:35,126.674,True
2020-02-08 15:16:36,126.328,True
2020-02-08 15:16:37,125.328,True
2020-02-08 15:16:38,126.349,True
2020-02-08 15:16:39,126.328,True
2020-02-08 15:16:40,126.0,True
2020-02-08 15:16:41,126.674,True
2020-02-08 15:16:42,126.328,True
2020-02-08 15:16:43,126.0,True
2020-02-08 15:16:44,126.0,True
2020-02-08 15:16:45,126.0,True
2020-02-08 15:16:46,126.0,True
2020-02-08 15:16:47,126.674,True
2020-02-08 15:16:48,126.328,True
2020-02-08 15:16:49,126.0,True
2020-02-08 15:16:50,126.0,True
2020-02-08 15:16:51,125.328,True
2020-02-08 15:16:52,126.349,True
2020-02-08 15:16:53,127.0,True
2020-02-08 15:16:54,126.328,True
2020-02-08 15:16:55,126.0,True
2020-02-08 15:16:56,126.337,True
2020-02-08 15:16:57,126.674,True
2020-02-08 15:16:58,127.0,True
2020-02-08 15:16:59,126.328,True
2020-02-08 15:17:00,126.0,True
2020-02-08 15:17:01,126.0,True
2020-02-08 15:17:02,126.328,True
2020-02-08 15:17:03,126.0,True
2020-02-08 15:17:04,126.0,True
2020-02-08 15:17:05,126.0,True
2020-02-08 15:17:06,126.674,True
2020-02-08 15:17:07,127.0,True
2020-02-08 15:17:08,126.328,True
2020-02-08 15:17:09,126.0,True
2020-02-08 15:17:10,125.328,True
2020-02-08 15:17:11,125.674,True
2020-02-08 15:17:12,126.674,True
2020-02-08 15:17:13,125.658,True
2020-02-08 15:17:14,126.349,True
2020-02-08 15:17:15,126.328,True
2020-02-08 15:17:16,126.0,True
2020-02-08 15:17:17,126.0,True
2020-02-08 15:17:18,126.0,True
2020-02-08 15:17:19,125.328,True
2020-02-08 15:17:20,125.501,True
2020-02-08 15:17:21,125.674,True
2020-02-08 15:17:22,126.0,True
2020-02-08 15:17:23,126.0,True
2020-02-08 15:17:24,126.0,True
2020-02-08 15:17:25,126.0,True
2020-02-08 15:17:26,126.0,True
2020-02-08 15:17:27,126.674,True
2020-02-08 15:17:28,126.328,True
2020-02-08 15:17:29,126.0,True
2020-02-08 15:17:30,126.674,True
2020-02-08 15:17:31,127.0,True
2020-02-08 15:17:32,126.328,True
2020-02-08 15:17:33,126.0,True
2020-02-08 15:17:34,125.328,True
2020-02-08 15:17:35,125.674,True
2020-02-08 15:17:36,126.674,True
2020-02-08 15:17:37,126.328,True
2020-02-08 15:17:38,125.328,True
2020-02-08 15:17:39,126.349,True
2020-02-08 15:17:40,127.0,True
2020-02-08 15:17:41,126.664,True
2020-02-08 15:17:42,126.328,True
2020-02-08 15:17:43,125.328,True
2020-02-08 15:17:44,125.674,True
2020-02-08 15:17:45,126.674,True
2020-02-08 15:17:46,126.328,True
2020-02-08 15:17:47,126.674,True
2020-02-08 15:17:48,126.349,True
2020-02-08 15:17:49,126.328,True
2020-02-08 15:17:50,126.0,True
2020-02-08 15:17:51,126.0,True
2020-02-08 15:17:52,126.0,True
2020-02-08 15:17:53,125.328,True
2020-02-08 15:17:54,126.349,True
2020-02-08 15:17:55,125.658,True
2020-02-08 15:17:56,126.349,True
2020-02-08 15:17:57,125.658,True
2020-02-08 15:17:58,125.674,True
2020-02-08 15:17:59,126.674,True
2020-02-08 15:18:00,126.328,True
2020-02-08 15:18:01,126.0,True
2020-02-08 15:18:02,126.0,True
2020-02-08 15:18:03,126.0,True
2020-02-08 15:18:04,126.0,True
2020-02-08 15:18:05,125.328,True
2020-02-08 15:18:06,127.026,True
2020-02-08 15:18:07,125.989,True
2020-02-08 15:18:08,125.0,True
2020-02-08 15:18:09,125.674,True
2020-02-08 15:18:10,125.0,True
2020-02-08 15:18:11,125.674,True
2020-02-08 15:18:12,125.328,True
2020-02-08 15:18:13,125.0,True
2020-02-08 15:18:14,126.35,True
2020-02-08 15:18:15,126.328,True
2020-02-08 15:18:16,125.328,True
2020-02-08 15:18:17,125.0,True
2020-02-08 15:18:18,126.35,True
2020-02-08 15:18:19,125.657,True
2020-02-08 15:18:20,125.674,True
2020-02-08 15:18:21,126.674,True
2020-02-08 15:18:22,125.657,True
2020-02-08 15:18:23,125.66550000000001,True
2020-02-08 15:18:24,125.674,True
2020-02-08 15:18:25,126.0,True
2020-02-08 15:18:26,126.674,True
2020-02-08 15:18:27,127.0,True
2020-02-08 15:18:28,126.328,True
2020-02-08 15:18:29,126.0,True
2020-02-08 15:18:30,126.0,True
2020-02-08 15:18:31,125.328,True
2020-02-08 15:18:32,125.674,True
2020-02-08 15:18:33,126.674,True
2020-02-08 15:18:34,126.328,True
2020-02-08 15:18:35,126.0,True
2020-02-08 15:18:36,126.0,True
2020-02-08 15:18:37,127.35,True
2020-02-08 15:18:38,126.657,True
2020-02-08 15:18:39,126.0,True
2020-02-08 15:18:40,126.674,True
2020-02-08 15:18:41,126.328,True
2020-02-08 15:18:42,127.35,True
2020-02-08 15:18:43,126.657,True
2020-02-08 15:18:44,125.328,True
2020-02-08 15:18:45,126.35,True
2020-02-08 15:18:46,126.339,True
2020-02-08 15:18:47,126.328,True
2020-02-08 15:18:48,126.674,True
2020-02-08 15:18:49,127.674,True
2020-02-08 15:18:50,126.657,True
2020-02-08 15:18:51,126.674,True
2020-02-08 15:18:52,127.0,True
2020-02-08 15:18:53,127.0,True
2020-02-08 15:18:54,127.674,True
2020-02-08 15:18:55,128.0,True
2020-02-08 15:18:56,127.328,True
2020-02-08 15:18:57,127.0,True
2020-02-08 15:18:58,127.0,True
2020-02-08 15:18:59,126.328,True
2020-02-08 15:19:00,127.35,True
2020-02-08 15:19:01,127.328,True
2020-02-08 15:19:02,127.0,True
2020-02-08 15:19:03,126.328,True
2020-02-08 15:19:04,126.674,True
2020-02-08 15:19:05,126.328,True
2020-02-08 15:19:06,126.674,True
2020-02-08 15:19:07,126.328,True
2020-02-08 15:19:08,126.0,True
2020-02-08 15:19:09,126.337,True
2020-02-08 15:19:10,126.674,True
2020-02-08 15:19:11,126.328,True
2020-02-08 15:19:12,126.674,True
2020-02-08 15:19:13,127.674,True
2020-02-08 15:19:14,127.328,True
2020-02-08 15:19:15,126.674,True
2020-02-08 15:19:16,127.0,True
2020-02-08 15:19:17,127.0,True
2020-02-08 15:19:18,126.328,True
2020-02-08 15:19:19,126.674,True
2020-02-08 15:19:20,127.0,True
2020-02-08 15:19:21,127.0,True
2020-02-08 15:19:22,127.0,True
2020-02-08 15:19:23,127.674,True
2020-02-08 15:19:24,128.0,True
2020-02-08 15:19:25,126.657,True
2020-02-08 15:19:26,126.674,True
2020-02-08 15:19:27,127.0,True
2020-02-08 15:19:28,127.0,True
2020-02-08 15:19:29,127.0,True
2020-02-08 15:19:30,127.0,True
2020-02-08 15:19:31,127.0,True
2020-02-08 15:19:32,127.674,True
2020-02-08 15:19:33,127.328,True
2020-02-08 15:19:34,127.0,True
2020-02-08 15:19:35,127.0,True
2020-02-08 15:19:36,127.674,True
2020-02-08 15:19:37,127.674,True
2020-02-08 15:19:38,128.0,True
2020-02-08 15:19:39,127.328,True
2020-02-08 15:19:40,127.0,True
2020-02-08 15:19:41,127.0,True
2020-02-08 15:19:42,126.328,True
2020-02-08 15:19:43,126.674,True
2020-02-08 15:19:44,127.0,True
2020-02-08 15:19:45,127.0,True
2020-02-08 15:19:46,127.0,True
2020-02-08 15:19:47,127.0,True
2020-02-08 15:19:48,127.0,True
2020-02-08 15:19:49,127.0,True
2020-02-08 15:19:50,127.0,True
2020-02-08 15:19:51,126.328,True
2020-02-08 15:19:52,126.674,True
2020-02-08 15:19:53,127.674,True
2020-02-08 15:19:54,126.657,True
2020-02-08 15:19:55,126.66550000000001,True
2020-02-08 15:19:56,126.674,True
2020-02-08 15:19:57,126.328,True
2020-02-08 15:19:58,127.35,True
2020-02-08 15:19:59,126.657,True
2020-02-08 15:20:00,126.674,True
2020-02-08 15:20:01,127.0,True
2020-02-08 15:20:02,127.0,True
2020-02-08 15:20:03,127.674,True
2020-02-08 15:20:04,127.328,True
2020-02-08 15:20:05,127.674,True
2020-02-08 15:20:06,127.328,True
2020-02-08 15:20:07,126.328,True
2020-02-08 15:20:08,126.674,True
2020-02-08 15:20:09,127.0,True
2020-02-08 15:20:10,127.0,True
2020-02-08 15:20:11,127.0,True
2020-02-08 15:20:12,127.0,True
2020-02-08 15:20:13,127.0,True
2020-02-08 15:20:14,127.0,True
2020-02-08 15:20:15,127.0,True
2020-02-08 15:20:16,127.0,True
2020-02-08 15:20:17,127.0,True
2020-02-08 15:20:18,126.664,True
2020-02-08 15:20:19,126.328,True
2020-02-08 15:20:20,126.674,True
2020-02-08 15:20:21,126.328,True
2020-02-08 15:20:22,126.674,True
2020-02-08 15:20:23,127.0,True
2020-02-08 15:20:24,127.0,True
2020-02-08 15:20:25,126.328,True
2020-02-08 15:20:26,127.35,True
2020-02-08 15:20:27,126.657,True
2020-02-08 15:20:28,126.674,True
2020-02-08 15:20:29,127.0,True
2020-02-08 15:20:30,126.328,True
2020-02-08 15:20:31,126.674,True
2020-02-08 15:20:32,127.0,True
2020-02-08 15:20:33,127.0,True
2020-02-08 15:20:34,127.0,True
2020-02-08 15:20:35,127.0,True
2020-02-08 15:20:36,127.0,True
2020-02-08 15:20:37,126.328,True
2020-02-08 15:20:38,126.674,True
2020-02-08 15:20:39,126.328,True
2020-02-08 15:20:40,126.674,True
2020-02-08 15:20:41,126.837,True
2020-02-08 15:20:42,127.0,True
2020-02-08 15:20:43,127.0,True
2020-02-08 15:20:44,126.328,True
2020-02-08 15:20:45,127.35,True
2020-02-08 15:20:46,127.328,True
2020-02-08 15:20:47,127.0,True
2020-02-08 15:20:48,127.0,True
2020-02-08 15:20:49,127.0,True
2020-02-08 15:20:50,126.328,True
2020-02-08 15:20:51,127.35,True
2020-02-08 15:20:52,126.657,True
2020-02-08 15:20:53,126.674,True
2020-02-08 15:20:54,127.0,True
2020-02-08 15:20:55,126.328,True
2020-02-08 15:20:56,126.0,True
2020-02-08 15:20:57,126.0,True
2020-02-08 15:20:58,126.674,True
2020-02-08 15:20:59,126.328,True
2020-02-08 15:21:00,125.328,True
2020-02-08 15:21:01,125.674,True
2020-02-08 15:21:02,125.328,True
2020-02-08 15:21:03,125.674,True
2020-02-08 15:21:04,126.674,True
2020-02-08 15:21:05,126.501,True
2020-02-08 15:21:06,126.328,True
2020-02-08 15:21:07,126.0,True
2020-02-08 15:21:08,126.0,True
2020-02-08 15:21:09,126.0,True
2020-02-08 15:21:10,126.674,True
2020-02-08 15:21:11,126.328,True
2020-02-08 15:21:12,127.328,True
2020-02-08 15:21:13,127.0,True
2020-02-08 15:21:14,127.0,True
2020-02-08 15:21:15,126.328,True
2020-02-08 15:21:16,126.0,True
2020-02-08 15:21:17,126.674,True
2020-02-08 15:21:18,127.0,True
2020-02-08 15:21:19,126.328,True
2020-02-08 15:21:20,127.35,True
2020-02-08 15:21:21,126.657,True
2020-02-08 15:21:22,126.674,True
2020-02-08 15:21:23,127.0,True
2020-02-08 15:21:24,127.0,True
2020-02-08 15:21:25,127.0,True
2020-02-08 15:21:26,127.0,True
2020-02-08 15:21:27,127.0,True
2020-02-08 15:21:28,127.0,True
2020-02-08 15:21:29,127.0,True
2020-02-08 15:21:30,126.328,True
2020-02-08 15:21:31,126.674,True
2020-02-08 15:21:32,127.0,True
2020-02-08 15:21:33,127.674,True
2020-02-08 15:21:34,127.674,True
2020-02-08 15:21:35,128.0,True
2020-02-08 15:21:36,126.657,True
2020-02-08 15:21:37,126.0,True
2020-02-08 15:21:38,128.028,True
2020-02-08 15:21:39,127.657,True
2020-02-08 15:21:40,127.0,True
2020-02-08 15:21:41,127.674,True
2020-02-08 15:21:42,127.328,True
2020-02-08 15:21:43,127.0,True
2020-02-08 15:21:44,127.0,True
2020-02-08 15:21:45,127.0,True
2020-02-08 15:21:46,126.328,True
2020-02-08 15:21:47,126.674,True
2020-02-08 15:21:48,127.674,True
2020-02-08 15:21:49,126.657,True
2020-02-08 15:21:50,126.66550000000001,True
2020-02-08 15:21:51,126.674,True
2020-02-08 15:21:52,127.0,True
2020-02-08 15:21:53,127.0,True
2020-02-08 15:21:54,127.0,True
2020-02-08 15:21:55,127.0,True
2020-02-08 15:21:56,127.0,True
2020-02-08 15:21:57,127.0,True
2020-02-08 15:21:58,127.0,True
2020-02-08 15:21:59,127.0,True
2020-02-08 15:22:00,126.328,True
2020-02-08 15:22:01,127.35,True
2020-02-08 15:22:02,127.328,True
2020-02-08 15:22:03,127.0,True
2020-02-08 15:22:04,126.328,True
2020-02-08 15:22:05,127.35,True
2020-02-08 15:22:06,127.328,True
2020-02-08 15:22:07,127.0,True
2020-02-08 15:22:08,127.0,True
2020-02-08 15:22:09,127.0,True
2020-02-08 15:22:10,127.0,True
2020-02-08 15:22:11,127.0,True
2020-02-08 15:22:12,126.328,True
2020-02-08 15:22:13,127.35,True
2020-02-08 15:22:14,128.0,True
2020-02-08 15:22:15,127.664,True
2020-02-08 15:22:16,127.328,True
2020-02-08 15:22:17,127.0,True
2020-02-08 15:22:18,127.0,True
2020-02-08 15:22:19,127.0,True
2020-02-08 15:22:20,127.0,True
2020-02-08 15:22:21,127.0,True
2020-02-08 15:22:22,126.328,True
2020-02-08 15:22:23,127.35,True
2020-02-08 15:22:24,127.328,True
2020-02-08 15:22:25,127.0,True
2020-02-08 15:22:26,127.674,True
2020-02-08 15:22:27,128.0,True
2020-02-08 15:22:28,127.328,True
2020-02-08 15:22:29,127.0,True
2020-02-08 15:22:30,127.674,True
2020-02-08 15:22:31,127.328,True
2020-02-08 15:22:32,127.0,True
2020-02-08 15:22:33,127.0,True
2020-02-08 15:22:34,127.674,True
2020-02-08 15:22:35,127.328,True
2020-02-08 15:22:36,127.0,True
2020-02-08 15:22:37,127.674,True
2020-02-08 15:22:38,127.328,True
2020-02-08 15:22:39,127.164,True
2020-02-08 15:22:40,127.0,True
2020-02-08 15:22:41,127.0,True
2020-02-08 15:22:42,127.0,True
2020-02-08 15:22:43,127.0,True
2020-02-08 15:22:44,127.0,True
2020-02-08 15:22:45,126.674,True
2020-02-08 15:22:46,127.0,True
2020-02-08 15:22:47,126.328,True
2020-02-08 15:22:48,126.674,True
2020-02-08 15:22:49,127.0,True
2020-02-08 15:22:50,127.0,True
2020-02-08 15:22:51,127.0,True
2020-02-08 15:22:52,127.674,True
2020-02-08 15:22:53,127.328,True
2020-02-08 15:22:54,127.0,True
2020-02-08 15:22:55,126.328,True
2020-02-08 15:22:56,126.674,True
2020-02-08 15:22:57,127.674,True
2020-02-08 15:22:58,128.0,True
2020-02-08 15:22:59,127.328,True
2020-02-08 15:23:00,127.0,True
2020-02-08 15:23:01,127.0,True
2020-02-08 15:23:02,127.0,True
2020-02-08 15:23:03,127.0,True
2020-02-08 15:23:04,127.674,True
2020-02-08 15:23:05,127.328,True
2020-02-08 15:23:06,127.674,True
2020-02-08 15:23:07,127.328,True
2020-02-08 15:23:08,127.0,True
2020-02-08 15:23:09,127.0,True
2020-02-08 15:23:10,127.0,True
2020-02-08 15:23:11,127.0,True
2020-02-08 15:23:12,127.0,True
2020-02-08 15:23:13,127.0,True
2020-02-08 15:23:14,127.0,True
2020-02-08 15:23:15,127.0,True
2020-02-08 15:23:16,127.0,True
2020-02-08 15:23:17,127.0,True
2020-02-08 15:23:18,127.674,True
2020-02-08 15:23:19,127.328,True
2020-02-08 15:23:20,127.674,True
2020-02-08 15:23:21,126.657,True
2020-02-08 15:23:22,126.674,True
2020-02-08 15:23:23,126.837,True
2020-02-08 15:23:24,127.0,True
2020-02-08 15:23:25,127.0,True
2020-02-08 15:23:26,127.0,True
2020-02-08 15:23:27,127.674,True
2020-02-08 15:23:28,128.0,True
2020-02-08 15:23:29,127.328,True
2020-02-08 15:23:30,127.35,True
2020-02-08 15:23:31,127.328,True
2020-02-08 15:23:32,127.0,True
2020-02-08 15:23:33,127.674,True
2020-02-08 15:23:34,127.328,True
2020-02-08 15:23:35,127.0,True
2020-02-08 15:23:36,127.0,True
2020-02-08 15:23:37,127.674,True
2020-02-08 15:23:38,127.328,True
2020-02-08 15:23:39,127.0,True
2020-02-08 15:23:40,127.0,True
2020-02-08 15:23:41,127.0,True
2020-02-08 15:23:42,127.0,True
2020-02-08 15:23:43,127.0,True
2020-02-08 15:23:44,127.0,True
2020-02-08 15:23:45,126.328,True
2020-02-08 15:23:46,126.674,True
2020-02-08 15:23:47,127.0,True
2020-02-08 15:23:48,127.328,True
2020-02-08 15:23:49,127.0,True
2020-02-08 15:23:50,127.0,True
2020-02-08 15:23:51,127.674,True
2020-02-08 15:23:52,126.657,True
2020-02-08 15:23:53,127.35,True
2020-02-08 15:23:54,127.328,True
2020-02-08 15:23:55,127.0,True
2020-02-08 15:23:56,127.0,True
2020-02-08 15:23:57,127.674,True
2020-02-08 15:23:58,127.328,True
2020-02-08 15:23:59,127.0,True
2020-02-08 15:24:00,127.674,True
2020-02-08 15:24:01,126.656,True
2020-02-08 15:24:02,126.674,True
2020-02-08 15:24:03,127.0,True
2020-02-08 15:24:04,126.6635,True
2020-02-08 15:24:05,126.327,True
2020-02-08 15:24:06,126.674,True
2020-02-08 15:24:07,127.0,True
2020-02-08 15:24:08,127.0,True
2020-02-08 15:24:09,127.0,True
2020-02-08 15:24:10,127.0,True
2020-02-08 15:24:11,128.0,True
2020-02-08 15:24:12,127.327,True
2020-02-08 15:24:13,127.0,True
2020-02-08 15:24:14,127.0,True
2020-02-08 15:24:15,127.674,True
2020-02-08 15:24:16,128.0,True
2020-02-08 15:24:17,128.0,True
2020-02-08 15:24:18,127.327,True
2020-02-08 15:24:19,127.0,True
2020-02-08 15:24:20,127.0,True
2020-02-08 15:24:21,128.351,True
2020-02-08 15:24:22,127.656,True
2020-02-08 15:24:23,127.674,True
2020-02-08 15:24:24,126.656,True
2020-02-08 15:24:25,127.351,True
2020-02-08 15:24:26,127.327,True
2020-02-08 15:24:27,127.1635,True
2020-02-08 15:24:28,127.0,True
2020-02-08 15:24:29,127.0,True
2020-02-08 15:24:30,126.327,True
2020-02-08 15:24:31,126.674,True
2020-02-08 15:24:32,127.0,True
2020-02-08 15:24:33,127.0,True
2020-02-08 15:24:34,127.674,True
2020-02-08 15:24:35,127.0,True
2020-02-08 15:24:36,127.674,True
2020-02-08 15:24:37,128.0,True
2020-02-08 15:24:38,128.0,True
2020-02-08 15:24:39,126.656,True
2020-02-08 15:24:40,127.351,True
2020-02-08 15:24:41,127.327,True
2020-02-08 15:24:42,127.674,True
2020-02-08 15:24:43,127.327,True
2020-02-08 15:24:44,127.0,True
2020-02-08 15:24:45,127.0,True
2020-02-08 15:24:46,127.674,True
2020-02-08 15:24:47,127.327,True
2020-02-08 15:24:48,127.0,True
2020-02-08 15:24:49,127.0,True
2020-02-08 15:24:50,127.674,True
2020-02-08 15:24:51,127.5005,True
2020-02-08 15:24:52,127.327,True
2020-02-08 15:24:53,127.674,True
2020-02-08 15:24:54,127.327,True
2020-02-08 15:24:55,127.0,True
2020-02-08 15:24:56,127.0,True
2020-02-08 15:24:57,127.674,True
2020-02-08 15:24:58,127.327,True
2020-02-08 15:24:59,127.0,True
2020-02-08 15:25:00,127.0,True
2020-02-08 15:25:01,126.327,True
2020-02-08 15:25:02,127.351,True
2020-02-08 15:25:03,126.656,True
2020-02-08 15:25:04,126.674,True
2020-02-08 15:25:05,127.0,True
2020-02-08 15:25:06,127.0,True
2020-02-08 15:25:07,127.674,True
2020-02-08 15:25:08,127.327,True
2020-02-08 15:25:09,127.0,True
2020-02-08 15:25:10,127.0,True
2020-02-08 15:25:11,127.674,True
2020-02-08 15:25:12,127.327,True
2020-02-08 15:25:13,127.5005,True
2020-02-08 15:25:14,127.674,True
2020-02-08 15:25:15,127.327,True
2020-02-08 15:25:16,127.0,True
2020-02-08 15:25:17,127.0,True
2020-02-08 15:25:18,127.0,True
2020-02-08 15:25:19,126.327,True
2020-02-08 15:25:20,127.674,True
2020-02-08 15:25:21,126.656,True
2020-02-08 15:25:22,127.351,True
2020-02-08 15:25:23,127.327,True
2020-02-08 15:25:24,127.674,True
2020-02-08 15:25:25,128.0,True
2020-02-08 15:25:26,127.327,True
2020-02-08 15:25:27,127.674,True
2020-02-08 15:25:28,127.327,True
2020-02-08 15:25:29,126.327,True
2020-02-08 15:25:30,127.351,True
2020-02-08 15:25:31,127.327,True
2020-02-08 15:25:32,127.674,True
2020-02-08 15:25:33,126.656,True
2020-02-08 15:25:34,127.351,True
2020-02-08 15:25:35,127.327,True
2020-02-08 15:25:36,127.1635,True
2020-02-08 15:25:37,127.0,True
2020-02-08 15:25:38,127.0,True
2020-02-08 15:25:39,127.0,True
2020-02-08 15:25:40,127.0,True
2020-02-08 15:25:41,127.0,True
2020-02-08 15:25:42,127.656,True
2020-02-08 15:25:43,127.0,True
2020-02-08 15:25:44,127.0,True
2020-02-08 15:25:45,127.674,True
2020-02-08 15:25:46,127.327,True
2020-02-08 15:25:47,127.674,True
2020-02-08 15:25:48,127.327,True
2020-02-08 15:25:49,127.0,True
2020-02-08 15:25:50,127.0,True
2020-02-08 15:25:51,127.674,True
2020-02-08 15:25:52,127.327,True
2020-02-08 15:25:53,127.0,True
2020-02-08 15:25:54,127.674,True
2020-02-08 15:25:55,126.656,True
2020-02-08 15:25:56,127.351,True
2020-02-08 15:25:57,127.339,True
2020-02-08 15:25:58,127.327,True
2020-02-08 15:25:59,127.674,True
2020-02-08 15:26:00,127.327,True
2020-02-08 15:26:01,127.0,True
2020-02-08 15:26:02,127.0,True
2020-02-08 15:26:03,126.327,True
2020-02-08 15:26:04,126.656,True
2020-02-08 15:26:05,126.674,True
2020-02-08 15:26:06,127.0,True
2020-02-08 15:26:07,127.0,True
2020-02-08 15:26:08,127.0,True
2020-02-08 15:26:09,127.674,True
2020-02-08 15:26:10,127.327,True
2020-02-08 15:26:11,127.674,True
2020-02-08 15:26:12,128.0,True
2020-02-08 15:26:13,127.327,True
2020-02-08 15:26:14,127.0,True
2020-02-08 15:26:15,126.327,True
2020-02-08 15:26:16,126.674,True
2020-02-08 15:26:17,127.0,True
2020-02-08 15:26:18,126.327,True
2020-02-08 15:26:19,126.674,True
2020-02-08 15:26:20,127.0,True
2020-02-08 15:26:21,127.0,True
2020-02-08 15:26:22,127.0,True
2020-02-08 15:26:23,127.0,True
2020-02-08 15:26:24,126.327,True
2020-02-08 15:26:25,126.0,True
2020-02-08 15:26:26,126.0,True
2020-02-08 15:26:27,126.674,True
2020-02-08 15:26:28,127.0,True
2020-02-08 15:26:29,127.0,True
2020-02-08 15:26:30,127.0,True
2020-02-08 15:26:31,127.0,True
2020-02-08 15:26:32,126.327,True
2020-02-08 15:26:33,128.028,True
2020-02-08 15:26:34,127.656,True
2020-02-08 15:26:35,127.0,True
2020-02-08 15:26:36,126.327,True
2020-02-08 15:26:37,127.351,True
2020-02-08 15:26:38,127.327,True
2020-02-08 15:26:39,126.327,True
2020-02-08 15:26:40,126.674,True
2020-02-08 15:26:41,127.0,True
2020-02-08 15:26:42,127.0,True
2020-02-08 15:26:43,127.0,True
2020-02-08 15:26:44,127.0,True
2020-02-08 15:26:45,127.0,True
2020-02-08 15:26:46,127.0,True
2020-02-08 15:26:47,126.327,True
2020-02-08 15:26:48,127.351,True
2020-02-08 15:26:49,126.656,True
2020-02-08 15:26:50,126.674,True
2020-02-08 15:26:51,126.656,True
2020-02-08 15:26:52,127.351,True
2020-02-08 15:26:53,127.327,True
2020-02-08 15:26:54,126.327,True
2020-02-08 15:26:55,126.675,True
2020-02-08 15:26:56,126.327,True
2020-02-08 15:26:57,126.675,True
2020-02-08 15:26:58,127.675,True
2020-02-08 15:26:59,127.327,True
2020-02-08 15:27:00,127.0,True
2020-02-08 15:27:01,127.0,True
2020-02-08 15:27:02,127.675,True
2020-02-08 15:27:03,127.327,True
2020-02-08 15:27:04,128.351,True
2020-02-08 15:27:05,126.986,True
2020-02-08 15:27:06,127.351,True
2020-02-08 15:27:07,127.339,True
2020-02-08 15:27:08,127.327,True
2020-02-08 15:27:09,127.0,True
2020-02-08 15:27:10,127.0,True
2020-02-08 15:27:11,127.0,True
2020-02-08 15:27:12,127.0,True
2020-02-08 15:27:13,127.0,True
2020-02-08 15:27:14,127.0,True
2020-02-08 15:27:15,127.675,True
2020-02-08 15:27:16,126.656,True
2020-02-08 15:27:17,126.675,True
2020-02-08 15:27:18,127.675,True
2020-02-08 15:27:19,127.327,True
2020-02-08 15:27:20,126.327,True
2020-02-08 15:27:21,126.675,True
2020-02-08 15:27:22,127.675,True
2020-02-08 15:27:23,127.327,True
2020-02-08 15:27:24,127.0,True
2020-02-08 15:27:25,126.327,True
2020-02-08 15:27:26,126.675,True
2020-02-08 15:27:27,127.675,False
2020-02-08 15:27:28,127.327,False
2020-02-08 15:27:29,127.0,False
2020-02-08 15:27:30,127.0,False
2020-02-08 15:27:31,127.0,False
2020-02-08 15:27:32,127.0,False
2020-02-08 15:27:33,127.0,False
2020-02-08 15:27:34,127.0,False
2020-02-08 15:27:35,127.0,False
2020-02-08 15:27:36,128.029,False
2020-02-08 15:27:37,128.327,False
2020-02-08 15:27:38,126.656,False
2020-02-08 15:27:39,127.351,False
2020-02-08 15:27:40,127.327,False
2020-02-08 15:27:41,127.0,False
2020-02-08 15:27:42,126.327,False
2020-02-08 15:27:43,126.675,False
2020-02-08 15:27:44,127.0,False
2020-02-08 15:27:45,127.0,False
2020-02-08 15:27:46,127.675,False
2020-02-08 15:27:47,127.327,False
2020-02-08 15:27:48,127.0,False
2020-02-08 15:27:49,127.675,False
2020-02-08 15:27:50,127.327,False
2020-02-08 15:27:51,127.1635,False
2020-02-08 15:27:52,127.0,False
2020-02-08 15:27:53,126.327,False
2020-02-08 15:27:54,126.675,False
2020-02-08 15:27:55,127.675,False
2020-02-08 15:27:56,127.327,False
2020-02-08 15:27:57,127.0,False
2020-02-08 15:27:58,127.0,False
2020-02-08 15:27:59,127.0,False
2020-02-08 15:28:00,127.0,False
2020-02-08 15:28:01,127.0,False
2020-02-08 15:28:02,127.675,False
2020-02-08 15:28:03,126.656,False
2020-02-08 15:28:04,127.351,False
2020-02-08 15:28:05,126.656,False
2020-02-08 15:28:06,126.0,False
2020-02-08 15:28:07,126.675,False
2020-02-08 15:28:08,125.656,False
2020-02-08 15:28:09,125.0,False
2020-02-08 15:28:10,125.0,False
2020-02-08 15:28:11,125.0,False
2020-02-08 15:28:12,125.0,False
2020-02-08 15:28:13,125.0,False
2020-02-08 15:28:14,125.675,False
2020-02-08 15:28:15,125.8375,False
2020-02-08 15:28:16,126.0,False
2020-02-08 15:28:17,126.675,False
2020-02-08 15:28:18,126.327,False
2020-02-08 15:28:19,126.0,False
2020-02-08 15:28:20,124.656,False
2020-02-08 15:28:21,125.0,False
2020-02-08 15:28:22,125.0,False
2020-02-08 15:28:23,125.0,False
2020-02-08 15:28:24,125.0,False
2020-02-08 15:28:25,125.0,False
2020-02-08 15:28:26,125.0,False
