timestamp,mt_012,trainval
2014-01-13 13:15:00,65.3609912,True
2014-01-13 13:20:00,65.38611617,True
2014-01-13 13:25:00,64.08654685,True
2014-01-13 13:30:00,64.20724591,True
2014-01-13 13:35:00,64.29474901,True
2014-01-13 13:40:00,65.39571981,True
2014-01-13 13:45:00,64.68689268,True
2014-01-13 13:50:00,63.66325922,True
2014-01-13 13:55:00,64.40677583,True
2014-01-13 14:00:00,64.46178832,True
2014-01-13 14:05:00,64.38639449,True
2014-01-13 14:10:00,63.4938718,True
2014-01-13 14:15:00,64.06214671,True
2014-01-13 14:20:00,64.75561327,True
2014-01-13 14:25:00,65.09440382,True
2014-01-13 14:30:00,63.54102977,True
2014-01-13 14:35:00,63.9894804,True
2014-01-13 14:40:00,63.59568957,True
2014-01-13 14:45:00,64.66158722,True
2014-01-13 14:50:00,64.07489176,True
2014-01-13 14:55:00,64.23319655,True
2014-01-13 15:00:00,66.34994201,True
2014-01-13 15:05:00,66.77684262,True
2014-01-13 15:10:00,66.22161007,True
2014-01-13 15:15:00,69.05746904,True
2014-01-13 15:20:00,67.84907784,True
2014-01-13 15:25:00,70.43554877,True
2014-01-13 15:30:00,70.31035259,True
2014-01-13 15:35:00,70.37899564,True
2014-01-13 15:40:00,70.52169722,True
2014-01-13 15:45:00,72.00026603,True
2014-01-13 15:50:00,72.87492522,True
2014-01-13 15:55:00,71.62046798,True
2014-01-13 16:00:00,72.17940809999997,True
2014-01-13 16:05:00,74.12768773,True
2014-01-13 16:10:00,73.88992040000002,True
2014-01-13 16:15:00,74.91054201,True
2014-01-13 16:20:00,73.69871561,True
2014-01-13 16:25:00,73.00036993,True
2014-01-13 16:30:00,73.13221874,True
2014-01-13 16:35:00,73.08535285,True
2014-01-13 16:40:00,71.78291524,True
2014-01-13 16:45:00,71.92892267,True
2014-01-13 16:50:00,72.06973393,True
2014-01-13 16:55:00,70.68306372,True
2014-01-13 17:00:00,71.33971382,True
2014-01-13 17:05:00,70.59472640000001,True
2014-01-13 17:10:00,70.56934962,True
2014-01-13 17:15:00,70.87523296,True
2014-01-13 17:20:00,70.94144988,True
2014-01-13 17:25:00,70.08073003,True
2014-01-13 17:30:00,69.77431846,True
2014-01-13 17:35:00,69.37951418,True
2014-01-13 17:40:00,69.15245631,True
2014-01-13 17:45:00,68.68573013,True
2014-01-13 17:50:00,68.38393598,True
2014-01-13 17:55:00,67.48371675,True
2014-01-13 18:00:00,66.7953177,True
2014-01-13 18:05:00,67.26074697,True
2014-01-13 18:10:00,67.37685903,True
2014-01-13 18:15:00,67.18833690000001,True
2014-01-13 18:20:00,66.92615055,True
2014-01-13 18:25:00,65.87015952,True
2014-01-13 18:30:00,65.93994838,True
2014-01-13 18:35:00,66.75919073,True
2014-01-13 18:40:00,65.1815213,True
2014-01-13 18:45:00,65.30754236,True
2014-01-13 18:50:00,64.97799787,True
2014-01-13 18:55:00,65.65923749,True
2014-01-13 19:00:00,64.41788616,True
2014-01-13 19:05:00,64.64844603,True
2014-01-13 19:10:00,63.44601056,True
2014-01-13 19:15:00,63.49904305,True
2014-01-13 19:20:00,63.13483438,True
2014-01-13 19:25:00,62.43381708,True
2014-01-13 19:30:00,63.06992427,True
2014-01-13 19:35:00,63.64970631,True
2014-01-13 19:40:00,61.04041691,True
2014-01-13 19:45:00,60.82395579,True
2014-01-13 19:50:00,62.07181212,True
2014-01-13 19:55:00,60.8073309,True
2014-01-13 20:00:00,61.96491425,True
2014-01-13 20:05:00,60.14783736,True
2014-01-13 20:10:00,61.01216949999999,True
2014-01-13 20:15:00,60.14169561,True
2014-01-13 20:20:00,60.40370533,True
2014-01-13 20:25:00,60.11510869,True
2014-01-13 20:30:00,59.26487556,True
2014-01-13 20:35:00,59.42804546,True
2014-01-13 20:40:00,61.6108692,True
2014-01-13 20:45:00,60.94256521,True
2014-01-13 20:50:00,62.63720253,True
2014-01-13 20:55:00,60.81125971,True
2014-01-13 21:00:00,61.39523263,True
2014-01-13 21:05:00,61.6263093,True
2014-01-13 21:10:00,63.57203666,True
2014-01-13 21:15:00,66.59543434,True
2014-01-13 21:20:00,68.42178675,True
2014-01-13 21:25:00,70.84512938,True
2014-01-13 21:30:00,74.22009435,True
2014-01-13 21:35:00,76.17230295,True
2014-01-13 21:40:00,79.2515267,True
2014-01-13 21:45:00,79.50268416,True
2014-01-13 21:50:00,79.85101944,True
2014-01-13 21:55:00,80.82268236,True
2014-01-13 22:00:00,79.82844942,True
2014-01-13 22:05:00,80.95739529,True
2014-01-13 22:10:00,80.38885867,True
2014-01-13 22:15:00,82.81018142,True
2014-01-13 22:20:00,82.22750453,True
2014-01-13 22:25:00,83.49284484,True
2014-01-13 22:30:00,83.30383775,True
2014-01-13 22:35:00,82.41813816,True
2014-01-13 22:40:00,82.83558266,True
2014-01-13 22:45:00,84.10923356,True
2014-01-13 22:50:00,84.58195606,True
2014-01-13 22:55:00,84.93012159,True
2014-01-13 23:00:00,86.94862517,True
2014-01-13 23:05:00,86.16980729,True
2014-01-13 23:10:00,87.16709843,True
2014-01-13 23:15:00,88.32625122,True
2014-01-13 23:20:00,86.88129968,True
2014-01-13 23:25:00,87.58075682,True
2014-01-13 23:30:00,89.54946429,True
2014-01-13 23:35:00,88.20062067,True
2014-01-13 23:40:00,90.83286055,True
2014-01-13 23:45:00,89.64034631,True
2014-01-13 23:50:00,90.37405839,True
2014-01-13 23:55:00,90.96302317,True
2014-01-14 00:00:00,92.48821702,True
2014-01-14 00:05:00,92.1332158,True
2014-01-14 00:10:00,93.09848479,True
2014-01-14 00:15:00,92.4559836,True
2014-01-14 00:20:00,92.8952916,True
2014-01-14 00:25:00,94.60880074,True
2014-01-14 00:30:00,93.21735035,True
2014-01-14 00:35:00,95.89477228,True
2014-01-14 00:40:00,96.06518872,True
2014-01-14 00:45:00,94.39266021,True
2014-01-14 00:50:00,94.70575886,True
2014-01-14 00:55:00,95.31014258,True
2014-01-14 01:00:00,93.42124473,True
2014-01-14 01:05:00,95.34903801,True
2014-01-14 01:10:00,94.0973806,True
2014-01-14 01:15:00,94.04965472,True
2014-01-14 01:20:00,94.35986966,True
2014-01-14 01:25:00,92.84144201,True
2014-01-14 01:30:00,93.02429263,True
2014-01-14 01:35:00,94.75288523,True
2014-01-14 01:40:00,93.44627711,True
2014-01-14 01:45:00,92.54788315,True
2014-01-14 01:50:00,93.72319276,True
2014-01-14 01:55:00,93.819603,True
2014-01-14 02:00:00,93.55863257,True
2014-01-14 02:05:00,93.13905572,True
2014-01-14 02:10:00,93.11616063,True
2014-01-14 02:15:00,92.37484851,True
2014-01-14 02:20:00,91.51480834,True
2014-01-14 02:25:00,92.24864807,True
2014-01-14 02:30:00,91.39082513,True
2014-01-14 02:35:00,93.27267247,True
2014-01-14 02:40:00,91.44371709,True
2014-01-14 02:45:00,92.52058713,True
2014-01-14 02:50:00,91.80515439,True
2014-01-14 02:55:00,92.99052506,True
2014-01-14 03:00:00,92.4071078,True
2014-01-14 03:05:00,91.96881717,True
2014-01-14 03:10:00,92.22340568,True
2014-01-14 03:15:00,91.09977363,True
2014-01-14 03:20:00,91.51168806,True
2014-01-14 03:25:00,92.27814705,True
2014-01-14 03:30:00,91.39232946,True
2014-01-14 03:35:00,91.98813586,True
2014-01-14 03:40:00,90.91894882,True
2014-01-14 03:45:00,90.10970402,True
2014-01-14 03:50:00,91.08871082,True
2014-01-14 03:55:00,90.26974767,True
2014-01-14 04:00:00,89.8868943,True
2014-01-14 04:05:00,90.04421503,True
2014-01-14 04:10:00,91.99302567,True
2014-01-14 04:15:00,89.84315197,True
2014-01-14 04:20:00,91.08972674,True
2014-01-14 04:25:00,91.36898265,True
2014-01-14 04:30:00,90.26176867,True
2014-01-14 04:35:00,90.3278655,True
2014-01-14 04:40:00,90.94546186,True
2014-01-14 04:45:00,91.40466015,True
2014-01-14 04:50:00,90.9542156,True
2014-01-14 04:55:00,89.90873103,True
2014-01-14 05:00:00,91.60008314,True
2014-01-14 05:05:00,89.80775344,True
2014-01-14 05:10:00,91.0134671,True
2014-01-14 05:15:00,91.58710458,True
2014-01-14 05:20:00,90.40379286,True
2014-01-14 05:25:00,89.79903936,True
2014-01-14 05:30:00,89.81838684,True
2014-01-14 05:35:00,90.13991169,True
2014-01-14 05:40:00,89.84424323,True
2014-01-14 05:45:00,89.98975865,True
2014-01-14 05:50:00,90.3866273,True
2014-01-14 05:55:00,91.28808176,True
2014-01-14 06:00:00,91.32462154,True
2014-01-14 06:05:00,90.03768667,True
2014-01-14 06:10:00,91.28434922,True
2014-01-14 06:15:00,91.41079384,True
2014-01-14 06:20:00,89.70602358,True
2014-01-14 06:25:00,90.95606667,True
2014-01-14 06:30:00,89.64612315,True
2014-01-14 06:35:00,91.22245199,True
2014-01-14 06:40:00,89.97030967,True
2014-01-14 06:45:00,91.33987651,True
2014-01-14 06:50:00,90.20709404,True
2014-01-14 06:55:00,91.39101496,True
2014-01-14 07:00:00,90.74147635,True
2014-01-14 07:05:00,91.53269823,True
2014-01-14 07:10:00,91.22857466,True
2014-01-14 07:15:00,90.34910227,True
2014-01-14 07:20:00,90.81411522,True
2014-01-14 07:25:00,91.40621196,True
2014-01-14 07:30:00,90.59614366,True
2014-01-14 07:35:00,89.60544034,True
2014-01-14 07:40:00,90.47545142,True
2014-01-14 07:45:00,91.74608426,True
2014-01-14 07:50:00,90.37773732,True
2014-01-14 07:55:00,90.33435494,True
2014-01-14 08:00:00,91.94132471,True
2014-01-14 08:05:00,89.83963531,True
2014-01-14 08:10:00,90.89771553,True
2014-01-14 08:15:00,91.47462456,True
2014-01-14 08:20:00,91.16289391,True
2014-01-14 08:25:00,90.67785278,True
2014-01-14 08:30:00,90.17621065,True
2014-01-14 08:35:00,90.08991466,True
2014-01-14 08:40:00,91.27853417,True
2014-01-14 08:45:00,91.00761949,True
2014-01-14 08:50:00,90.82650194,True
2014-01-14 08:55:00,92.89014313,True
2014-01-14 09:00:00,92.19857231,True
2014-01-14 09:05:00,92.05436581,True
2014-01-14 09:10:00,92.47904151,True
2014-01-14 09:15:00,93.50301711,True
2014-01-14 09:20:00,92.57396905,True
2014-01-14 09:25:00,93.72686638,True
2014-01-14 09:30:00,92.87617361,True
2014-01-14 09:35:00,94.62567021,True
2014-01-14 09:40:00,92.73967154,True
2014-01-14 09:45:00,94.17623471,True
2014-01-14 09:50:00,92.84954956,True
2014-01-14 09:55:00,93.6535527,True
2014-01-14 10:00:00,94.59588776,True
2014-01-14 10:05:00,94.19169317,True
2014-01-14 10:10:00,94.39572513,True
2014-01-14 10:15:00,93.50636222,True
2014-01-14 10:20:00,93.48558086,True
2014-01-14 10:25:00,93.19922139,True
2014-01-14 10:30:00,94.79748066,True
2014-01-14 10:35:00,93.34605551,True
2014-01-14 10:40:00,92.97465404,True
2014-01-14 10:45:00,93.30609178,True
2014-01-14 10:50:00,93.34454915,True
2014-01-14 10:55:00,93.71251127,True
2014-01-14 11:00:00,95.36777003,True
2014-01-14 11:05:00,95.24837051,True
2014-01-14 11:10:00,94.21038988,True
2014-01-14 11:15:00,94.56206073,True
2014-01-14 11:20:00,94.11003441,True
2014-01-14 11:25:00,93.98811487,True
2014-01-14 11:30:00,93.99887267,True
2014-01-14 11:35:00,94.93250609,True
2014-01-14 11:40:00,95.81674907,True
2014-01-14 11:45:00,94.64559372,True
2014-01-14 11:50:00,94.61738429,True
2014-01-14 11:55:00,96.70452595,True
2014-01-14 12:00:00,95.45905513,True
2014-01-14 12:05:00,95.98041673,True
2014-01-14 12:10:00,97.08271171,True
2014-01-14 12:15:00,97.57048856,True
2014-01-14 12:20:00,96.80812859,True
2014-01-14 12:25:00,97.09276175,True
2014-01-14 12:30:00,96.36405,True
2014-01-14 12:35:00,98.30006642,True
2014-01-14 12:40:00,96.32255168,True
2014-01-14 12:45:00,97.09046597,True
2014-01-14 12:50:00,97.90423946,True
2014-01-14 12:55:00,98.13664098,True
2014-01-14 13:00:00,98.14761740000002,True
2014-01-14 13:05:00,97.60097113,True
2014-01-14 13:10:00,99.01088927,True
2014-01-14 13:15:00,97.63091253,True
2014-01-14 13:20:00,97.65408433,True
2014-01-14 13:25:00,98.78854836,True
2014-01-14 13:30:00,98.44463353,True
2014-01-14 13:35:00,98.18075811,True
2014-01-14 13:40:00,99.15433112,True
2014-01-14 13:45:00,99.92674273,True
2014-01-14 13:50:00,100.404962,True
2014-01-14 13:55:00,99.04747269,True
2014-01-14 14:00:00,99.54592919,True
2014-01-14 14:05:00,99.79283524,True
2014-01-14 14:10:00,100.168775,True
2014-01-14 14:15:00,100.2396047,True
2014-01-14 14:20:00,99.47385364,True
2014-01-14 14:25:00,100.2631895,True
2014-01-14 14:30:00,101.7614395,True
2014-01-14 14:35:00,100.2912165,True
2014-01-14 14:40:00,101.5447025,True
2014-01-14 14:45:00,101.3101484,True
2014-01-14 14:50:00,100.2692426,True
2014-01-14 14:55:00,99.76173131,True
2014-01-14 15:00:00,101.0872951,True
2014-01-14 15:05:00,99.82943054,True
2014-01-14 15:10:00,99.50612871,True
2014-01-14 15:15:00,101.3464888,True
2014-01-14 15:20:00,100.3229356,True
2014-01-14 15:25:00,100.0495243,True
2014-01-14 15:30:00,100.5985499,True
2014-01-14 15:35:00,101.4799349,True
2014-01-14 15:40:00,100.1563255,True
2014-01-14 15:45:00,101.0728323,True
2014-01-14 15:50:00,99.40078021,True
2014-01-14 15:55:00,99.4473097,True
2014-01-14 16:00:00,100.2977716,True
2014-01-14 16:05:00,98.48876907,True
2014-01-14 16:10:00,100.1128135,True
2014-01-14 16:15:00,98.38147153,True
2014-01-14 16:20:00,98.03701355,True
2014-01-14 16:25:00,97.69087844,True
2014-01-14 16:30:00,97.58608435,True
2014-01-14 16:35:00,96.92826877,True
2014-01-14 16:40:00,98.20797749,True
2014-01-14 16:45:00,97.40256351,True
2014-01-14 16:50:00,97.4167979,True
2014-01-14 16:55:00,96.62660519,True
2014-01-14 17:00:00,95.76242304,True
2014-01-14 17:05:00,96.83888791,True
2014-01-14 17:10:00,97.45709133,True
2014-01-14 17:15:00,97.52964904,True
2014-01-14 17:20:00,97.58657198,True
2014-01-14 17:25:00,95.59642897,True
2014-01-14 17:30:00,97.38892634,True
2014-01-14 17:35:00,97.18808824,True
2014-01-14 17:40:00,95.64590908,True
2014-01-14 17:45:00,95.8396207,True
2014-01-14 17:50:00,96.84088201,True
2014-01-14 17:55:00,97.20031362,True
2014-01-14 18:00:00,96.99678609,True
2014-01-14 18:05:00,95.60288875,True
2014-01-14 18:10:00,96.51943763,True
2014-01-14 18:15:00,97.33304397,True
2014-01-14 18:20:00,96.05081111,True
2014-01-14 18:25:00,96.14500813,True
2014-01-14 18:30:00,96.7006652,True
2014-01-14 18:35:00,95.83666837,True
2014-01-14 18:40:00,95.38927673,True
2014-01-14 18:45:00,96.2718776,True
2014-01-14 18:50:00,97.04561451,True
2014-01-14 18:55:00,95.61281163,True
2014-01-14 19:00:00,96.27868275,True
2014-01-14 19:05:00,95.74066627,True
2014-01-14 19:10:00,96.24158731,True
2014-01-14 19:15:00,96.82722353,True
2014-01-14 19:20:00,96.84691546,True
2014-01-14 19:25:00,96.2652907,True
2014-01-14 19:30:00,95.33630625,True
2014-01-14 19:35:00,96.05207339,True
2014-01-14 19:40:00,96.17906579,True
2014-01-14 19:45:00,95.56599661,True
2014-01-14 19:50:00,95.32500504,True
2014-01-14 19:55:00,95.17829617,True
2014-01-14 20:00:00,95.29629829,True
2014-01-14 20:05:00,95.30662542,True
2014-01-14 20:10:00,94.96148641,True
2014-01-14 20:15:00,95.03212011,True
2014-01-14 20:20:00,93.33431868,True
2014-01-14 20:25:00,94.47595297,True
2014-01-14 20:30:00,93.04851143,True
2014-01-14 20:35:00,92.53600511,True
2014-01-14 20:40:00,94.06251444,True
2014-01-14 20:45:00,93.459114,True
2014-01-14 20:50:00,93.53764662,True
2014-01-14 20:55:00,93.02197072,True
2014-01-14 21:00:00,94.63747093,True
2014-01-14 21:05:00,93.81088939,True
2014-01-14 21:10:00,93.24563829,True
2014-01-14 21:15:00,92.48233506,True
2014-01-14 21:20:00,94.64613484,True
2014-01-14 21:25:00,93.14475087,True
2014-01-14 21:30:00,93.16563216,True
2014-01-14 21:35:00,92.93272978,True
2014-01-14 21:40:00,94.08230627,True
2014-01-14 21:45:00,92.62566176,True
2014-01-14 21:50:00,94.2862931,True
2014-01-14 21:55:00,93.37662682,True
2014-01-14 22:00:00,94.30747447,True
2014-01-14 22:05:00,93.38274429,True
2014-01-14 22:10:00,93.61989929,True
2014-01-14 22:15:00,93.05888585,True
2014-01-14 22:20:00,93.90972032,True
2014-01-14 22:25:00,94.68883797,True
2014-01-14 22:30:00,93.40013405,True
2014-01-14 22:35:00,93.52310941,True
2014-01-14 22:40:00,94.78242481,True
2014-01-14 22:45:00,93.41834466,True
2014-01-14 22:50:00,94.27982111,True
2014-01-14 22:55:00,92.60346775,True
2014-01-14 23:00:00,93.50280095,True
2014-01-14 23:05:00,93.3562733,True
2014-01-14 23:10:00,93.74722708,True
2014-01-14 23:15:00,92.8253541,True
2014-01-14 23:20:00,92.47091339,True
2014-01-14 23:25:00,93.33004206,True
2014-01-14 23:30:00,93.91527647,True
2014-01-14 23:35:00,93.155332,True
2014-01-14 23:40:00,94.05147171,True
2014-01-14 23:45:00,93.71331949,True
2014-01-14 23:50:00,94.60994227,True
2014-01-14 23:55:00,95.33927165,True
2014-01-15 00:00:00,93.53578274,True
2014-01-15 00:05:00,93.9880576,True
2014-01-15 00:10:00,94.66030569,True
2014-01-15 00:15:00,95.54657964,True
2014-01-15 00:20:00,94.21109554,True
2014-01-15 00:25:00,96.36551651,True
2014-01-15 00:30:00,95.86661174,True
2014-01-15 00:35:00,96.10884307,True
2014-01-15 00:40:00,97.00574463,True
2014-01-15 00:45:00,96.74186127,True
2014-01-15 00:50:00,97.74777638,True
2014-01-15 00:55:00,98.05362183,True
2014-01-15 01:00:00,97.35914545,True
2014-01-15 01:05:00,98.37677269,True
2014-01-15 01:10:00,97.55955837,True
2014-01-15 01:15:00,98.19003964,True
2014-01-15 01:20:00,97.22600561,True
2014-01-15 01:25:00,97.09635038,True
2014-01-15 01:30:00,97.33461822,True
2014-01-15 01:35:00,97.80867858,True
2014-01-15 01:40:00,98.42290107,True
2014-01-15 01:45:00,98.88159481,True
2014-01-15 01:50:00,99.06223772,True
2014-01-15 01:55:00,100.3675723,True
2014-01-15 02:00:00,100.5484267,True
2014-01-15 02:05:00,100.7079759,True
2014-01-15 02:10:00,101.012029,True
2014-01-15 02:15:00,99.11413697,True
2014-01-15 02:20:00,100.435481,True
2014-01-15 02:25:00,101.2366851,True
2014-01-15 02:30:00,101.4685452,True
2014-01-15 02:35:00,102.11941,True
2014-01-15 02:40:00,100.0687087,True
2014-01-15 02:45:00,101.2829668,True
2014-01-15 02:50:00,101.4857047,True
2014-01-15 02:55:00,103.0579465,True
2014-01-15 03:00:00,103.007238,True
2014-01-15 03:05:00,103.1635255,True
2014-01-15 03:10:00,103.3036425,True
2014-01-15 03:15:00,101.6193632,True
2014-01-15 03:20:00,102.533115,True
2014-01-15 03:25:00,103.3447745,True
2014-01-15 03:30:00,103.5817605,True
2014-01-15 03:35:00,103.7626155,True
2014-01-15 03:40:00,102.515384,True
2014-01-15 03:45:00,103.158802,True
2014-01-15 03:50:00,103.6373019,True
2014-01-15 03:55:00,102.612068,True
2014-01-15 04:00:00,103.9883107,True
2014-01-15 04:05:00,104.6802154,True
2014-01-15 04:10:00,104.3284181,True
2014-01-15 04:15:00,104.8323166,True
2014-01-15 04:20:00,104.6157296,True
2014-01-15 04:25:00,104.5991701,True
2014-01-15 04:30:00,105.5947708,True
2014-01-15 04:35:00,104.6574053,True
2014-01-15 04:40:00,104.9860644,True
2014-01-15 04:45:00,103.9438623,True
2014-01-15 04:50:00,104.6450551,True
2014-01-15 04:55:00,102.7995624,True
2014-01-15 05:00:00,102.419696,True
2014-01-15 05:05:00,103.9368092,True
2014-01-15 05:10:00,103.3913793,True
2014-01-15 05:15:00,102.3080233,True
2014-01-15 05:20:00,101.0619383,True
2014-01-15 05:25:00,102.535219,True
2014-01-15 05:30:00,102.2523562,True
2014-01-15 05:35:00,100.0877642,True
2014-01-15 05:40:00,100.5289209,True
2014-01-15 05:45:00,100.1913829,True
2014-01-15 05:50:00,99.69802212,True
2014-01-15 05:55:00,99.01438228,True
2014-01-15 06:00:00,98.79523678,True
2014-01-15 06:05:00,98.68953618,True
2014-01-15 06:10:00,98.11270099,True
2014-01-15 06:15:00,98.06071301,True
2014-01-15 06:20:00,97.97535265,True
2014-01-15 06:25:00,96.79780424,True
2014-01-15 06:30:00,98.12647093,True
2014-01-15 06:35:00,96.44113641,True
2014-01-15 06:40:00,96.00544407,True
2014-01-15 06:45:00,96.7676126,True
2014-01-15 06:50:00,95.49619452,True
2014-01-15 06:55:00,96.59055943,True
2014-01-15 07:00:00,94.8581492,True
2014-01-15 07:05:00,95.35686403,True
2014-01-15 07:10:00,95.06326461,True
2014-01-15 07:15:00,93.90247827,True
2014-01-15 07:20:00,93.3256033,True
2014-01-15 07:25:00,93.55294965,True
2014-01-15 07:30:00,94.37131961,True
2014-01-15 07:35:00,93.90734556,True
2014-01-15 07:40:00,92.13095552,True
2014-01-15 07:45:00,91.79626429,True
2014-01-15 07:50:00,91.10279879,True
2014-01-15 07:55:00,91.72611239,True
2014-01-15 08:00:00,92.31597716,True
2014-01-15 08:05:00,91.32064814,True
2014-01-15 08:10:00,91.12194047,True
2014-01-15 08:15:00,90.37107589,True
2014-01-15 08:20:00,90.43601452,True
2014-01-15 08:25:00,91.27698897,True
2014-01-15 08:30:00,90.63689471,True
2014-01-15 08:35:00,91.10115319,True
2014-01-15 08:40:00,91.82575929,True
2014-01-15 08:45:00,91.72757998,True
2014-01-15 08:50:00,89.07262641,True
2014-01-15 08:55:00,89.330859,True
2014-01-15 09:00:00,88.92234843,True
2014-01-15 09:05:00,88.22160023,True
2014-01-15 09:10:00,90.46367218,True
2014-01-15 09:15:00,90.53516903,True
2014-01-15 09:20:00,90.71867897,True
2014-01-15 09:25:00,92.90363875,True
2014-01-15 09:30:00,92.16355371,True
2014-01-15 09:35:00,92.84475253,True
2014-01-15 09:40:00,92.83487382,True
2014-01-15 09:45:00,93.53063522,True
2014-01-15 09:50:00,94.28430467,True
2014-01-15 09:55:00,95.05784606,True
2014-01-15 10:00:00,94.82836663,True
2014-01-15 10:05:00,93.41688711,True
2014-01-15 10:10:00,93.89780665,True
2014-01-15 10:15:00,94.10638494,True
2014-01-15 10:20:00,94.782933,True
2014-01-15 10:25:00,94.63445828,True
2014-01-15 10:30:00,94.05845362,True
2014-01-15 10:35:00,94.31605665,True
2014-01-15 10:40:00,93.76234251,True
2014-01-15 10:45:00,94.29548048,True
2014-01-15 10:50:00,92.33197291,True
2014-01-15 10:55:00,92.04434743,True
2014-01-15 11:00:00,92.5863678,True
2014-01-15 11:05:00,91.88949167,True
2014-01-15 11:10:00,91.89433442,True
2014-01-15 11:15:00,91.49743931,True
2014-01-15 11:20:00,91.26979361,True
2014-01-15 11:25:00,92.41480364,True
2014-01-15 11:30:00,92.90412842,True
2014-01-15 11:35:00,92.27220064,True
2014-01-15 11:40:00,92.06836524,True
2014-01-15 11:45:00,90.96348706,True
2014-01-15 11:50:00,92.65575947,True
2014-01-15 11:55:00,90.97146402,True
2014-01-15 12:00:00,90.75668036,True
2014-01-15 12:05:00,90.3010003,True
2014-01-15 12:10:00,91.05183736,True
2014-01-15 12:15:00,90.79592931,True
2014-01-15 12:20:00,91.66802286,True
2014-01-15 12:25:00,90.00547809,True
2014-01-15 12:30:00,90.75654241,True
2014-01-15 12:35:00,90.3668015,True
2014-01-15 12:40:00,90.92325443,True
2014-01-15 12:45:00,90.82366078,True
2014-01-15 12:50:00,91.4177951,True
2014-01-15 12:55:00,91.78424007,True
2014-01-15 13:00:00,90.02571856,True
2014-01-15 13:05:00,91.30190042,True
2014-01-15 13:10:00,91.1050019,True
2014-01-15 13:15:00,89.96027511,True
2014-01-15 13:20:00,90.13366718,True
2014-01-15 13:25:00,91.6598198,True
2014-01-15 13:30:00,91.73587197,True
2014-01-15 13:35:00,89.87910775,True
2014-01-15 13:40:00,90.35246754,True
2014-01-15 13:45:00,90.32108435,True
2014-01-15 13:50:00,91.36401021,True
2014-01-15 13:55:00,91.38551979,True
2014-01-15 14:00:00,90.21825048,True
2014-01-15 14:05:00,90.59826732,True
2014-01-15 14:10:00,90.70258123,True
2014-01-15 14:15:00,90.50022876,True
2014-01-15 14:20:00,90.04245432,True
2014-01-15 14:25:00,91.28804369,True
2014-01-15 14:30:00,91.42267661,True
2014-01-15 14:35:00,90.36325188,True
2014-01-15 14:40:00,89.66243869,True
2014-01-15 14:45:00,90.22398629,True
2014-01-15 14:50:00,90.51785332,True
2014-01-15 14:55:00,90.50598334,True
2014-01-15 15:00:00,90.99866432,True
2014-01-15 15:05:00,90.52889663,True
2014-01-15 15:10:00,90.12837829,True
2014-01-15 15:15:00,89.83882662,True
2014-01-15 15:20:00,90.53673111,True
2014-01-15 15:25:00,89.85140693,True
2014-01-15 15:30:00,91.68924164,True
2014-01-15 15:35:00,91.52707188,True
2014-01-15 15:40:00,91.99940818,True
2014-01-15 15:45:00,89.61733803,True
2014-01-15 15:50:00,91.0901674,True
2014-01-15 15:55:00,90.67605599,True
2014-01-15 16:00:00,91.54394687,True
2014-01-15 16:05:00,91.8153294,True
2014-01-15 16:10:00,91.51196312,True
2014-01-15 16:15:00,91.73988476,True
2014-01-15 16:20:00,90.17646498,True
2014-01-15 16:25:00,89.92872373,True
2014-01-15 16:30:00,91.24747246,True
2014-01-15 16:35:00,91.97304090000002,True
2014-01-15 16:40:00,90.11889907,True
2014-01-15 16:45:00,91.80807002,True
2014-01-15 16:50:00,89.79848542,True
2014-01-15 16:55:00,91.60357121,True
2014-01-15 17:00:00,90.06324135,True
2014-01-15 17:05:00,89.94504856,True
2014-01-15 17:10:00,91.52059898,True
2014-01-15 17:15:00,91.2270671,True
2014-01-15 17:20:00,89.91433276,True
2014-01-15 17:25:00,89.76751197,True
2014-01-15 17:30:00,90.14028039,True
2014-01-15 17:35:00,91.63193548,True
2014-01-15 17:40:00,90.8427671,True
2014-01-15 17:45:00,91.60886049,True
2014-01-15 17:50:00,90.7351352,True
2014-01-15 17:55:00,90.95221524,True
2014-01-15 18:00:00,90.32739373,True
2014-01-15 18:05:00,90.04136657,True
2014-01-15 18:10:00,90.39123718,True
2014-01-15 18:15:00,91.10092349,True
2014-01-15 18:20:00,91.36225153,True
2014-01-15 18:25:00,91.35212041,True
2014-01-15 18:30:00,92.08493612,True
2014-01-15 18:35:00,90.29371941,True
2014-01-15 18:40:00,92.28041862,True
2014-01-15 18:45:00,92.9824482,True
2014-01-15 18:50:00,93.85993567,True
2014-01-15 18:55:00,92.99625916,True
2014-01-15 19:00:00,92.67157636,True
2014-01-15 19:05:00,94.11764316,True
2014-01-15 19:10:00,93.7068076,True
2014-01-15 19:15:00,94.14865945,True
2014-01-15 19:20:00,94.72826549,True
2014-01-15 19:25:00,94.5119802,True
2014-01-15 19:30:00,93.71416951,True
2014-01-15 19:35:00,93.81356088,True
2014-01-15 19:40:00,93.55543837,True
2014-01-15 19:45:00,94.46758123,True
2014-01-15 19:50:00,94.07864483,True
2014-01-15 19:55:00,91.56063807,True
2014-01-15 20:00:00,92.42593603,True
2014-01-15 20:05:00,93.13430113,True
2014-01-15 20:10:00,91.46251499,True
2014-01-15 20:15:00,92.23019083,True
2014-01-15 20:20:00,91.68836403,True
2014-01-15 20:25:00,91.02662584,True
2014-01-15 20:30:00,90.78620678,True
2014-01-15 20:35:00,89.62805359,True
2014-01-15 20:40:00,90.26471876,True
2014-01-15 20:45:00,89.27785989,True
2014-01-15 20:50:00,89.32908298,True
2014-01-15 20:55:00,89.69075898,True
2014-01-15 21:00:00,89.14219745,True
2014-01-15 21:05:00,88.79701937,True
2014-01-15 21:10:00,89.14150761,True
2014-01-15 21:15:00,90.77525398,True
2014-01-15 21:20:00,89.52576198,True
2014-01-15 21:25:00,90.52927692,True
2014-01-15 21:30:00,89.15876832,True
2014-01-15 21:35:00,89.79191194,True
2014-01-15 21:40:00,90.7990519,True
2014-01-15 21:45:00,90.29343146,True
2014-01-15 21:50:00,90.50063101,True
2014-01-15 21:55:00,91.27193944,True
2014-01-15 22:00:00,91.43002683,True
2014-01-15 22:05:00,90.3085939,True
2014-01-15 22:10:00,91.13442008,True
2014-01-15 22:15:00,91.056351,True
2014-01-15 22:20:00,91.4492947,True
2014-01-15 22:25:00,90.56017937,True
2014-01-15 22:30:00,90.44361787,True
2014-01-15 22:35:00,90.78847897,True
2014-01-15 22:40:00,90.54960059,True
2014-01-15 22:45:00,91.98422862,True
2014-01-15 22:50:00,91.07665582,True
2014-01-15 22:55:00,92.36048585,True
2014-01-15 23:00:00,91.11376457,True
2014-01-15 23:05:00,92.08980071,True
2014-01-15 23:10:00,92.77107249,True
2014-01-15 23:15:00,92.53452467,True
2014-01-15 23:20:00,91.93232833,True
2014-01-15 23:25:00,92.38412875,True
2014-01-15 23:30:00,91.09202436,True
2014-01-15 23:35:00,91.30616417,True
2014-01-15 23:40:00,92.19286082,True
2014-01-15 23:45:00,91.13038042,True
2014-01-15 23:50:00,91.22275066,True
2014-01-15 23:55:00,88.76895024,True
2014-01-16 00:00:00,88.56370798,True
2014-01-16 00:05:00,89.63409136,True
2014-01-16 00:10:00,89.30127771,True
2014-01-16 00:15:00,88.03235169999998,True
2014-01-16 00:20:00,88.09351847,True
2014-01-16 00:25:00,86.39139457,True
2014-01-16 00:30:00,87.29206086,True
2014-01-16 00:35:00,86.73393861,True
2014-01-16 00:40:00,86.52333471,True
2014-01-16 00:45:00,84.78439038,True
2014-01-16 00:50:00,86.50547131,True
2014-01-16 00:55:00,84.57468683,True
2014-01-16 01:00:00,85.77725262,True
2014-01-16 01:05:00,85.62679678,True
2014-01-16 01:10:00,86.01797978,True
2014-01-16 01:15:00,86.56267654,True
2014-01-16 01:20:00,86.03261098,True
2014-01-16 01:25:00,88.05789505,True
2014-01-16 01:30:00,88.71947941,True
2014-01-16 01:35:00,87.16057921,True
2014-01-16 01:40:00,88.88696306,True
2014-01-16 01:45:00,87.48484298,True
2014-01-16 01:50:00,89.62698996,True
2014-01-16 01:55:00,88.17554005,True
2014-01-16 02:00:00,88.90644751,True
2014-01-16 02:05:00,89.63999424,True
2014-01-16 02:10:00,90.65283488,True
2014-01-16 02:15:00,89.57369241,True
2014-01-16 02:20:00,90.59230534,True
2014-01-16 02:25:00,89.81817939,True
2014-01-16 02:30:00,89.286503,True
2014-01-16 02:35:00,90.14020329,True
2014-01-16 02:40:00,90.25365669,True
2014-01-16 02:45:00,90.86623872,True
2014-01-16 02:50:00,91.58600529,True
2014-01-16 02:55:00,91.48410162,True
2014-01-16 03:00:00,91.07529912,True
2014-01-16 03:05:00,90.43919267,True
2014-01-16 03:10:00,91.29854578,True
2014-01-16 03:15:00,91.31625551,True
2014-01-16 03:20:00,90.11342907,True
2014-01-16 03:25:00,92.38996007,True
2014-01-16 03:30:00,90.32245991,True
2014-01-16 03:35:00,90.82449371,True
2014-01-16 03:40:00,91.82656283,True
2014-01-16 03:45:00,92.21080712,True
2014-01-16 03:50:00,90.86782177,True
2014-01-16 03:55:00,92.35194786,True
2014-01-16 04:00:00,91.65539836,True
2014-01-16 04:05:00,91.90560407,True
2014-01-16 04:10:00,93.18899935,True
2014-01-16 04:15:00,92.09376904,True
2014-01-16 04:20:00,92.40054668,True
2014-01-16 04:25:00,90.69275607,True
2014-01-16 04:30:00,90.42791736,True
2014-01-16 04:35:00,90.20203726,True
2014-01-16 04:40:00,90.40289972,True
2014-01-16 04:45:00,90.93631248,True
2014-01-16 04:50:00,89.5824533,True
2014-01-16 04:55:00,91.46706908,True
2014-01-16 05:00:00,89.90276635,True
2014-01-16 05:05:00,90.1753041,True
2014-01-16 05:10:00,90.20369255,True
2014-01-16 05:15:00,89.78777771,True
2014-01-16 05:20:00,88.56320714,True
2014-01-16 05:25:00,89.30717548,True
2014-01-16 05:30:00,90.9312205,True
2014-01-16 05:35:00,91.42610589,True
2014-01-16 05:40:00,92.07132743,True
2014-01-16 05:45:00,94.10119205,True
2014-01-16 05:50:00,94.80471845,True
2014-01-16 05:55:00,93.66254574,True
2014-01-16 06:00:00,94.72705672,True
2014-01-16 06:05:00,94.00092294,True
2014-01-16 06:10:00,94.66983145,True
2014-01-16 06:15:00,93.2663517,True
2014-01-16 06:20:00,93.73779145,True
2014-01-16 06:25:00,92.40242813,True
2014-01-16 06:30:00,93.88867611,True
2014-01-16 06:35:00,91.53049381,True
2014-01-16 06:40:00,92.16174733,True
2014-01-16 06:45:00,92.08390696,True
2014-01-16 06:50:00,91.68681286,True
2014-01-16 06:55:00,90.5922298,True
2014-01-16 07:00:00,91.07535806,True
2014-01-16 07:05:00,89.7480257,True
2014-01-16 07:10:00,89.74354553,True
2014-01-16 07:15:00,89.96759393,True
2014-01-16 07:20:00,90.2043464,True
2014-01-16 07:25:00,89.83913418,True
2014-01-16 07:30:00,89.62365427,True
2014-01-16 07:35:00,89.7263691,True
2014-01-16 07:40:00,90.1166486,True
2014-01-16 07:45:00,89.65235546,True
2014-01-16 07:50:00,89.50041431,True
2014-01-16 07:55:00,91.15807474,True
2014-01-16 08:00:00,89.63358547,True
2014-01-16 08:05:00,89.97653790000004,True
2014-01-16 08:10:00,90.25867341,True
2014-01-16 08:15:00,88.37315442,True
2014-01-16 08:20:00,87.16555852,True
2014-01-16 08:25:00,85.42370319,True
2014-01-16 08:30:00,85.98578122,True
2014-01-16 08:35:00,84.74049094,True
2014-01-16 08:40:00,83.05267141,True
2014-01-16 08:45:00,81.16392459999999,True
2014-01-16 08:50:00,80.73818507,True
2014-01-16 08:55:00,77.56169801,True
2014-01-16 09:00:00,76.84255045,True
2014-01-16 09:05:00,75.94220869,True
2014-01-16 09:10:00,73.67659219,True
2014-01-16 09:15:00,72.71784414,True
2014-01-16 09:20:00,72.14756919,True
2014-01-16 09:25:00,71.23101053,True
2014-01-16 09:30:00,72.17089466,True
2014-01-16 09:35:00,70.48807688,True
2014-01-16 09:40:00,70.80388164,True
2014-01-16 09:45:00,68.98356067,True
2014-01-16 09:50:00,69.90468696,True
2014-01-16 09:55:00,68.68089133,True
2014-01-16 10:00:00,68.70544314,True
2014-01-16 10:05:00,67.62523714,True
2014-01-16 10:10:00,68.22186958,True
2014-01-16 10:15:00,67.07536512,True
2014-01-16 10:20:00,65.92649551,True
2014-01-16 10:25:00,66.6018399,True
2014-01-16 10:30:00,66.49476870000001,True
2014-01-16 10:35:00,64.20854584,True
2014-01-16 10:40:00,64.74983017,True
2014-01-16 10:45:00,62.72363404,True
2014-01-16 10:50:00,62.52510046,True
2014-01-16 10:55:00,63.85956231,True
2014-01-16 11:00:00,62.28232175,True
2014-01-16 11:05:00,61.41414665,True
2014-01-16 11:10:00,60.17635431,True
2014-01-16 11:15:00,61.96665698,True
2014-01-16 11:20:00,59.21560066,True
2014-01-16 11:25:00,60.18400304,True
2014-01-16 11:30:00,59.91868037,True
2014-01-16 11:35:00,57.76805281,True
2014-01-16 11:40:00,59.27332331,True
2014-01-16 11:45:00,59.21693982,True
2014-01-16 11:50:00,59.3825915,True
2014-01-16 11:55:00,58.26907922,True
2014-01-16 12:00:00,58.11825979,True
2014-01-16 12:05:00,57.54414908,True
2014-01-16 12:10:00,57.71760448,True
2014-01-16 12:15:00,57.59727673,True
2014-01-16 12:20:00,58.38544809,True
2014-01-16 12:25:00,59.73954181,True
2014-01-16 12:30:00,59.23410160000001,True
2014-01-16 12:35:00,61.11321455,True
2014-01-16 12:40:00,64.39941776,True
2014-01-16 12:45:00,70.20186963,True
2014-01-16 12:50:00,73.8112017,True
2014-01-16 12:55:00,77.93259931,True
2014-01-16 13:00:00,79.21269713,True
2014-01-16 13:05:00,80.15464868,True
2014-01-16 13:10:00,80.95326901,True
2014-01-16 13:15:00,79.73841626,True
2014-01-16 13:20:00,80.83174367,True
2014-01-16 13:25:00,82.12665598,True
2014-01-16 13:30:00,82.48714173,True
2014-01-16 13:35:00,81.31982408,True
2014-01-16 13:40:00,82.83785886,True
2014-01-16 13:45:00,82.44561646,True
2014-01-16 13:50:00,82.67551165,True
2014-01-16 13:55:00,82.62462853,True
2014-01-16 14:00:00,82.93994123,True
2014-01-16 14:05:00,83.51716735,True
2014-01-16 14:10:00,82.74610298,True
2014-01-16 14:15:00,83.9820297,True
2014-01-16 14:20:00,83.34248563,True
2014-01-16 14:25:00,84.88737197,True
2014-01-16 14:30:00,85.9512289,True
2014-01-16 14:35:00,84.5830752,True
2014-01-16 14:40:00,86.08586767,True
2014-01-16 14:45:00,86.79402986,True
2014-01-16 14:50:00,85.30843893,True
2014-01-16 14:55:00,87.14257568,True
2014-01-16 15:00:00,86.52588851,True
2014-01-16 15:05:00,86.54707987,True
2014-01-16 15:10:00,85.76979244,True
2014-01-16 15:15:00,87.33318949,True
2014-01-16 15:20:00,86.05753877,True
2014-01-16 15:25:00,86.98174994,True
2014-01-16 15:30:00,86.9559815,True
2014-01-16 15:35:00,87.53833344,True
2014-01-16 15:40:00,87.08335433,True
2014-01-16 15:45:00,86.97601656,True
2014-01-16 15:50:00,87.58587206,True
2014-01-16 15:55:00,87.2022687,True
2014-01-16 16:00:00,88.16406707,True
2014-01-16 16:05:00,88.70022765,True
2014-01-16 16:10:00,87.25831245,True
2014-01-16 16:15:00,87.62497137,True
2014-01-16 16:20:00,88.26847543,True
2014-01-16 16:25:00,87.86521143,True
2014-01-16 16:30:00,88.33868168,True
2014-01-16 16:35:00,89.40738132,True
2014-01-16 16:40:00,88.35967444,True
2014-01-16 16:45:00,89.45521594,True
2014-01-16 16:50:00,88.06589566,True
2014-01-16 16:55:00,90.25332839,True
2014-01-16 17:00:00,89.26042472,True
2014-01-16 17:05:00,89.60368056,True
2014-01-16 17:10:00,89.42846091,True
2014-01-16 17:15:00,89.45192016,True
2014-01-16 17:20:00,89.7887824,True
2014-01-16 17:25:00,90.33196706,True
2014-01-16 17:30:00,90.23791282,True
2014-01-16 17:35:00,90.53408011,True
2014-01-16 17:40:00,90.10078236,True
2014-01-16 17:45:00,90.7112573,True
2014-01-16 17:50:00,89.73267468,True
2014-01-16 17:55:00,89.76741611,True
2014-01-16 18:00:00,89.90847836,True
2014-01-16 18:05:00,89.68744142,True
2014-01-16 18:10:00,91.95087412,True
2014-01-16 18:15:00,91.28731613,True
2014-01-16 18:20:00,90.44436181,True
2014-01-16 18:25:00,90.82501463,True
2014-01-16 18:30:00,91.26248598,True
2014-01-16 18:35:00,91.78801107,True
2014-01-16 18:40:00,90.92615021,True
2014-01-16 18:45:00,90.47932836,True
2014-01-16 18:50:00,91.79828727,True
2014-01-16 18:55:00,89.80825068,True
2014-01-16 19:00:00,91.66273136,True
2014-01-16 19:05:00,90.86750365,True
2014-01-16 19:10:00,91.13246168,True
2014-01-16 19:15:00,91.80158435,True
2014-01-16 19:20:00,91.61365063,True
2014-01-16 19:25:00,91.13845436,True
2014-01-16 19:30:00,90.68282829,True
2014-01-16 19:35:00,91.41709709,True
2014-01-16 19:40:00,89.93636888,True
2014-01-16 19:45:00,91.8718501,True
2014-01-16 19:50:00,89.88724915,True
2014-01-16 19:55:00,91.17085929,True
2014-01-16 20:00:00,91.86861253,True
2014-01-16 20:05:00,91.46441151,True
2014-01-16 20:10:00,90.49069569,True
2014-01-16 20:15:00,90.09274582,True
2014-01-16 20:20:00,90.36762689,True
2014-01-16 20:25:00,90.81827934,True
2014-01-16 20:30:00,90.96671432,True
2014-01-16 20:35:00,89.68414303,True
2014-01-16 20:40:00,88.90497623,True
2014-01-16 20:45:00,90.01560684,True
2014-01-16 20:50:00,89.46809792,True
2014-01-16 20:55:00,88.11589773,True
2014-01-16 21:00:00,89.36476941,True
2014-01-16 21:05:00,88.87874627,True
2014-01-16 21:10:00,89.10159198,True
2014-01-16 21:15:00,87.62896693,True
2014-01-16 21:20:00,87.48132876,True
2014-01-16 21:25:00,88.06738821,True
2014-01-16 21:30:00,87.6623146,True
2014-01-16 21:35:00,86.69977008,True
2014-01-16 21:40:00,87.47012909,True
2014-01-16 21:45:00,88.17203185,True
2014-01-16 21:50:00,86.53785086,True
2014-01-16 21:55:00,87.6010399,True
2014-01-16 22:00:00,87.48649815,True
2014-01-16 22:05:00,86.7671855,True
2014-01-16 22:10:00,87.47502258,True
2014-01-16 22:15:00,86.40351342,True
2014-01-16 22:20:00,88.38111229,True
2014-01-16 22:25:00,88.5636818,True
2014-01-16 22:30:00,87.15136895,True
2014-01-16 22:35:00,88.32243914,True
2014-01-16 22:40:00,88.90323133,True
2014-01-16 22:45:00,88.91872708,True
2014-01-16 22:50:00,89.11694792,True
2014-01-16 22:55:00,89.20365081,True
2014-01-16 23:00:00,89.59275098,True
2014-01-16 23:05:00,88.96637799,True
2014-01-16 23:10:00,88.86185512,True
2014-01-16 23:15:00,88.54013322,True
2014-01-16 23:20:00,90.43494538,True
2014-01-16 23:25:00,88.71837102,True
2014-01-16 23:30:00,89.85904545,True
2014-01-16 23:35:00,89.11976129,True
2014-01-16 23:40:00,90.25675458,True
2014-01-16 23:45:00,89.52798906,True
2014-01-16 23:50:00,91.95132366,True
2014-01-16 23:55:00,91.70853548,True
2014-01-17 00:00:00,90.36170303,True
2014-01-17 00:05:00,91.31884678,True
2014-01-17 00:10:00,90.79002817,True
2014-01-17 00:15:00,92.00649658,True
2014-01-17 00:20:00,91.72122804,True
2014-01-17 00:25:00,91.19369419,True
2014-01-17 00:30:00,92.06489832,True
2014-01-17 00:35:00,92.12367932,True
2014-01-17 00:40:00,91.20561446,True
2014-01-17 00:45:00,91.34633288,True
2014-01-17 00:50:00,91.18092296,True
2014-01-17 00:55:00,91.43210748,True
2014-01-17 01:00:00,91.26910781,True
2014-01-17 01:05:00,92.75107265,True
2014-01-17 01:10:00,91.03694729,True
2014-01-17 01:15:00,91.57693235,True
2014-01-17 01:20:00,91.06912493,True
2014-01-17 01:25:00,92.22683088,True
2014-01-17 01:30:00,92.27326172,True
2014-01-17 01:35:00,92.76642432,True
2014-01-17 01:40:00,92.36249301,True
2014-01-17 01:45:00,92.98794425,True
2014-01-17 01:50:00,91.09984894,True
2014-01-17 01:55:00,91.12679894,True
2014-01-17 02:00:00,92.82398096,True
2014-01-17 02:05:00,92.79793273,True
2014-01-17 02:10:00,91.92233159,True
2014-01-17 02:15:00,92.90713005,True
2014-01-17 02:20:00,91.69341431,True
2014-01-17 02:25:00,92.01897814,True
2014-01-17 02:30:00,91.56310816,True
2014-01-17 02:35:00,92.77255608,True
2014-01-17 02:40:00,92.67676539,True
2014-01-17 02:45:00,91.19117739,True
2014-01-17 02:50:00,93.08664709,True
2014-01-17 02:55:00,92.075038,True
2014-01-17 03:00:00,91.54079675,True
2014-01-17 03:05:00,92.80268773,True
2014-01-17 03:10:00,90.65808449,True
2014-01-17 03:15:00,91.30339514,True
2014-01-17 03:20:00,91.57978672,True
2014-01-17 03:25:00,91.32885708,True
2014-01-17 03:30:00,90.53003825,True
2014-01-17 03:35:00,90.61813349,True
2014-01-17 03:40:00,88.0751395,True
2014-01-17 03:45:00,89.22582895,True
2014-01-17 03:50:00,88.10714265,True
2014-01-17 03:55:00,88.132188,True
2014-01-17 04:00:00,88.50752365,True
2014-01-17 04:05:00,88.35520481,True
2014-01-17 04:10:00,86.64660409999998,True
2014-01-17 04:15:00,87.19337592,True
2014-01-17 04:20:00,86.88896569,True
2014-01-17 04:25:00,85.68802251,True
2014-01-17 04:30:00,85.51564083,True
2014-01-17 04:35:00,85.43933888,True
2014-01-17 04:40:00,84.04980489,True
2014-01-17 04:45:00,85.25842784,True
2014-01-17 04:50:00,84.16260722,True
2014-01-17 04:55:00,85.8698411,True
2014-01-17 05:00:00,85.07150836,True
2014-01-17 05:05:00,84.71888852,True
2014-01-17 05:10:00,84.58732828,True
2014-01-17 05:15:00,86.04420654,True
2014-01-17 05:20:00,86.04827135,True
2014-01-17 05:25:00,85.39929862,True
2014-01-17 05:30:00,84.01090104,True
2014-01-17 05:35:00,86.28874013,True
2014-01-17 05:40:00,84.98417426,True
2014-01-17 05:45:00,86.1754368,True
2014-01-17 05:50:00,84.03410613,True
2014-01-17 05:55:00,84.5867861,True
2014-01-17 06:00:00,85.44486079,True
2014-01-17 06:05:00,86.28487928,True
2014-01-17 06:10:00,84.58517994,True
2014-01-17 06:15:00,85.39185862,True
2014-01-17 06:20:00,84.62722695,True
2014-01-17 06:25:00,85.70116232,True
2014-01-17 06:30:00,84.90693991,True
2014-01-17 06:35:00,86.14610474,True
2014-01-17 06:40:00,85.55357604,True
2014-01-17 06:45:00,85.37425428,True
2014-01-17 06:50:00,85.50017087,True
2014-01-17 06:55:00,84.94655014,True
2014-01-17 07:00:00,86.15773805,True
2014-01-17 07:05:00,84.44096467,True
2014-01-17 07:10:00,86.12678898,True
2014-01-17 07:15:00,84.17807919,True
2014-01-17 07:20:00,84.07973375,True
2014-01-17 07:25:00,86.07219172,True
2014-01-17 07:30:00,85.76474189,True
2014-01-17 07:35:00,84.2733592,True
2014-01-17 07:40:00,85.43695665,True
2014-01-17 07:45:00,84.96552516,True
2014-01-17 07:50:00,84.51341629999997,True
2014-01-17 07:55:00,84.57044833,True
2014-01-17 08:00:00,85.27993814,True
2014-01-17 08:05:00,85.27873639,True
2014-01-17 08:10:00,86.2196341,True
2014-01-17 08:15:00,84.5240869,True
2014-01-17 08:20:00,85.73929114,True
2014-01-17 08:25:00,85.31453901,True
2014-01-17 08:30:00,84.51941763,True
2014-01-17 08:35:00,86.30972771,True
2014-01-17 08:40:00,85.41343859999998,True
2014-01-17 08:45:00,84.2505675,True
2014-01-17 08:50:00,85.73447793,True
2014-01-17 08:55:00,84.11266803,True
2014-01-17 09:00:00,85.00302371,True
2014-01-17 09:05:00,84.69921965,True
2014-01-17 09:10:00,84.89837728,True
2014-01-17 09:15:00,84.74548761,True
2014-01-17 09:20:00,85.10025072,True
2014-01-17 09:25:00,85.69626106,True
2014-01-17 09:30:00,84.32788612,True
2014-01-17 09:35:00,86.2400719,True
2014-01-17 09:40:00,85.98293725,True
2014-01-17 09:45:00,84.63906291,True
2014-01-17 09:50:00,85.74749265,True
2014-01-17 09:55:00,84.43498969,True
2014-01-17 10:00:00,85.07529234,True
2014-01-17 10:05:00,84.38977979,True
2014-01-17 10:10:00,84.83824770000003,True
2014-01-17 10:15:00,84.66282847,True
2014-01-17 10:20:00,85.12732414,True
2014-01-17 10:25:00,85.16450311,True
2014-01-17 10:30:00,84.08925817,True
2014-01-17 10:35:00,85.7151397,True
2014-01-17 10:40:00,84.56287283,True
2014-01-17 10:45:00,84.48366122,True
2014-01-17 10:50:00,84.98485055,True
2014-01-17 10:55:00,85.47090411,True
2014-01-17 11:00:00,85.13752703,True
2014-01-17 11:05:00,85.27639437,True
2014-01-17 11:10:00,83.89505341,True
2014-01-17 11:15:00,83.76760564,True
2014-01-17 11:20:00,84.45101674,True
2014-01-17 11:25:00,85.57061257,True
2014-01-17 11:30:00,85.23833343,True
2014-01-17 11:35:00,84.46031614,True
2014-01-17 11:40:00,83.6158006,True
2014-01-17 11:45:00,84.12629862,True
2014-01-17 11:50:00,84.80843057,True
2014-01-17 11:55:00,85.5016304,True
2014-01-17 12:00:00,85.782961,True
2014-01-17 12:05:00,83.50974999,True
2014-01-17 12:10:00,85.47658532,True
2014-01-17 12:15:00,84.61932307,True
2014-01-17 12:20:00,84.92712716,True
2014-01-17 12:25:00,84.3181967,True
2014-01-17 12:30:00,83.67385263,True
2014-01-17 12:35:00,84.97407898,True
2014-01-17 12:40:00,83.81104634,True
2014-01-17 12:45:00,85.25171977,True
2014-01-17 12:50:00,85.05233071,True
2014-01-17 12:55:00,83.52209957,True
2014-01-17 13:00:00,85.02070675,True
2014-01-17 13:05:00,84.42200458,True
2014-01-17 13:10:00,83.88002457,True
2014-01-17 13:15:00,85.49286981,True
2014-01-17 13:20:00,84.00699521,True
2014-01-17 13:25:00,85.39085059,True
2014-01-17 13:30:00,83.31456591,True
2014-01-17 13:35:00,84.9438645,True
2014-01-17 13:40:00,83.95601245,True
2014-01-17 13:45:00,84.16252942,True
2014-01-17 13:50:00,83.52096149,True
2014-01-17 13:55:00,85.33639229,True
2014-01-17 14:00:00,84.71949505,True
2014-01-17 14:05:00,85.25205026,True
2014-01-17 14:10:00,83.55523427,True
2014-01-17 14:15:00,84.02074525,True
2014-01-17 14:20:00,84.7967553,True
2014-01-17 14:25:00,83.90431903,True
2014-01-17 14:30:00,83.66000102,True
2014-01-17 14:35:00,84.55523169,True
2014-01-17 14:40:00,84.17059566,True
2014-01-17 14:45:00,83.01247491,True
2014-01-17 14:50:00,84.98458395,True
2014-01-17 14:55:00,84.53623883,True
2014-01-17 15:00:00,83.14609256,True
2014-01-17 15:05:00,84.44385842,True
2014-01-17 15:10:00,84.63647432,True
2014-01-17 15:15:00,84.73022562,True
2014-01-17 15:20:00,82.81273533,True
2014-01-17 15:25:00,84.44879617,True
2014-01-17 15:30:00,82.98973622,True
2014-01-17 15:35:00,84.20143470000002,True
2014-01-17 15:40:00,83.47246824,True
2014-01-17 15:45:00,83.10780907,True
2014-01-17 15:50:00,84.44743242,True
2014-01-17 15:55:00,84.30686147,True
2014-01-17 16:00:00,83.52317756,True
2014-01-17 16:05:00,84.24430827,True
2014-01-17 16:10:00,84.35026088,True
2014-01-17 16:15:00,85.28029079,True
2014-01-17 16:20:00,83.60449559999998,True
2014-01-17 16:25:00,83.50275929,True
2014-01-17 16:30:00,84.60857215,True
2014-01-17 16:35:00,83.52088649,True
2014-01-17 16:40:00,84.3188257,True
2014-01-17 16:45:00,83.88617054,True
2014-01-17 16:50:00,85.54230906,True
2014-01-17 16:55:00,85.14668774,True
2014-01-17 17:00:00,85.81034157,True
2014-01-17 17:05:00,85.39703331,True
2014-01-17 17:10:00,84.35508026,True
2014-01-17 17:15:00,84.93940242,True
2014-01-17 17:20:00,86.02754909,True
2014-01-17 17:25:00,85.65915240000002,True
2014-01-17 17:30:00,84.69117951,True
2014-01-17 17:35:00,84.32552372,True
2014-01-17 17:40:00,84.58861142,True
2014-01-17 17:45:00,85.1296061,True
2014-01-17 17:50:00,85.92792708,True
2014-01-17 17:55:00,85.95338064,True
2014-01-17 18:00:00,86.33895838,True
2014-01-17 18:05:00,85.87462944,True
2014-01-17 18:10:00,84.51688566,True
2014-01-17 18:15:00,85.45281659,True
2014-01-17 18:20:00,85.35371466,True
2014-01-17 18:25:00,86.62461739,True
2014-01-17 18:30:00,86.8686446,True
2014-01-17 18:35:00,86.62002377,True
2014-01-17 18:40:00,86.18425158,True
2014-01-17 18:45:00,86.43859311,True
2014-01-17 18:50:00,88.46702759,True
2014-01-17 18:55:00,88.59500581,True
2014-01-17 19:00:00,87.81612213,True
2014-01-17 19:05:00,87.31047386,True
2014-01-17 19:10:00,88.10313391,True
2014-01-17 19:15:00,88.61358641,True
2014-01-17 19:20:00,89.90391835,True
2014-01-17 19:25:00,89.74352097,True
2014-01-17 19:30:00,88.46360336,True
2014-01-17 19:35:00,88.30443152,True
2014-01-17 19:40:00,90.03593689,True
2014-01-17 19:45:00,88.79452267,True
2014-01-17 19:50:00,90.54727178,True
2014-01-17 19:55:00,89.92491939,True
2014-01-17 20:00:00,89.92345848,True
2014-01-17 20:05:00,88.80070404,True
2014-01-17 20:10:00,90.73452476,True
2014-01-17 20:15:00,90.18009861,True
2014-01-17 20:20:00,89.58127509,True
2014-01-17 20:25:00,89.50588647,True
2014-01-17 20:30:00,90.62774666,True
2014-01-17 20:35:00,89.3796508,True
2014-01-17 20:40:00,89.45849176,True
2014-01-17 20:45:00,89.68787897,True
2014-01-17 20:50:00,90.23998457,True
2014-01-17 20:55:00,88.97327973,True
2014-01-17 21:00:00,90.40912948,True
2014-01-17 21:05:00,90.18384564,True
2014-01-17 21:10:00,90.7266159,True
2014-01-17 21:15:00,89.70289337,True
2014-01-17 21:20:00,89.02847839,True
2014-01-17 21:25:00,90.61240862,True
2014-01-17 21:30:00,91.16123464,True
2014-01-17 21:35:00,89.21322090000002,True
2014-01-17 21:40:00,90.54705812,True
2014-01-17 21:45:00,90.50053189,True
2014-01-17 21:50:00,89.95046407,True
2014-01-17 21:55:00,89.51886331,True
2014-01-17 22:00:00,91.56630663,True
2014-01-17 22:05:00,89.43512589,True
2014-01-17 22:10:00,89.84453821,True
2014-01-17 22:15:00,89.83556532,True
2014-01-17 22:20:00,89.95206939,True
2014-01-17 22:25:00,91.5910395,True
2014-01-17 22:30:00,89.59603427,True
2014-01-17 22:35:00,90.15711973,True
2014-01-17 22:40:00,90.04607405,True
2014-01-17 22:45:00,91.23954778,True
2014-01-17 22:50:00,91.18226898,True
2014-01-17 22:55:00,91.1175897,True
2014-01-17 23:00:00,90.72995424,True
2014-01-17 23:05:00,91.62151518,True
2014-01-17 23:10:00,89.33447818,True
2014-01-17 23:15:00,90.15182085,True
2014-01-17 23:20:00,89.81081507,True
2014-01-17 23:25:00,90.47931878,True
2014-01-17 23:30:00,89.45725474,True
2014-01-17 23:35:00,90.53970423,True
2014-01-17 23:40:00,90.82184952,True
2014-01-17 23:45:00,88.95144492,True
2014-01-17 23:50:00,88.82690661,True
2014-01-17 23:55:00,91.06207386,True
2014-01-18 00:00:00,89.64828833,True
2014-01-18 00:05:00,89.62634118,True
2014-01-18 00:10:00,88.61914589,True
2014-01-18 00:15:00,89.18125138,True
2014-01-18 00:20:00,88.71520603,True
2014-01-18 00:25:00,89.87721712,True
2014-01-18 00:30:00,89.20275490000002,True
2014-01-18 00:35:00,89.8273792,True
2014-01-18 00:40:00,89.37550163,True
2014-01-18 00:45:00,90.32938153,True
2014-01-18 00:50:00,88.20506685,True
2014-01-18 00:55:00,89.25050162,True
2014-01-18 01:00:00,89.26102042,True
2014-01-18 01:05:00,88.95243794,True
2014-01-18 01:10:00,88.51003566,True
2014-01-18 01:15:00,89.64585287,True
2014-01-18 01:20:00,89.51170859999998,True
2014-01-18 01:25:00,88.10926033,True
2014-01-18 01:30:00,87.88175634,True
2014-01-18 01:35:00,89.59570688,True
2014-01-18 01:40:00,88.04219991,True
2014-01-18 01:45:00,88.91454343,True
2014-01-18 01:50:00,88.8971927,True
2014-01-18 01:55:00,88.26028253,True
2014-01-18 02:00:00,87.83463589,True
2014-01-18 02:05:00,87.51110282,True
2014-01-18 02:10:00,88.82339079,True
2014-01-18 02:15:00,86.85284664,True
2014-01-18 02:20:00,87.25703796,True
2014-01-18 02:25:00,87.84307253,True
2014-01-18 02:30:00,88.316245,True
2014-01-18 02:35:00,88.43354667,True
2014-01-18 02:40:00,89.44150533,True
2014-01-18 02:45:00,90.2570109,True
2014-01-18 02:50:00,90.86502092,True
2014-01-18 02:55:00,90.65685294,True
2014-01-18 03:00:00,92.33858695,True
2014-01-18 03:05:00,90.8345478,True
2014-01-18 03:10:00,92.61601267,True
2014-01-18 03:15:00,92.22652042,True
2014-01-18 03:20:00,92.31906278,True
2014-01-18 03:25:00,92.24737878,True
2014-01-18 03:30:00,92.33240768,True
2014-01-18 03:35:00,92.83611977,True
2014-01-18 03:40:00,93.70949341,True
2014-01-18 03:45:00,92.87070679,True
2014-01-18 03:50:00,91.46041435,True
2014-01-18 03:55:00,92.08869859,True
2014-01-18 04:00:00,91.47010694,True
2014-01-18 04:05:00,91.62406494,True
2014-01-18 04:10:00,91.02269813,True
2014-01-18 04:15:00,90.09192938,True
2014-01-18 04:20:00,89.17673122,True
2014-01-18 04:25:00,89.99384473,True
2014-01-18 04:30:00,89.96993574,True
2014-01-18 04:35:00,88.32268859,True
2014-01-18 04:40:00,88.38494990000002,True
2014-01-18 04:45:00,87.64946919,True
2014-01-18 04:50:00,88.50650109,True
2014-01-18 04:55:00,88.2152609,True
2014-01-18 05:00:00,86.55557420000002,True
2014-01-18 05:05:00,87.10877893,True
2014-01-18 05:10:00,86.91835919,True
2014-01-18 05:15:00,86.78475795,True
2014-01-18 05:20:00,85.02126116,True
2014-01-18 05:25:00,86.12272234,True
2014-01-18 05:30:00,85.49365772,True
2014-01-18 05:35:00,85.66798056,True
2014-01-18 05:40:00,84.17370084,True
2014-01-18 05:45:00,84.42349856,True
2014-01-18 05:50:00,84.11868659,True
2014-01-18 05:55:00,83.85040234,True
2014-01-18 06:00:00,83.36804434,True
2014-01-18 06:05:00,83.52761055,True
2014-01-18 06:10:00,83.66199921,True
2014-01-18 06:15:00,84.44701059,True
2014-01-18 06:20:00,83.57584042,True
2014-01-18 06:25:00,84.19113998,True
2014-01-18 06:30:00,83.63147794,True
2014-01-18 06:35:00,83.12871479,True
2014-01-18 06:40:00,82.43263371,True
2014-01-18 06:45:00,83.14680688,True
2014-01-18 06:50:00,82.91026623,True
2014-01-18 06:55:00,83.64232706,True
2014-01-18 07:00:00,81.47754563,True
2014-01-18 07:05:00,82.66725763,True
2014-01-18 07:10:00,82.97221787,True
2014-01-18 07:15:00,84.00796428,True
2014-01-18 07:20:00,83.33615446,True
2014-01-18 07:25:00,83.94596022,True
2014-01-18 07:30:00,82.59513570000001,True
2014-01-18 07:35:00,84.88591882,True
2014-01-18 07:40:00,82.68821103,True
2014-01-18 07:45:00,83.48790475,True
2014-01-18 07:50:00,83.50353231,True
2014-01-18 07:55:00,84.36555098,True
2014-01-18 08:00:00,83.96253308,True
2014-01-18 08:05:00,85.51199531,True
2014-01-18 08:10:00,84.87397482,True
2014-01-18 08:15:00,85.65396326,True
2014-01-18 08:20:00,85.69257059999998,True
2014-01-18 08:25:00,85.79015516,True
2014-01-18 08:30:00,86.48466746,True
2014-01-18 08:35:00,85.80816839,True
2014-01-18 08:40:00,84.94481925,True
2014-01-18 08:45:00,86.01336440000001,True
2014-01-18 08:50:00,86.94758538,True
2014-01-18 08:55:00,86.08223332,True
2014-01-18 09:00:00,87.5564127,True
2014-01-18 09:05:00,86.72075681,True
2014-01-18 09:10:00,86.77901286,True
2014-01-18 09:15:00,85.57944754,True
2014-01-18 09:20:00,85.55536066,True
2014-01-18 09:25:00,85.90327698,True
2014-01-18 09:30:00,85.3298108,True
2014-01-18 09:35:00,84.55933934,True
2014-01-18 09:40:00,84.84296755,True
2014-01-18 09:45:00,86.16758096,True
2014-01-18 09:50:00,85.93371935,True
2014-01-18 09:55:00,83.67662854,True
2014-01-18 10:00:00,85.00212851,True
2014-01-18 10:05:00,85.45187764,True
2014-01-18 10:10:00,83.36733215,True
2014-01-18 10:15:00,85.08014935,True
2014-01-18 10:20:00,83.95385525,True
2014-01-18 10:25:00,83.99746632,True
2014-01-18 10:30:00,83.95124318,True
2014-01-18 10:35:00,84.19375857,True
2014-01-18 10:40:00,83.87576123,True
2014-01-18 10:45:00,84.11877266,True
2014-01-18 10:50:00,83.45926905,True
2014-01-18 10:55:00,81.93235698,True
2014-01-18 11:00:00,82.53594524,True
2014-01-18 11:05:00,83.36446852,True
2014-01-18 11:10:00,81.60817956,True
2014-01-18 11:15:00,82.10447404,True
2014-01-18 11:20:00,81.21783765,True
2014-01-18 11:25:00,82.52042914,True
2014-01-18 11:30:00,80.75559997,True
2014-01-18 11:35:00,82.34124954,True
2014-01-18 11:40:00,81.80968005,True
2014-01-18 11:45:00,80.19245752,True
2014-01-18 11:50:00,81.71784288,True
2014-01-18 11:55:00,81.85732515,True
2014-01-18 12:00:00,81.17185924,True
2014-01-18 12:05:00,79.12661671,True
2014-01-18 12:10:00,79.90427271,True
2014-01-18 12:15:00,79.50436224,True
2014-01-18 12:20:00,77.97308426,True
2014-01-18 12:25:00,76.93213821,True
2014-01-18 12:30:00,76.59074411,True
2014-01-18 12:35:00,75.48021184,True
2014-01-18 12:40:00,74.86824834,True
2014-01-18 12:45:00,74.2829394,True
2014-01-18 12:50:00,73.70164938,True
2014-01-18 12:55:00,73.43263699,True
2014-01-18 13:00:00,74.40004166,True
2014-01-18 13:05:00,73.82876727,True
2014-01-18 13:10:00,72.21453603,True
2014-01-18 13:15:00,71.70537164,True
2014-01-18 13:20:00,71.87592994,True
2014-01-18 13:25:00,72.21484573,True
2014-01-18 13:30:00,73.66054305,True
2014-01-18 13:35:00,75.19738539,True
2014-01-18 13:40:00,77.63993827,True
2014-01-18 13:45:00,74.6505829,True
2014-01-18 13:50:00,74.95163128,True
2014-01-18 13:55:00,75.25359108,True
2014-01-18 14:00:00,74.48929818,True
2014-01-18 14:05:00,72.19186536,True
2014-01-18 14:10:00,72.77284144,True
2014-01-18 14:15:00,75.22694271,True
2014-01-18 14:20:00,75.90007382,True
2014-01-18 14:25:00,76.79830937,True
2014-01-18 14:30:00,77.16512011,True
2014-01-18 14:35:00,77.31857963,True
2014-01-18 14:40:00,79.08719508,True
2014-01-18 14:45:00,79.63396352,True
2014-01-18 14:50:00,80.40772627,True
2014-01-18 14:55:00,80.4917618,True
2014-01-18 15:00:00,81.55303753,True
2014-01-18 15:05:00,81.84099224,True
2014-01-18 15:10:00,81.6833392,True
2014-01-18 15:15:00,82.47044502,True
2014-01-18 15:20:00,82.05008002,True
2014-01-18 15:25:00,82.12790558,True
2014-01-18 15:30:00,83.38389709,True
2014-01-18 15:35:00,82.31960597,True
2014-01-18 15:40:00,83.1326324,True
2014-01-18 15:45:00,84.11721189,True
2014-01-18 15:50:00,84.23010543,True
2014-01-18 15:55:00,84.9618776,True
2014-01-18 16:00:00,83.88769944,True
2014-01-18 16:05:00,83.9708247,True
2014-01-18 16:10:00,85.45673016,True
2014-01-18 16:15:00,86.42101174,True
2014-01-18 16:20:00,86.21295781,True
2014-01-18 16:25:00,85.62871882,True
2014-01-18 16:30:00,86.43776056,True
2014-01-18 16:35:00,87.14193354,True
2014-01-18 16:40:00,85.40834607,True
2014-01-18 16:45:00,86.28476433,True
2014-01-18 16:50:00,87.40850768,True
2014-01-18 16:55:00,87.46144047,True
2014-01-18 17:00:00,86.82892401,True
2014-01-18 17:05:00,88.17418225,True
2014-01-18 17:10:00,87.88754435,True
2014-01-18 17:15:00,88.53233341,True
2014-01-18 17:20:00,89.02640469,True
2014-01-18 17:25:00,88.43861125,True
2014-01-18 17:30:00,89.39249432,True
2014-01-18 17:35:00,89.91837190000004,True
2014-01-18 17:40:00,88.27053455,True
2014-01-18 17:45:00,89.32827014,True
2014-01-18 17:50:00,89.44767676,True
2014-01-18 17:55:00,90.21402865,True
2014-01-18 18:00:00,91.47078765,True
2014-01-18 18:05:00,89.73379355,True
2014-01-18 18:10:00,89.95973917,True
2014-01-18 18:15:00,91.67202988,True
2014-01-18 18:20:00,90.24761928,True
2014-01-18 18:25:00,90.20682581,True
2014-01-18 18:30:00,90.49553955,True
2014-01-18 18:35:00,92.43424336,True
2014-01-18 18:40:00,91.24786926,True
2014-01-18 18:45:00,92.42833673,True
2014-01-18 18:50:00,91.485597,True
2014-01-18 18:55:00,92.96982831,True
2014-01-18 19:00:00,91.78431041,True
2014-01-18 19:05:00,92.04884093,True
2014-01-18 19:10:00,92.36431086,True
2014-01-18 19:15:00,93.13257741,True
2014-01-18 19:20:00,93.72474861,True
2014-01-18 19:25:00,93.63524934,True
2014-01-18 19:30:00,92.59854106,True
2014-01-18 19:35:00,92.74284556,True
2014-01-18 19:40:00,93.48192872,True
2014-01-18 19:45:00,92.58432688,True
2014-01-18 19:50:00,93.20916325,True
2014-01-18 19:55:00,93.51049206,True
2014-01-18 20:00:00,92.89636105,True
2014-01-18 20:05:00,93.78615245,True
2014-01-18 20:10:00,91.74588691,True
2014-01-18 20:15:00,91.7499911,True
2014-01-18 20:20:00,92.15734087,True
2014-01-18 20:25:00,91.91788964,True
2014-01-18 20:30:00,93.19085732,True
2014-01-18 20:35:00,91.13391175,True
2014-01-18 20:40:00,91.70309208,True
2014-01-18 20:45:00,91.61521895,True
2014-01-18 20:50:00,92.81165661,True
2014-01-18 20:55:00,91.8027306,True
2014-01-18 21:00:00,92.19518668,True
2014-01-18 21:05:00,91.63316448,True
2014-01-18 21:10:00,92.11739443,True
2014-01-18 21:15:00,91.65090991,True
2014-01-18 21:20:00,91.52530595,True
2014-01-18 21:25:00,91.7787041,True
2014-01-18 21:30:00,91.84858763,True
2014-01-18 21:35:00,90.02799201,True
2014-01-18 21:40:00,91.21869031,True
2014-01-18 21:45:00,89.94766504,True
2014-01-18 21:50:00,90.52673373,True
2014-01-18 21:55:00,90.90368464,True
2014-01-18 22:00:00,90.05158496,True
2014-01-18 22:05:00,89.9911059,True
2014-01-18 22:10:00,89.78685617,True
2014-01-18 22:15:00,90.76366428,True
2014-01-18 22:20:00,90.03678487,True
2014-01-18 22:25:00,91.25739074,True
2014-01-18 22:30:00,89.65267143,True
2014-01-18 22:35:00,90.3839117,True
2014-01-18 22:40:00,89.96005683,True
2014-01-18 22:45:00,90.18741859,True
2014-01-18 22:50:00,89.14537296,True
2014-01-18 22:55:00,90.22885068,True
2014-01-18 23:00:00,90.75256585,True
2014-01-18 23:05:00,90.13085049,True
2014-01-18 23:10:00,89.24526283,True
2014-01-18 23:15:00,89.51512295,True
2014-01-18 23:20:00,89.54571856,True
2014-01-18 23:25:00,88.46650583,True
2014-01-18 23:30:00,88.78874963,True
2014-01-18 23:35:00,89.07027158,True
2014-01-18 23:40:00,89.87268651,True
2014-01-18 23:45:00,89.03774369,True
2014-01-18 23:50:00,88.40812365,True
2014-01-18 23:55:00,89.58571498,True
2014-01-19 00:00:00,89.76545346,True
2014-01-19 00:05:00,89.75997831,True
2014-01-19 00:10:00,88.4578365,True
2014-01-19 00:15:00,89.10437275,True
2014-01-19 00:20:00,90.669701,True
2014-01-19 00:25:00,90.61543494,True
2014-01-19 00:30:00,90.85518274,True
2014-01-19 00:35:00,90.73997028,True
2014-01-19 00:40:00,91.46876109,True
2014-01-19 00:45:00,91.31891126,True
2014-01-19 00:50:00,92.48372401,True
2014-01-19 00:55:00,92.00464888,True
2014-01-19 01:00:00,91.46123217,True
2014-01-19 01:05:00,91.89147299,True
2014-01-19 01:10:00,92.91777581,True
2014-01-19 01:15:00,93.90138328,True
2014-01-19 01:20:00,92.22719237,True
2014-01-19 01:25:00,91.93348229,True
2014-01-19 01:30:00,93.24886169,True
2014-01-19 01:35:00,92.87270938,True
2014-01-19 01:40:00,91.70249198,True
2014-01-19 01:45:00,90.85432455,True
2014-01-19 01:50:00,91.03028372,True
2014-01-19 01:55:00,91.4444661,True
2014-01-19 02:00:00,89.38931162,True
2014-01-19 02:05:00,88.55385394,True
2014-01-19 02:10:00,89.29190111,True
2014-01-19 02:15:00,89.44689039,True
2014-01-19 02:20:00,88.71498976,True
2014-01-19 02:25:00,87.05367606,True
2014-01-19 02:30:00,87.56934108,True
2014-01-19 02:35:00,86.63957853,True
2014-01-19 02:40:00,87.73272383,True
2014-01-19 02:45:00,87.12131493,True
2014-01-19 02:50:00,86.3161824,True
2014-01-19 02:55:00,87.22562136,True
2014-01-19 03:00:00,88.52686592,True
2014-01-19 03:05:00,89.1467384,True
2014-01-19 03:10:00,89.50652938,True
2014-01-19 03:15:00,90.27086695,True
2014-01-19 03:20:00,88.61211764,True
2014-01-19 03:25:00,89.1473961,True
2014-01-19 03:30:00,91.03478432,True
2014-01-19 03:35:00,91.30256368,True
2014-01-19 03:40:00,92.03381327,True
2014-01-19 03:45:00,90.56862722,True
2014-01-19 03:50:00,92.53769917,True
2014-01-19 03:55:00,91.30175858,True
2014-01-19 04:00:00,91.60363475,True
2014-01-19 04:05:00,91.41174359,True
2014-01-19 04:10:00,91.83092359,True
2014-01-19 04:15:00,89.85380545,True
2014-01-19 04:20:00,91.01689658,True
2014-01-19 04:25:00,89.40035909999996,True
2014-01-19 04:30:00,88.66580177,True
2014-01-19 04:35:00,88.30780451,True
2014-01-19 04:40:00,88.33212811,True
2014-01-19 04:45:00,89.07542119,True
2014-01-19 04:50:00,89.32707515,True
2014-01-19 04:55:00,88.23155691,True
2014-01-19 05:00:00,88.28119759999998,True
2014-01-19 05:05:00,89.39945865,True
2014-01-19 05:10:00,89.70644703,True
2014-01-19 05:15:00,88.13490963,True
2014-01-19 05:20:00,89.26325262,True
2014-01-19 05:25:00,88.20385674,True
2014-01-19 05:30:00,89.81307154,True
2014-01-19 05:35:00,90.21746703,True
2014-01-19 05:40:00,88.88661426,True
2014-01-19 05:45:00,89.57238872,True
2014-01-19 05:50:00,89.29165964,True
2014-01-19 05:55:00,88.49607297,True
2014-01-19 06:00:00,90.55669765,True
2014-01-19 06:05:00,90.50427453,True
2014-01-19 06:10:00,90.0707403,True
2014-01-19 06:15:00,89.21904285,True
2014-01-19 06:20:00,89.42664776,True
2014-01-19 06:25:00,89.43002054,True
2014-01-19 06:30:00,91.02915784,True
2014-01-19 06:35:00,90.331657,True
2014-01-19 06:40:00,89.99616569,True
2014-01-19 06:45:00,90.55490727,True
2014-01-19 06:50:00,90.63985065,True
2014-01-19 06:55:00,91.48245523,True
2014-01-19 07:00:00,91.08500158,True
2014-01-19 07:05:00,89.83209728,True
2014-01-19 07:10:00,90.43019234,True
2014-01-19 07:15:00,89.83342075,True
2014-01-19 07:20:00,89.92193116,True
2014-01-19 07:25:00,89.85307993,True
2014-01-19 07:30:00,91.36526382,True
2014-01-19 07:35:00,89.81376329999998,True
2014-01-19 07:40:00,90.32199036,True
2014-01-19 07:45:00,91.17061252,True
2014-01-19 07:50:00,91.95787736,True
2014-01-19 07:55:00,89.70964167,True
2014-01-19 08:00:00,91.49621506,True
2014-01-19 08:05:00,90.50636731,True
2014-01-19 08:10:00,91.17318035,True
2014-01-19 08:15:00,90.48053045,True
2014-01-19 08:20:00,91.92983409,True
2014-01-19 08:25:00,91.83347868,True
2014-01-19 08:30:00,91.4632965,True
2014-01-19 08:35:00,89.83520032,True
2014-01-19 08:40:00,90.90244438,True
2014-01-19 08:45:00,91.61132609,True
2014-01-19 08:50:00,90.92910922,True
2014-01-19 08:55:00,90.2493097,True
2014-01-19 09:00:00,90.0378427,True
2014-01-19 09:05:00,89.74886723,True
2014-01-19 09:10:00,91.68572613,True
2014-01-19 09:15:00,91.35835861,True
2014-01-19 09:20:00,90.04492265,True
2014-01-19 09:25:00,90.46714044,True
2014-01-19 09:30:00,91.97862557,True
2014-01-19 09:35:00,90.75425061,True
2014-01-19 09:40:00,91.75952144,True
2014-01-19 09:45:00,90.34552628,True
2014-01-19 09:50:00,90.52220288,True
2014-01-19 09:55:00,90.20191957,True
2014-01-19 10:00:00,91.63284123,True
2014-01-19 10:05:00,91.37959366,True
2014-01-19 10:10:00,91.90294189,True
2014-01-19 10:15:00,91.65376159,True
2014-01-19 10:20:00,90.03555872,True
2014-01-19 10:25:00,91.17078612,True
2014-01-19 10:30:00,90.76482746,True
2014-01-19 10:35:00,90.10878009,True
2014-01-19 10:40:00,90.58917134,True
2014-01-19 10:45:00,89.39683595,True
2014-01-19 10:50:00,90.65055608,True
2014-01-19 10:55:00,88.93723069,True
2014-01-19 11:00:00,90.83709511,True
2014-01-19 11:05:00,90.21197088,True
2014-01-19 11:10:00,90.00897039,True
2014-01-19 11:15:00,89.16804647,True
2014-01-19 11:20:00,90.08441135,True
2014-01-19 11:25:00,88.47540112,True
2014-01-19 11:30:00,89.94592116,True
2014-01-19 11:35:00,90.11457856,True
2014-01-19 11:40:00,88.31135927,True
2014-01-19 11:45:00,88.22473488,True
2014-01-19 11:50:00,88.59001512,True
2014-01-19 11:55:00,90.53897506,True
2014-01-19 12:00:00,89.01405678,True
2014-01-19 12:05:00,89.42626738,True
2014-01-19 12:10:00,88.20686312,True
2014-01-19 12:15:00,90.05138008,True
2014-01-19 12:20:00,88.91318417,True
2014-01-19 12:25:00,89.28216232,True
2014-01-19 12:30:00,88.23879699999998,True
2014-01-19 12:35:00,88.35796652,True
2014-01-19 12:40:00,89.00477972,True
2014-01-19 12:45:00,88.31409087,True
2014-01-19 12:50:00,89.77133939,True
2014-01-19 12:55:00,89.09909244,True
2014-01-19 13:00:00,88.20448573,True
2014-01-19 13:05:00,89.31075812,True
2014-01-19 13:10:00,88.55307407,True
2014-01-19 13:15:00,89.39251858,True
2014-01-19 13:20:00,88.76501867,True
2014-01-19 13:25:00,90.22636315,True
2014-01-19 13:30:00,88.58938957,True
2014-01-19 13:35:00,89.66646884,True
2014-01-19 13:40:00,90.1172094,True
2014-01-19 13:45:00,89.83273344,True
2014-01-19 13:50:00,89.89943527,True
2014-01-19 13:55:00,89.37927965,True
2014-01-19 14:00:00,90.32362487,True
2014-01-19 14:05:00,88.83312498,True
2014-01-19 14:10:00,89.04976923,True
2014-01-19 14:15:00,89.24579731,True
2014-01-19 14:20:00,88.87680798,True
2014-01-19 14:25:00,90.55737832,True
2014-01-19 14:30:00,88.68400015,True
2014-01-19 14:35:00,90.35722678,True
2014-01-19 14:40:00,89.11365929,True
2014-01-19 14:45:00,89.65553949,True
2014-01-19 14:50:00,89.86050544,True
2014-01-19 14:55:00,90.19118914,True
2014-01-19 15:00:00,89.06823926,True
2014-01-19 15:05:00,88.3631771,True
2014-01-19 15:10:00,89.79144751,True
2014-01-19 15:15:00,89.58841389,True
2014-01-19 15:20:00,89.56511077,True
2014-01-19 15:25:00,88.44750196,True
2014-01-19 15:30:00,88.26827369,True
2014-01-19 15:35:00,88.47952063,True
2014-01-19 15:40:00,89.66232087,True
2014-01-19 15:45:00,89.29636466,True
2014-01-19 15:50:00,90.4545307,True
2014-01-19 15:55:00,89.80229921,True
2014-01-19 16:00:00,88.29787464,True
2014-01-19 16:05:00,88.8842733,True
2014-01-19 16:10:00,90.10834269,True
2014-01-19 16:15:00,90.58510863,True
2014-01-19 16:20:00,88.27205033,True
2014-01-19 16:25:00,89.78683882,True
2014-01-19 16:30:00,88.91281759,True
2014-01-19 16:35:00,90.0539071,True
2014-01-19 16:40:00,89.70977728,True
2014-01-19 16:45:00,89.29665052,True
2014-01-19 16:50:00,88.68414802,True
2014-01-19 16:55:00,88.53560258,True
2014-01-19 17:00:00,89.22237555,True
2014-01-19 17:05:00,90.42488713,True
2014-01-19 17:10:00,89.03474240000001,True
2014-01-19 17:15:00,90.33480146,True
2014-01-19 17:20:00,88.65660453,True
2014-01-19 17:25:00,89.65673849,True
2014-01-19 17:30:00,89.48357912,True
2014-01-19 17:35:00,89.72146985,True
2014-01-19 17:40:00,90.24919883,True
2014-01-19 17:45:00,88.66635229,True
2014-01-19 17:50:00,90.38958786,True
2014-01-19 17:55:00,90.34327714,True
2014-01-19 18:00:00,89.42973917,True
2014-01-19 18:05:00,91.15559446,True
2014-01-19 18:10:00,90.44413815,True
2014-01-19 18:15:00,89.40423675,True
2014-01-19 18:20:00,89.95501534,True
2014-01-19 18:25:00,90.55004995,True
2014-01-19 18:30:00,90.15249136,True
2014-01-19 18:35:00,90.45809349,True
2014-01-19 18:40:00,91.8352313,True
2014-01-19 18:45:00,89.79047244,True
2014-01-19 18:50:00,91.50262287,True
2014-01-19 18:55:00,91.79939988,True
2014-01-19 19:00:00,91.0167815,True
2014-01-19 19:05:00,91.06054882,True
2014-01-19 19:10:00,92.26922127,True
2014-01-19 19:15:00,91.08729773,True
2014-01-19 19:20:00,92.63072154,True
2014-01-19 19:25:00,91.72381296,True
2014-01-19 19:30:00,90.99951147,True
2014-01-19 19:35:00,90.94313227,True
2014-01-19 19:40:00,92.81333319,True
2014-01-19 19:45:00,90.86750144,True
2014-01-19 19:50:00,92.29943202,True
2014-01-19 19:55:00,92.27144378,True
2014-01-19 20:00:00,91.9619374,True
2014-01-19 20:05:00,91.49101424,True
2014-01-19 20:10:00,90.90993461,True
2014-01-19 20:15:00,90.60963919,True
2014-01-19 20:20:00,91.88468738,True
2014-01-19 20:25:00,91.85452242,True
2014-01-19 20:30:00,91.96636451,True
2014-01-19 20:35:00,92.13911226,True
2014-01-19 20:40:00,91.54458927,True
2014-01-19 20:45:00,90.77922673,True
2014-01-19 20:50:00,90.01719506,True
2014-01-19 20:55:00,89.66440856,True
2014-01-19 21:00:00,91.19090487,True
2014-01-19 21:05:00,90.28036927,True
2014-01-19 21:10:00,90.90459678,True
2014-01-19 21:15:00,89.9271769,True
2014-01-19 21:20:00,90.48611192,True
2014-01-19 21:25:00,91.8529268,True
2014-01-19 21:30:00,92.02152069,True
2014-01-19 21:35:00,92.36517679,True
2014-01-19 21:40:00,92.83700172,True
2014-01-19 21:45:00,91.70746599,True
2014-01-19 21:50:00,92.91996935,True
2014-01-19 21:55:00,92.22384221,True
2014-01-19 22:00:00,93.01859086,True
2014-01-19 22:05:00,93.6259984,True
2014-01-19 22:10:00,94.95568272,True
2014-01-19 22:15:00,94.81118222,True
2014-01-19 22:20:00,94.8630024,True
2014-01-19 22:25:00,95.01835677,True
2014-01-19 22:30:00,95.0493665,True
2014-01-19 22:35:00,94.61392361,True
2014-01-19 22:40:00,93.36261139,True
2014-01-19 22:45:00,94.40304313,True
2014-01-19 22:50:00,93.85779117,True
2014-01-19 22:55:00,92.82912721,True
2014-01-19 23:00:00,93.23487579,True
2014-01-19 23:05:00,93.56903372,True
2014-01-19 23:10:00,93.06119611,True
2014-01-19 23:15:00,91.65513453,True
2014-01-19 23:20:00,90.82976306,True
2014-01-19 23:25:00,91.42853579,True
2014-01-19 23:30:00,90.25187793,True
2014-01-19 23:35:00,91.26149784,True
2014-01-19 23:40:00,90.61755204,True
2014-01-19 23:45:00,88.40579547,True
2014-01-19 23:50:00,88.82623683,True
2014-01-19 23:55:00,90.03453146,True
2014-01-20 00:00:00,88.94734643,True
2014-01-20 00:05:00,89.56309243,True
2014-01-20 00:10:00,88.68629207,True
2014-01-20 00:15:00,89.11133333,True
2014-01-20 00:20:00,90.14792874,True
2014-01-20 00:25:00,89.53008729,True
2014-01-20 00:30:00,89.51503124,True
2014-01-20 00:35:00,90.40098048,True
2014-01-20 00:40:00,90.7511684,True
2014-01-20 00:45:00,90.99730366,True
2014-01-20 00:50:00,91.64888059,True
2014-01-20 00:55:00,90.27786431,True
2014-01-20 01:00:00,91.09002633,True
2014-01-20 01:05:00,90.0125807,True
2014-01-20 01:10:00,91.37449098,True
2014-01-20 01:15:00,90.3604073,True
2014-01-20 01:20:00,91.41584212,True
2014-01-20 01:25:00,92.55720793,True
2014-01-20 01:30:00,92.17199187,True
2014-01-20 01:35:00,91.54618064,True
2014-01-20 01:40:00,90.75614819,True
2014-01-20 01:45:00,91.20031311,True
2014-01-20 01:50:00,93.14082985,True
2014-01-20 01:55:00,92.97476478,True
2014-01-20 02:00:00,90.98538909,True
2014-01-20 02:05:00,91.38476121,True
2014-01-20 02:10:00,90.66840754,True
2014-01-20 02:15:00,90.68601228,True
2014-01-20 02:20:00,90.98261115,True
2014-01-20 02:25:00,89.39369179,True
2014-01-20 02:30:00,90.18163694,True
2014-01-20 02:35:00,89.60789678,True
2014-01-20 02:40:00,89.86324528,True
2014-01-20 02:45:00,88.75006087,True
2014-01-20 02:50:00,89.17826376,True
2014-01-20 02:55:00,88.32241428,True
2014-01-20 03:00:00,88.9810229,True
2014-01-20 03:05:00,88.90433455,True
2014-01-20 03:10:00,88.24004661,True
2014-01-20 03:15:00,89.59075294,True
2014-01-20 03:20:00,88.23978816,True
2014-01-20 03:25:00,89.06809559999998,True
2014-01-20 03:30:00,89.18299886,True
2014-01-20 03:35:00,90.19202718,True
2014-01-20 03:40:00,88.97773755,True
2014-01-20 03:45:00,89.82172509,True
2014-01-20 03:50:00,90.74788653,True
2014-01-20 03:55:00,90.1061934,True
2014-01-20 04:00:00,89.58175018,True
2014-01-20 04:05:00,89.133053,True
2014-01-20 04:10:00,89.09861663,True
2014-01-20 04:15:00,90.90100094,True
2014-01-20 04:20:00,89.34559354,True
2014-01-20 04:25:00,90.33929745,True
2014-01-20 04:30:00,90.4855155,True
2014-01-20 04:35:00,91.05940362,True
2014-01-20 04:40:00,92.05080124,True
2014-01-20 04:45:00,91.06593601,True
2014-01-20 04:50:00,90.29225961,True
2014-01-20 04:55:00,90.67048763,True
2014-01-20 05:00:00,90.67641081,True
2014-01-20 05:05:00,90.65003803,True
2014-01-20 05:10:00,92.88405093,True
2014-01-20 05:15:00,91.24927057,True
2014-01-20 05:20:00,91.90174781,True
2014-01-20 05:25:00,92.29848048,True
2014-01-20 05:30:00,91.2863977,True
2014-01-20 05:35:00,91.06277639,True
2014-01-20 05:40:00,91.64421083,True
2014-01-20 05:45:00,90.66991235,True
2014-01-20 05:50:00,92.58716587,True
2014-01-20 05:55:00,91.14489912,True
2014-01-20 06:00:00,92.22463012,True
2014-01-20 06:05:00,90.63217784,True
2014-01-20 06:10:00,91.56235925,True
2014-01-20 06:15:00,90.11090785,True
2014-01-20 06:20:00,91.23785754,True
2014-01-20 06:25:00,91.37574337,True
2014-01-20 06:30:00,90.89023679,True
2014-01-20 06:35:00,91.25113494,True
2014-01-20 06:40:00,90.03837711,True
2014-01-20 06:45:00,89.74649708,True
2014-01-20 06:50:00,90.25430613,True
2014-01-20 06:55:00,89.45691733,True
2014-01-20 07:00:00,90.22507267,True
2014-01-20 07:05:00,89.13422521,True
2014-01-20 07:10:00,89.36110668,True
2014-01-20 07:15:00,89.85947581,True
2014-01-20 07:20:00,90.7067029,True
2014-01-20 07:25:00,90.03907797,True
2014-01-20 07:30:00,89.23416952,True
2014-01-20 07:35:00,88.61202956,True
2014-01-20 07:40:00,89.6218545,True
2014-01-20 07:45:00,90.40560825,True
2014-01-20 07:50:00,90.13955086,True
2014-01-20 07:55:00,90.18556931,True
2014-01-20 08:00:00,90.11016113,True
2014-01-20 08:05:00,88.99584988,True
2014-01-20 08:10:00,89.48238811,True
2014-01-20 08:15:00,89.73112772,True
2014-01-20 08:20:00,88.40175584,True
2014-01-20 08:25:00,89.48365818,True
2014-01-20 08:30:00,88.05449891,True
2014-01-20 08:35:00,88.25116414,True
2014-01-20 08:40:00,87.49537619,True
2014-01-20 08:45:00,87.75708564,True
2014-01-20 08:50:00,89.12606985,True
2014-01-20 08:55:00,88.65599517,True
2014-01-20 09:00:00,87.98584538,True
2014-01-20 09:05:00,89.22691495,True
2014-01-20 09:10:00,87.37725879,True
2014-01-20 09:15:00,88.5494137,True
2014-01-20 09:20:00,88.50150775,True
2014-01-20 09:25:00,88.4876347,True
2014-01-20 09:30:00,87.04245961,True
2014-01-20 09:35:00,87.82344287,True
2014-01-20 09:40:00,88.11026821,True
2014-01-20 09:45:00,86.24814867,True
2014-01-20 09:50:00,86.13144848,True
2014-01-20 09:55:00,87.14246024,True
2014-01-20 10:00:00,86.43113965,True
2014-01-20 10:05:00,85.89539407,True
2014-01-20 10:10:00,87.70045673,True
2014-01-20 10:15:00,86.99285852,True
2014-01-20 10:20:00,86.00466655,True
2014-01-20 10:25:00,85.10860377,True
2014-01-20 10:30:00,86.99880383,True
2014-01-20 10:35:00,84.88611916,True
2014-01-20 10:40:00,85.70646226,True
2014-01-20 10:45:00,86.46014936,True
2014-01-20 10:50:00,84.39882979,True
2014-01-20 10:55:00,86.25047782,True
2014-01-20 11:00:00,84.83579007,True
2014-01-20 11:05:00,85.44362887,True
2014-01-20 11:10:00,85.74475149,True
2014-01-20 11:15:00,84.59351311,True
2014-01-20 11:20:00,84.95866927,True
2014-01-20 11:25:00,85.33150184,True
2014-01-20 11:30:00,84.02671805,True
2014-01-20 11:35:00,84.90208955,True
2014-01-20 11:40:00,83.69482924,True
2014-01-20 11:45:00,84.14823707,True
2014-01-20 11:50:00,83.2347479,True
2014-01-20 11:55:00,84.92235752,True
2014-01-20 12:00:00,84.62544801,True
2014-01-20 12:05:00,83.17806886,True
2014-01-20 12:10:00,83.83479375,True
2014-01-20 12:15:00,83.24990967,True
2014-01-20 12:20:00,84.80099204,True
2014-01-20 12:25:00,83.33193972,True
2014-01-20 12:30:00,82.19424029,True
2014-01-20 12:35:00,80.41283047,True
2014-01-20 12:40:00,77.50819244,True
2014-01-20 12:45:00,77.09422106,True
2014-01-20 12:50:00,75.32262225,True
2014-01-20 12:55:00,78.01281553,True
2014-01-20 13:00:00,78.58458848,True
2014-01-20 13:05:00,78.03233418,True
2014-01-20 13:10:00,80.20253909,True
2014-01-20 13:15:00,78.09908627,False
2014-01-20 13:20:00,75.88958547,False
2014-01-20 13:25:00,77.06764235,False
2014-01-20 13:30:00,73.7368686,False
2014-01-20 13:35:00,74.87245502,False
2014-01-20 13:40:00,72.86555515,False
2014-01-20 13:45:00,71.66754158,False
2014-01-20 13:50:00,72.69246073,False
2014-01-20 13:55:00,72.88482383,False
2014-01-20 14:00:00,72.33352948,False
2014-01-20 14:05:00,72.63230974,False
2014-01-20 14:10:00,75.00117508,False
2014-01-20 14:15:00,75.28165612,False
2014-01-20 14:20:00,76.88120083,False
2014-01-20 14:25:00,75.54687208,False
2014-01-20 14:30:00,77.72713033,False
2014-01-20 14:35:00,77.22076461,False
2014-01-20 14:40:00,76.7629115,False
2014-01-20 14:45:00,76.82345698,False
2014-01-20 14:50:00,77.80113549,False
2014-01-20 14:55:00,75.7698132,False
2014-01-20 15:00:00,77.58459181,False
2014-01-20 15:05:00,77.38344078,False
2014-01-20 15:10:00,77.4557985,False
2014-01-20 15:15:00,75.07637951,False
2014-01-20 15:20:00,76.12855192,False
2014-01-20 15:25:00,75.92336329,False
2014-01-20 15:30:00,73.12806433,False
2014-01-20 15:35:00,74.11499667,False
2014-01-20 15:40:00,73.56780082,False
2014-01-20 15:45:00,72.75386658,False
2014-01-20 15:50:00,71.02464328,False
2014-01-20 15:55:00,71.57809654,False
2014-01-20 16:00:00,71.94931244,False
2014-01-20 16:05:00,69.05976999,False
2014-01-20 16:10:00,69.21426591,False
