idx,name,horizon,retrain_type,n_retrain,RMSE_Arima_rec_without_retrain0,sMAPE_Arima_rec_without_retrain0,MASE_Arima_rec_without_retrain0,recommended_Arima_rec_without_retrain0,rec_seconds_Arima_rec_without_retrain0,fit_seconds_Arima_rec_without_retrain0,rec_params_Arima_rec_without_retrain0,RMSE_Arima_without_retrain0,sMAPE_Arima_without_retrain0,MASE_Arima_without_retrain0,recommended_Arima_without_retrain0,rec_seconds_Arima_without_retrain0,fit_seconds_Arima_without_retrain0,rec_params_Arima_without_retrain0,RMSE_AutoETS_without_retrain0,sMAPE_AutoETS_without_retrain0,MASE_AutoETS_without_retrain0,recommended_AutoETS_without_retrain0,rec_seconds_AutoETS_without_retrain0,fit_seconds_AutoETS_without_retrain0,rec_params_AutoETS_without_retrain0,RMSE_ETS_rec_without_retrain0,sMAPE_ETS_rec_without_retrain0,MASE_ETS_rec_without_retrain0,recommended_ETS_rec_without_retrain0,rec_seconds_ETS_rec_without_retrain0,fit_seconds_ETS_rec_without_retrain0,rec_params_ETS_rec_without_retrain0,RMSE_ETS_without_retrain0,sMAPE_ETS_without_retrain0,MASE_ETS_without_retrain0,recommended_ETS_without_retrain0,rec_seconds_ETS_without_retrain0,fit_seconds_ETS_without_retrain0,rec_params_ETS_without_retrain0,RMSE_ExtraTreesForecaster_rec_without_retrain0,sMAPE_ExtraTreesForecaster_rec_without_retrain0,MASE_ExtraTreesForecaster_rec_without_retrain0,recommended_ExtraTreesForecaster_rec_without_retrain0,rec_seconds_ExtraTreesForecaster_rec_without_retrain0,fit_seconds_ExtraTreesForecaster_rec_without_retrain0,rec_params_ExtraTreesForecaster_rec_without_retrain0,RMSE_ExtraTreesForecaster_without_retrain0,sMAPE_ExtraTreesForecaster_without_retrain0,MASE_ExtraTreesForecaster_without_retrain0,recommended_ExtraTreesForecaster_without_retrain0,rec_seconds_ExtraTreesForecaster_without_retrain0,fit_seconds_ExtraTreesForecaster_without_retrain0,rec_params_ExtraTreesForecaster_without_retrain0,RMSE_LGBMForecaster_rec_without_retrain0,sMAPE_LGBMForecaster_rec_without_retrain0,MASE_LGBMForecaster_rec_without_retrain0,recommended_LGBMForecaster_rec_without_retrain0,rec_seconds_LGBMForecaster_rec_without_retrain0,fit_seconds_LGBMForecaster_rec_without_retrain0,rec_params_LGBMForecaster_rec_without_retrain0,RMSE_LGBMForecaster_without_retrain0,sMAPE_LGBMForecaster_without_retrain0,MASE_LGBMForecaster_without_retrain0,recommended_LGBMForecaster_without_retrain0,rec_seconds_LGBMForecaster_without_retrain0,fit_seconds_LGBMForecaster_without_retrain0,rec_params_LGBMForecaster_without_retrain0,RMSE_Prophet_rec_without_retrain0,sMAPE_Prophet_rec_without_retrain0,MASE_Prophet_rec_without_retrain0,recommended_Prophet_rec_without_retrain0,rec_seconds_Prophet_rec_without_retrain0,fit_seconds_Prophet_rec_without_retrain0,rec_params_Prophet_rec_without_retrain0,RMSE_Prophet_without_retrain0,sMAPE_Prophet_without_retrain0,MASE_Prophet_without_retrain0,recommended_Prophet_without_retrain0,rec_seconds_Prophet_without_retrain0,fit_seconds_Prophet_without_retrain0,rec_params_Prophet_without_retrain0,RMSE_RandomForestForecaster_rec_without_retrain0,sMAPE_RandomForestForecaster_rec_without_retrain0,MASE_RandomForestForecaster_rec_without_retrain0,recommended_RandomForestForecaster_rec_without_retrain0,rec_seconds_RandomForestForecaster_rec_without_retrain0,fit_seconds_RandomForestForecaster_rec_without_retrain0,rec_params_RandomForestForecaster_rec_without_retrain0,RMSE_RandomForestForecaster_without_retrain0,sMAPE_RandomForestForecaster_without_retrain0,MASE_RandomForestForecaster_without_retrain0,recommended_RandomForestForecaster_without_retrain0,rec_seconds_RandomForestForecaster_without_retrain0,fit_seconds_RandomForestForecaster_without_retrain0,rec_params_RandomForestForecaster_without_retrain0
0,mt_000,10800.0,without_retrain,0,18.16944636085493,25.28975061887527,1.8290858690904608,1,1.792,0.173,"{""order"": [1, 1, 2]}",18.37014344929672,25.61951091592317,1.8500151244341108,0,0.0,15.128,,18.925725392093906,26.504701833261112,1.905932720443184,0,0.0,0.617,,18.306193400033997,25.538182089322092,1.8447876101963072,1,0.033,0.058,"{""error"": ""add"", ""trend"": ""add"", ""damped_trend"": true, ""seasonal"": null, ""seasonal_periods"": null}",18.306193400033997,25.538182089322092,1.8447876101963072,0,0.0,0.065,,19.89160324119279,28.01297398850631,1.999851937915748,1,0.295,0.761,"{""maxlags"": 49}",21.713988983267857,30.875277029889865,2.1720629529222943,0,0.0,0.475,,22.06890177257872,31.494695299013124,2.211637038509505,1,0.441,56.333,"{""maxlags"": 49}",22.30449084880553,32.10111282953773,2.2488742366316163,0,0.0,47.445,,13.7013733191978,18.531217237399623,1.3841381467639655,1,0.36,0.823,"{""yearly_seasonality"": false, ""weekly_seasonality"": false, ""daily_seasonality"": true, ""seasonality_mode"": ""additive""}",13.7013733191978,18.531217237399623,1.3841381467639655,0,0.0,0.639,,18.61010897178448,26.027867462478923,1.8757896269957317,1,0.351,2.454,"{""maxlags"": 49}",21.657235331315743,30.8526136520702,2.17365338255772,0,0.0,1.224,
1,mt_001,10800.0,without_retrain,0,1.776300821300748,1.6609247774537237,0.1246283678592045,1,1.524,0.105,"{""order"": [1, 1, 2]}",1.8911045802120672,1.768136844305235,0.1325795827158531,0,0.0,4.783,,2.377081763200694,2.3048291076028726,0.1722725613893564,0,0.0,0.216,,2.377081763200694,2.3048291076028726,0.1722725613893564,1,0.029,0.051,"{""error"": ""add"", ""trend"": ""add"", ""damped_trend"": true, ""seasonal"": null, ""seasonal_periods"": null}",2.377081763200694,2.3048291076028726,0.1722725613893564,0,0.0,0.065,,1.8267135534314836,1.720836468545515,0.129076576823089,1,0.032,1.668,"{""maxlags"": 134}",1.7233174291754694,1.5921654160834138,0.119519258459729,0,0.0,0.5,,1.323316539509692,1.167196386913274,0.0878557786965829,1,0.035,14.656,"{""maxlags"": 134}",1.6016326485486332,1.4565968766018194,0.1094320030934302,0,0.0,23.317,,2.0111986656152334,1.963376272532846,0.1470611073478261,1,0.186,2.23,"{""yearly_seasonality"": false, ""weekly_seasonality"": false, ""daily_seasonality"": false, ""seasonality_mode"": ""additive""}",4.538805084845957,4.628685359959292,0.341624029845185,0,0.0,0.639,,1.8533989248401292,1.7499734265240363,0.1312369184661608,1,0.034,5.964,"{""maxlags"": 134}",1.917116936884766,1.8355697881381925,0.1375874129731185,0,0.0,1.224,
2,mt_002,10800.0,without_retrain,0,5.2761902654081725,4.684482763635766,0.305564375595449,1,2.234,0.19,"{""order"": [1, 1, 3]}",23.859164255803567,22.36807984578691,1.2233700705589234,0,0.0,15.483,,26.23316005836651,28.09820618599056,1.5318449883619898,0,0.0,5.105,,1.067380816934475,0.8386439226825141,0.0531547728942215,1,0.03,0.059,"{""error"": ""add"", ""trend"": ""add"", ""damped_trend"": true, ""seasonal"": null, ""seasonal_periods"": null}",1.067380816934475,0.8386439226825141,0.0531547728942215,0,0.0,0.066,,1.8174692643725576,1.5482168058246968,0.097623873299386,1,0.038,1.296,"{""maxlags"": 126}",2.3331714301313218,2.10945426372306,0.1325623789092067,0,0.0,0.471,,2.3114452692767617,2.022251762668564,0.1271277526771867,1,0.04,4.916,"{""maxlags"": 126}",1.317579102510387,1.0353394038115011,0.0656463477252555,0,0.0,6.882,,67.88463662955326,101.67966020355556,4.270533127939149,1,0.707,1.638,"{""yearly_seasonality"": false, ""weekly_seasonality"": false, ""daily_seasonality"": false, ""seasonality_mode"": ""additive""}",67.26602896731322,100.25214391099038,4.228200626988199,0,0.0,0.599,,1.1115612636360728,0.8582857179642976,0.0543781960791713,1,0.037,6.081,"{""maxlags"": 126}",2.2235487864730863,1.9045303522030217,0.1198181130770967,0,0.0,1.278,
3,mt_003,10800.0,without_retrain,0,2.0201556266102005,1.8799285871217477,0.1133780782868782,1,2.368,0.16,"{""order"": [1, 1, 3]}",2.912066563242906,2.756675774280327,0.1653498578316317,0,0.0,14.131,,1.3255579711229253,1.1724044811543817,0.0709836480466377,0,0.0,8.279,,1.053910853297977,0.902861351047946,0.0548049045734196,1,0.03,0.044,"{""error"": ""add"", ""trend"": ""add"", ""damped_trend"": true, ""seasonal"": null, ""seasonal_periods"": null}",1.053910853297977,0.902861351047946,0.0548049045734196,0,0.0,0.06,,2.151277624689809,2.01218022442472,0.1212519246305327,1,0.037,1.245,"{""maxlags"": 114}",1.7270048666741262,1.5454817606751234,0.0934050376470549,0,0.0,0.446,,1.312127450731081,1.0961590192200346,0.0664494562296988,1,0.042,5.376,"{""maxlags"": 114}",1.4534702346408828,1.2745298433154106,0.0771701963839009,0,0.0,6.145,,0.9144230984183436,0.7444159362358435,0.0452183332179121,1,0.229,1.265,"{""yearly_seasonality"": false, ""weekly_seasonality"": false, ""daily_seasonality"": true, ""seasonality_mode"": ""additive""}",0.9144230984183436,0.7444159362358435,0.0452183332179121,0,0.0,0.705,,2.168942344966434,1.975750960871294,0.1190599824889003,1,0.046,5.597,"{""maxlags"": 114}",1.8025898538882177,1.6037233088899705,0.0968806844803533,0,0.0,1.317,
4,mt_004,10800.0,without_retrain,0,3.7720861699019608,3.619559719965019,0.4982536850731149,1,2.293,0.098,"{""order"": [1, 1, 2]}",3.4554649129902897,3.248199891443635,0.4482387005817023,0,0.0,3.52,,4.207725111426387,4.153805143154178,0.5695058320368755,0,0.0,20.994,,3.146091113881838,3.0553160707664304,0.4220260118380999,1,0.031,0.062,"{""error"": ""add"", ""trend"": ""add"", ""damped_trend"": true, ""seasonal"": null, ""seasonal_periods"": null}",3.146091113881838,3.0553160707664304,0.4220260118380999,0,0.0,0.083,,3.185899734972575,3.0119088778622003,0.416250191612972,1,0.042,0.912,"{""maxlags"": 69}",3.894327206934228,3.776949643774156,0.5193850039472072,0,0.0,0.55,,2.0543980327593263,1.7142454744594793,0.2394012476206416,1,0.044,1.741,"{""maxlags"": 69}",3.774766845649952,3.582004516407137,0.4931943813115455,0,0.0,2.015,,7.709311433543507,8.453522637020706,1.13274275543527,1,0.373,0.802,"{""yearly_seasonality"": false, ""weekly_seasonality"": false, ""daily_seasonality"": false, ""seasonality_mode"": ""additive""}",5.488020226484933,5.839516713951806,0.7932879503217716,0,0.0,1.948,,3.0501291451391674,2.736659972479909,0.3789550620022651,1,0.047,3.389,"{""maxlags"": 69}",3.810516324486694,3.653067209331129,0.5027553346058318,0,0.0,1.436,
5,mt_005,10800.0,without_retrain,0,1.894650152902544,1.8122967393833165,0.2272025167070109,1,1.606,0.151,"{""order"": [1, 1, 2]}",1.7441099146491208,1.6860961113627395,0.2112406966695476,0,0.0,13.629,,1.6916573741250067,1.629201651365904,0.2041045499905157,0,0.0,0.84,,1.130928175898977,1.0631242570647208,0.132827748124356,1,0.022,0.048,"{""error"": ""add"", ""trend"": ""add"", ""damped_trend"": true, ""seasonal"": null, ""seasonal_periods"": null}",1.130928175898977,1.0631242570647208,0.132827748124356,0,0.0,0.069,,1.2883505307003011,1.2352294308327394,0.1546118551292131,1,0.027,0.84,"{""maxlags"": 59}",1.0937200888510663,1.00841971514527,0.1261334215652294,0,0.0,0.498,,2.1995743536162884,2.164967941257026,0.2721199607050191,1,0.031,1.254,"{""maxlags"": 59}",1.1992097775765147,1.0937269882860496,0.1374074118781112,0,0.0,1.023,,9.026730831917485,9.411870027625715,1.2318491844118824,1,0.516,1.352,"{""yearly_seasonality"": false, ""weekly_seasonality"": false, ""daily_seasonality"": true, ""seasonality_mode"": ""additive""}",9.026730831917485,9.411870027625715,1.2318491844118824,0,0.0,2.123,,2.132199209204157,2.0052597153800016,0.2517075352430065,1,0.029,2.904,"{""maxlags"": 59}",2.305898629719338,2.170255483979662,0.2727593184497758,0,0.0,1.305,
6,mt_006,10800.0,without_retrain,0,4.22159465233821,4.345946092261034,0.417194018962202,1,1.311,0.233,"{""order"": [1, 1, 3]}",4.127570585794004,4.237597439969038,0.4065305766386684,0,0.0,4.051,,4.05248892830456,4.1378736740364745,0.3969443910528195,0,0.0,0.994,,1.7955067966043166,1.7400114865969376,0.1646145998395409,1,0.021,0.106,"{""error"": ""add"", ""trend"": ""add"", ""damped_trend"": true, ""seasonal"": null, ""seasonal_periods"": null}",1.7955067966043166,1.7400114865969376,0.1646145998395409,0,0.0,0.066,,4.160889564376271,4.308368309589784,0.4134919137906276,1,0.028,0.834,"{""maxlags"": 54}",3.710255573782906,3.806406448261359,0.3642080815328717,0,0.0,0.477,,2.3735597238319395,2.3342327955162627,0.2222563040580991,1,0.024,1.005,"{""maxlags"": 54}",1.9078228459311908,1.8168976508130947,0.1719893250251936,0,0.0,1.439,,3.115964134664382,3.369183361560231,0.3135397431019588,1,0.168,1.006,"{""yearly_seasonality"": false, ""weekly_seasonality"": false, ""daily_seasonality"": true, ""seasonality_mode"": ""additive""}",3.115964134664382,3.369183361560231,0.3135397431019588,0,0.0,1.155,,4.042517953173073,4.1685476749683135,0.3997502574875758,1,0.027,2.726,"{""maxlags"": 54}",3.845826553754271,3.943716809685832,0.3776662387078831,0,0.0,1.242,
7,mt_007,10800.0,without_retrain,0,2.042573892125201,2.118092811769804,0.3109014221104942,1,1.697,0.137,"{""order"": [1, 1, 3]}",2.2863624321210034,2.405463920845481,0.3524881426764218,0,0.0,1.456,,1.214820751756278,1.1356604626891516,0.1677241591721247,0,0.0,0.959,,1.1691811671018342,1.0665247174632209,0.1576242524116567,1,0.031,0.051,"{""error"": ""add"", ""trend"": ""add"", ""damped_trend"": true, ""seasonal"": null, ""seasonal_periods"": null}",1.1691811671018342,1.0665247174632209,0.1576242524116567,0,0.0,0.051,,1.0880971210810633,1.0161669330887158,0.150220664480568,1,0.038,0.692,"{""maxlags"": 42}",1.2843912297729276,1.1907504046999156,0.1758220639415723,0,0.0,0.489,,1.013909065206361,0.954097795430822,0.1410997347959927,1,0.033,0.736,"{""maxlags"": 42}",1.0812870498482616,1.001707066129508,0.1481026606277095,0,0.0,0.511,,6.537682399233774,7.507467944600082,1.0719007423872695,1,0.324,1.171,"{""yearly_seasonality"": false, ""weekly_seasonality"": false, ""daily_seasonality"": true, ""seasonality_mode"": ""additive""}",6.537682399233774,7.507467944600082,1.0719007423872695,0,0.0,0.876,,0.876224995101903,0.8375146641989077,0.1239496066372772,1,0.045,2.198,"{""maxlags"": 42}",1.0558450527328125,0.9832984984878342,0.1453977363356134,0,0.0,1.255,
8,mt_008,10800.0,without_retrain,0,2.2800335349608964,2.4873076643355083,0.259499366136065,1,1.619,0.103,"{""order"": [1, 1, 2]}",2.2686826741292907,2.4826589968480564,0.2589888684690953,0,0.0,7.795,,15.520207739524675,20.053616132855534,1.847200625263816,0,0.0,0.966,,2.85721938409816,3.392278999715367,0.3511378238319725,1,0.026,0.056,"{""error"": ""add"", ""trend"": ""add"", ""damped_trend"": true, ""seasonal"": null, ""seasonal_periods"": null}",2.85721938409816,3.392278999715367,0.3511378238319725,0,0.0,0.077,,3.325688223631436,3.420843340796883,0.3595775643311083,1,0.034,0.964,"{""maxlags"": 75}",5.735047647275301,6.573033663309927,0.7066114744597962,0,0.0,0.489,,7.068702934827169,7.933019857164733,0.8624650346119981,1,0.026,0.842,"{""maxlags"": 75}",6.478172430648269,7.550069728023579,0.8167740429175233,0,0.0,0.912,,5.426354474909518,6.392187779419556,0.6850846786357373,1,0.221,1.407,"{""yearly_seasonality"": false, ""weekly_seasonality"": false, ""daily_seasonality"": false, ""seasonality_mode"": ""additive""}",3.718757381530623,3.765996922815815,0.3979390841519336,0,0.0,0.904,,5.080246537913257,5.571276478022271,0.5948394608115347,1,0.03,3.756,"{""maxlags"": 75}",5.460940347046589,6.159551112972529,0.6603191297041876,0,0.0,1.28,
9,mt_009,10800.0,without_retrain,0,1.2633654994270616,1.2386257774735592,0.1491298912463386,1,1.421,0.165,"{""order"": [1, 1, 2]}",1.2878280850034955,1.267254793092595,0.1525997161003593,0,0.0,1.49,,4.151975811842075,4.248350165858975,0.5231105159539091,0,0.0,0.999,,1.9635728958269705,1.997368209090704,0.2420264870608978,1,0.026,0.045,"{""error"": ""add"", ""trend"": ""add"", ""damped_trend"": true, ""seasonal"": null, ""seasonal_periods"": null}",1.9635728958269705,1.997368209090704,0.2420264870608978,0,0.0,0.056,,1.007306749811683,0.8400141587229033,0.100965144512197,1,0.037,0.839,"{""maxlags"": 55}",1.0094975474440755,0.8411926281545069,0.1011058113864287,0,0.0,0.475,,0.9939854701531452,0.8242237308866712,0.0990749575429948,1,0.033,0.619,"{""maxlags"": 55}",1.0070821941743502,0.8347444830702988,0.1003347062236443,0,0.0,0.712,,1.4421203248670087,1.3390506234636494,0.1608755514779335,1,0.583,1.138,"{""yearly_seasonality"": false, ""weekly_seasonality"": false, ""daily_seasonality"": true, ""seasonality_mode"": ""additive""}",1.4421203248670087,1.3390506234636494,0.1608755514779335,0,0.0,1.229,,0.9811092979629568,0.8159072124385778,0.0980854215934877,1,0.034,2.886,"{""maxlags"": 55}",0.9791488298729856,0.8168891511115679,0.0982025617461006,0,0.0,1.366,
10,mt_010,10800.0,without_retrain,0,5.769425083745183,7.475734271429001,0.783117101575689,1,2.38,0.618,"{""order"": [2, 1, 3]}",5.829126960817455,7.541896034474686,0.7897435699655064,0,0.0,11.13,,6.74270546300174,8.864942589413529,0.9209597492076994,0,0.0,0.991,,6.661662160934884,8.740799369002586,0.9087600424991188,1,0.03,0.049,"{""error"": ""add"", ""trend"": ""add"", ""damped_trend"": true, ""seasonal"": null, ""seasonal_periods"": null}",6.661662160934884,8.740799369002586,0.9087600424991188,0,0.0,0.067,,6.290587933007833,8.195844984802896,0.8548715141162072,1,0.047,0.796,"{""maxlags"": 52}",6.694625936644457,8.773372163730212,0.911819712724636,0,0.0,0.459,,6.585381231210363,8.687754048639707,0.9035822949033993,1,0.036,1.361,"{""maxlags"": 52}",6.498562177833212,8.515732087418714,0.8865442482923345,0,0.0,1.125,,4.9682105222584765,5.095349522338922,0.5504378538584173,1,0.536,0.963,"{""yearly_seasonality"": false, ""weekly_seasonality"": false, ""daily_seasonality"": false, ""seasonality_mode"": ""additive""}",4.183560651888857,4.1894771917202185,0.4486201989077576,0,0.0,0.748,,6.251206009067939,8.156446351243043,0.8509318470583916,1,0.035,2.734,"{""maxlags"": 52}",6.667599591913059,8.740790443963501,0.9086289105464894,0,0.0,1.409,
11,mt_011,10800.0,without_retrain,0,3.030495920293364,2.538126997337459,0.2260851386019723,1,1.286,0.119,"{""order"": [1, 1, 2]}",2.9473237639516547,2.5138649631851453,0.2238842922273057,0,0.0,3.877,,4.102764998075885,3.373197646139483,0.3028400213297568,0,0.0,0.241,,4.102764998075885,3.373197646139483,0.3028400213297568,1,0.024,0.041,"{""error"": ""add"", ""trend"": ""add"", ""damped_trend"": true, ""seasonal"": null, ""seasonal_periods"": null}",4.102764998075885,3.373197646139483,0.3028400213297568,0,0.0,0.059,,2.97486271538778,2.566937717775604,0.2287140752875152,1,0.03,0.818,"{""maxlags"": 58}",2.970582049861497,2.5555307869764388,0.2276738081782415,0,0.0,0.479,,3.1120957252569537,2.691311748396923,0.240016614808467,1,0.029,3.161,"{""maxlags"": 58}",3.153393895695717,2.751120174369329,0.2454252285555404,0,0.0,2.407,,4.049775316068327,3.959499493350105,0.3514889678158559,1,0.636,1.086,"{""yearly_seasonality"": false, ""weekly_seasonality"": false, ""daily_seasonality"": true, ""seasonality_mode"": ""additive""}",4.049775316068327,3.959499493350105,0.3514889678158559,0,0.0,1.164,,3.0001624244199,2.6093874257202336,0.2325557780611114,1,0.03,2.97,"{""maxlags"": 58}",3.035610798793292,2.6362247753506343,0.235007303088037,0,0.0,1.353,
12,mt_012,10800.0,without_retrain,0,6.599527715537597,7.882213799677999,0.8735936795307291,1,5.835,0.265,"{""order"": [3, 0, 3]}",6.743887465813771,8.067229172471055,0.8951044673072084,0,0.0,4.888,,5.348414992766692,6.241414363687048,0.684496714892322,0,0.0,0.707,,9.0037726440851,10.932105817140974,1.2338487155432414,1,0.027,0.05,"{""error"": ""add"", ""trend"": ""add"", ""damped_trend"": true, ""seasonal"": null, ""seasonal_periods"": null}",9.0037726440851,10.932105817140974,1.2338487155432414,0,0.0,0.056,,3.452393083779003,3.955728759365128,0.4263968806262405,1,0.032,0.637,"{""maxlags"": 39}",5.206653619624481,6.062402622786402,0.6640630734713892,0,0.0,0.454,,6.622660783824561,7.356961382540253,0.814768504935856,1,0.032,1.167,"{""maxlags"": 39}",3.111273524504825,3.208899767065036,0.3441532112677898,0,0.0,1.781,,13.744745355932524,16.460385847497843,1.918505385642109,1,0.257,2.239,"{""yearly_seasonality"": false, ""weekly_seasonality"": false, ""daily_seasonality"": true, ""seasonality_mode"": ""additive""}",13.744745355932524,16.460385847497843,1.918505385642109,0,0.0,0.95,,9.247708331082183,10.67820359324958,1.2075761928155222,1,0.033,2.145,"{""maxlags"": 39}",9.860840240374992,11.571299569897532,1.3145918385097854,0,0.0,1.368,
13,mt_013,10800.0,without_retrain,0,0.982524112682718,0.8744144748984851,0.1357822833798892,1,6.329,0.163,"{""order"": [3, 0, 3]}",1.152682102904388,1.044970165293308,0.1624830467340854,0,0.0,1.414,,1.2525105291675396,1.12900166028313,0.1756888683067771,0,0.0,0.885,,1.498706142712668,1.4456009855309957,0.2254325167124812,1,0.027,0.044,"{""error"": ""add"", ""trend"": ""add"", ""damped_trend"": true, ""seasonal"": null, ""seasonal_periods"": null}",1.498706142712668,1.4456009855309957,0.2254325167124812,0,0.0,0.058,,1.927332143324152,1.8711765239345013,0.2926924537103171,1,0.034,0.657,"{""maxlags"": 36}",1.6218086379940913,1.5558766081305857,0.2428312848149466,0,0.0,0.542,,1.9534658494309185,1.8099047436930424,0.2831701143519676,1,0.034,1.665,"{""maxlags"": 36}",1.9882003874215373,1.9185481818887125,0.300301584497822,0,0.0,1.173,,3.0912141028216893,3.335477035537985,0.5259285260064384,1,0.326,1.496,"{""yearly_seasonality"": false, ""weekly_seasonality"": false, ""daily_seasonality"": true, ""seasonality_mode"": ""additive""}",3.0912141028216893,3.335477035537985,0.5259285260064384,0,0.0,0.841,,1.8311775804908468,1.751622662970609,0.2738008659250616,1,0.034,1.88,"{""maxlags"": 36}",1.950509735934008,1.89948134773995,0.2971953074716457,0,0.0,1.411,
14,mt_014,10800.0,without_retrain,0,6.996601599294021,9.686932681238016,0.9008327247112644,1,4.912,0.438,"{""order"": [2, 0, 4]}",7.343453218189186,10.034906188018333,0.9347366592215596,0,0.0,2.021,,2.4433223053049207,3.255912760417548,0.2883405211569319,0,0.0,0.784,,2.2916037999238057,3.008765846063178,0.2680253308700602,1,0.028,0.048,"{""error"": ""add"", ""trend"": ""add"", ""damped_trend"": true, ""seasonal"": null, ""seasonal_periods"": null}",2.2916037999238057,3.008765846063178,0.2680253308700602,0,0.0,0.08,,7.532934240630821,9.901424402789964,0.9281995172205604,1,0.034,0.541,"{""maxlags"": 29}",9.419819241952611,12.708293122882491,1.203734767103416,0,0.0,0.471,,13.945927460451944,17.60272227901602,1.7275763171217482,1,0.033,0.524,"{""maxlags"": 29}",16.771625261679237,20.360936689430066,2.0438652254424534,0,0.0,1.005,,17.651925826972246,23.398414051908983,2.361543998436733,1,0.287,1.172,"{""yearly_seasonality"": false, ""weekly_seasonality"": false, ""daily_seasonality"": true, ""seasonality_mode"": ""additive""}",17.651925826972246,23.398414051908983,2.361543998436733,0,0.0,1.362,,9.203052363215898,12.493803559008231,1.1817059813295812,1,0.033,1.544,"{""maxlags"": 29}",9.277184419311617,12.612934979839917,1.193831929650188,0,0.0,1.315,
15,mt_015,10800.0,without_retrain,0,11.873903470911127,16.55053436304678,1.0630727495981025,1,1.508,0.131,"{""order"": [3, 1, 1]}",12.25835294641313,17.103941194449924,1.0954148180177616,0,0.0,12.798,,11.932975400530228,16.69965810143375,1.071639339248451,0,0.0,0.65,,11.40776158127103,15.91330082641874,1.0254036981500398,1,0.028,0.055,"{""error"": ""add"", ""trend"": ""add"", ""damped_trend"": true, ""seasonal"": null, ""seasonal_periods"": null}",11.40776158127103,15.91330082641874,1.0254036981500398,0,0.0,0.081,,8.549026253967206,11.225389928676703,0.7418225538371055,1,0.039,0.994,"{""maxlags"": 70}",10.51532873855821,14.351655136506926,0.9329256184341934,0,0.0,0.47,,8.158050491774349,10.261092909530896,0.6738159613037701,1,0.031,0.824,"{""maxlags"": 70}",12.450585098886144,17.48927649379402,1.117715567388739,0,0.0,1.066,,6.099889047035951,7.52825841021051,0.5048903026773615,1,0.481,0.969,"{""yearly_seasonality"": false, ""weekly_seasonality"": false, ""daily_seasonality"": true, ""seasonality_mode"": ""additive""}",6.099889047035951,7.52825841021051,0.5048903026773615,0,0.0,0.825,,8.218442999665143,10.596859341035662,0.7020983083157537,1,0.035,3.086,"{""maxlags"": 70}",10.408888235038509,14.383644724849653,0.9345297378176662,0,0.0,1.242,
16,mt_016,10800.0,without_retrain,0,30.820612720363098,34.55894415935504,1.8929204135904831,1,1.514,0.101,"{""order"": [1, 1, 2]}",31.06041666195802,34.835476101858696,1.9050090684500824,0,0.0,9.489,,31.79109526398045,35.25199393672382,1.9251401382423357,0,0.0,0.624,,31.61538886013341,35.05380107719142,1.916576309592352,1,0.03,0.052,"{""error"": ""add"", ""trend"": ""add"", ""damped_trend"": true, ""seasonal"": null, ""seasonal_periods"": null}",31.61538886013341,35.05380107719142,1.916576309592352,0,0.0,0.085,,31.66303164935833,35.170916786671604,1.9213350027526237,1,0.035,1.252,"{""maxlags"": 84}",31.306835095894417,34.91037995447258,1.9093011385893723,0,0.0,0.503,,30.73586871833052,34.31512367882597,1.8829670281009407,1,0.03,0.762,"{""maxlags"": 84}",30.78164014907952,34.65555944814236,1.896438685805071,0,0.0,0.787,,27.74852103616756,37.2479501238836,2.0060068276827634,1,0.509,1.132,"{""yearly_seasonality"": false, ""weekly_seasonality"": false, ""daily_seasonality"": true, ""seasonality_mode"": ""additive""}",27.74852103616756,37.2479501238836,2.0060068276827634,0,0.0,0.964,,31.30526302866688,34.91351751689439,1.9094075901931664,1,0.03,3.556,"{""maxlags"": 84}",31.291046544775963,34.885493566618344,1.908250623090916,0,0.0,1.235,
17,mt_017,10800.0,without_retrain,0,4.347506856922858,3.7392566161350658,0.269772717844956,1,1.826,0.116,"{""order"": [1, 1, 2]}",4.363611398024606,3.721957328894407,0.2685046268732544,0,0.0,10.078,,6.33153041683963,5.225460974123886,0.3813781635939554,0,0.0,0.602,,3.605324182101704,3.003765665308114,0.2155602019427284,1,0.023,0.05,"{""error"": ""add"", ""trend"": ""add"", ""damped_trend"": true, ""seasonal"": null, ""seasonal_periods"": null}",3.605324182101704,3.003765665308114,0.2155602019427284,0,0.0,0.085,,1.776983236651095,1.5296678620907724,0.1087803938317244,1,0.025,0.716,"{""maxlags"": 52}",1.7310735661934056,1.4433836100936537,0.1024919258809839,0,0.0,0.447,,2.2250237494596647,1.870375402328931,0.1331316501852894,1,0.027,1.144,"{""maxlags"": 52}",2.409856529760064,2.053317983759809,0.1463699076577372,0,0.0,0.735,,2.56825352540214,2.222167380026421,0.1584334990728617,1,0.294,0.98,"{""yearly_seasonality"": false, ""weekly_seasonality"": false, ""daily_seasonality"": false, ""seasonality_mode"": ""additive""}",2.38178944405157,1.9547807022600712,0.1391907325363181,0,0.0,1.529,,1.7396748973497125,1.4961248357432932,0.1063680519434277,1,0.024,2.451,"{""maxlags"": 52}",2.22654877725243,1.8397982803649544,0.130911874115,0,0.0,1.307,
18,mt_018,10800.0,without_retrain,0,1.219421258886728,1.0305274419561576,0.0410549271802897,1,1.281,0.108,"{""order"": [1, 1, 2]}",1.0674710553370237,0.8916254032878432,0.0354880359396789,0,0.0,9.438,,1.1619510883038893,0.9620406503523448,0.0383064646155662,0,0.0,0.543,,1.0341442774449667,0.8167448444918138,0.0324832207589534,1,0.018,0.047,"{""error"": ""add"", ""trend"": ""add"", ""damped_trend"": true, ""seasonal"": null, ""seasonal_periods"": null}",1.0341442774449667,0.8167448444918138,0.0324832207589534,0,0.0,0.073,,1.1952433480242062,1.0391501375448913,0.0414231459301297,1,0.022,2.031,"{""maxlags"": 183}",1.1727233174563556,0.9736179317272082,0.038770962338973,0,0.0,0.499,,1.1981864103294202,1.0327284354054245,0.0411724987196703,1,0.022,0.707,"{""maxlags"": 183}",1.179011351349191,0.9770880298874808,0.0389115598470683,0,0.0,0.903,,20.50387322407941,18.909483864935822,0.8308768137216416,1,3.624,1.669,"{""yearly_seasonality"": false, ""weekly_seasonality"": false, ""daily_seasonality"": false, ""seasonality_mode"": ""additive""}",15.19685147323252,13.732503644366842,0.5896039456292758,0,0.0,2.092,,1.1420310123706063,0.9827024636128664,0.0391478622071067,1,0.019,6.973,"{""maxlags"": 183}",1.110702781407097,0.906947022753122,0.0360978227274252,0,0.0,1.26,
19,mt_019,10800.0,without_retrain,0,6.986318403623392,5.349127718402956,0.2233021147293181,1,1.582,0.131,"{""order"": [3, 1, 1]}",6.363485962719184,5.033010547912395,0.2092996802990517,0,0.0,1.714,,7.905059238567526,6.050862979442463,0.2549360491287064,0,0.0,0.651,,6.5079221357865205,5.146155382856558,0.2142722244076072,1,0.027,0.046,"{""error"": ""add"", ""trend"": ""add"", ""damped_trend"": true, ""seasonal"": null, ""seasonal_periods"": null}",6.5079221357865205,5.146155382856558,0.2142722244076072,0,0.0,0.068,,7.268179422519747,5.880374153030474,0.2467245191087294,1,0.035,2.372,"{""maxlags"": 224}",7.157116853282787,5.401064325106653,0.2256386625536614,0,0.0,0.498,,6.84155174104628,4.849429218943514,0.2013448540014639,1,0.034,0.703,"{""maxlags"": 224}",7.154677996598542,5.616945403940458,0.2351481717879055,0,0.0,0.822,,8.158963100937518,6.450212960627983,0.2730507823289533,1,0.266,0.66,"{""yearly_seasonality"": false, ""weekly_seasonality"": false, ""daily_seasonality"": false, ""seasonality_mode"": ""additive""}",7.54257207069575,5.632997203702475,0.2360922769210017,0,0.0,1.934,,6.271656849922021,5.287867654631536,0.2203909023976783,1,0.03,7.966,"{""maxlags"": 224}",7.181225892426986,5.540981377057169,0.2318263267353163,0,0.0,1.295,
20,mt_020,10800.0,without_retrain,0,0.9179110647408052,0.9054353032140116,0.1541790264315364,1,1.722,0.12,"{""order"": [1, 1, 2]}",0.8075942741015107,0.8148141175488217,0.1386955414494433,0,0.0,8.647,,0.7594427869035764,0.7508597061784957,0.1277799601173192,0,0.0,0.857,,1.4744758558139603,1.4057424815631132,0.2403148837090507,1,0.029,0.045,"{""error"": ""add"", ""trend"": ""add"", ""damped_trend"": true, ""seasonal"": null, ""seasonal_periods"": null}",1.4744758558139603,1.4057424815631132,0.2403148837090507,0,0.0,0.074,,1.1276351999690797,1.0574096063783684,0.1802275989794427,1,0.035,0.694,"{""maxlags"": 44}",1.1658280552189932,1.091951436466017,0.1861585881957666,0,0.0,0.474,,0.939097688189784,0.8891551723635893,0.1514292792290118,1,0.029,0.364,"{""maxlags"": 44}",1.4926513292957864,1.3784706862516714,0.2356528691218292,0,0.0,0.485,,0.7716215930601291,0.7661035347083576,0.1304035323435687,1,0.183,0.746,"{""yearly_seasonality"": false, ""weekly_seasonality"": false, ""daily_seasonality"": false, ""seasonality_mode"": ""additive""}",0.7533947635020886,0.672436860919806,0.1144265997923553,0,0.0,1.252,,1.2445101065726147,1.1652472249036383,0.1987696661779832,1,0.033,2.05,"{""maxlags"": 44}",1.3362396160630112,1.267484991920933,0.2163517679877052,0,0.0,1.239,
