idx,name,horizon,retrain_type,n_retrain,RMSE,sMAPE,MASE,recommended,rec_seconds,fit_seconds,rec_params
0,mt_000,10800.0,without_retrain,0,21.713988983267857,30.875277029889862,2.1720629529222943,0,0.000,0.475,
1,mt_001,10800.0,without_retrain,0,1.7233174291754694,1.5921654160834138,0.11951925845972901,0,0.000,0.500,
2,mt_002,10800.0,without_retrain,0,2.3331714301313218,2.1094542637230598,0.13256237890920675,0,0.000,0.471,
3,mt_003,10800.0,without_retrain,0,1.7270048666741262,1.5454817606751234,0.09340503764705498,0,0.000,0.446,
4,mt_004,10800.0,without_retrain,0,3.8943272069342276,3.7769496437741563,0.5193850039472072,0,0.000,0.550,
5,mt_005,10800.0,without_retrain,0,1.0937200888510663,1.00841971514527,0.12613342156522947,0,0.000,0.498,
6,mt_006,10800.0,without_retrain,0,3.710255573782906,3.806406448261359,0.36420808153287176,0,0.000,0.477,
7,mt_007,10800.0,without_retrain,0,1.2843912297729276,1.1907504046999156,0.1758220639415723,0,0.000,0.489,
8,mt_008,10800.0,without_retrain,0,5.735047647275301,6.573033663309927,0.7066114744597962,0,0.000,0.489,
9,mt_009,10800.0,without_retrain,0,1.0094975474440757,0.8411926281545069,0.10110581138642871,0,0.000,0.475,
10,mt_010,10800.0,without_retrain,0,6.694625936644457,8.773372163730212,0.9118197127246361,0,0.000,0.459,
11,mt_011,10800.0,without_retrain,0,2.9705820498614974,2.5555307869764388,0.2276738081782415,0,0.000,0.479,
12,mt_012,10800.0,without_retrain,0,5.206653619624481,6.062402622786402,0.6640630734713892,0,0.000,0.454,
13,mt_013,10800.0,without_retrain,0,1.6218086379940913,1.5558766081305855,0.24283128481494665,0,0.000,0.542,
14,mt_014,10800.0,without_retrain,0,9.419819241952611,12.708293122882493,1.203734767103416,0,0.000,0.471,
15,mt_015,10800.0,without_retrain,0,10.51532873855821,14.351655136506926,0.9329256184341934,0,0.000,0.470,
16,mt_016,10800.0,without_retrain,0,31.306835095894417,34.91037995447258,1.9093011385893723,0,0.000,0.503,
17,mt_017,10800.0,without_retrain,0,1.7310735661934056,1.4433836100936535,0.10249192588098395,0,0.000,0.447,
18,mt_018,10800.0,without_retrain,0,1.1727233174563556,0.9736179317272082,0.03877096233897309,0,0.000,0.499,
19,mt_019,10800.0,without_retrain,0,7.157116853282787,5.401064325106653,0.2256386625536614,0,0.000,0.498,
20,mt_020,10800.0,without_retrain,0,1.1658280552189932,1.091951436466017,0.18615858819576664,0,0.000,0.474,
