timestamp,value,trainval
2020-02-08 14:04:07,90.2856,True
2020-02-08 14:04:08,90.2412,True
2020-02-08 14:04:09,90.1902,True
2020-02-08 14:04:10,90.209,True
2020-02-08 14:04:11,90.27545,True
2020-02-08 14:04:12,90.3419,True
2020-02-08 14:04:13,90.2765,True
2020-02-08 14:04:14,90.3074,True
2020-02-08 14:04:15,90.3114,True
2020-02-08 14:04:16,90.056,True
2020-02-08 14:04:17,90.2442,True
2020-02-08 14:04:18,90.307,True
2020-02-08 14:04:19,90.276,True
2020-02-08 14:04:20,90.297,True
2020-02-08 14:04:21,90.2704,True
2020-02-08 14:04:22,90.1721,True
2020-02-08 14:04:23,90.3901,True
2020-02-08 14:04:24,90.4275,True
2020-02-08 14:04:25,90.3422,True
2020-02-08 14:04:26,90.4247,True
2020-02-08 14:04:27,90.50915,True
2020-02-08 14:04:28,90.5936,True
2020-02-08 14:04:29,90.2343,True
2020-02-08 14:04:30,90.3364,True
2020-02-08 14:04:31,90.1219,True
2020-02-08 14:04:32,90.1777,True
2020-02-08 14:04:33,90.224,True
2020-02-08 14:04:34,90.3278,True
2020-02-08 14:04:35,90.5657,True
2020-02-08 14:04:36,90.2722,True
2020-02-08 14:04:37,90.2818,True
2020-02-08 14:04:38,90.3027,True
2020-02-08 14:04:39,90.2783,True
2020-02-08 14:04:40,90.2317,True
2020-02-08 14:04:41,90.5108,True
2020-02-08 14:04:42,89.8627,True
2020-02-08 14:04:43,90.3698,True
2020-02-08 14:04:44,90.5076,True
2020-02-08 14:04:45,90.3093,True
2020-02-08 14:04:46,90.24525,True
2020-02-08 14:04:47,90.1812,True
2020-02-08 14:04:48,89.9904,True
2020-02-08 14:04:49,90.4249,True
2020-02-08 14:04:50,89.8467,True
2020-02-08 14:04:51,89.8773,True
2020-02-08 14:04:52,89.826,True
2020-02-08 14:04:53,90.4061,True
2020-02-08 14:04:54,89.635,True
2020-02-08 14:04:55,90.3395,True
2020-02-08 14:04:56,90.005,True
2020-02-08 14:04:57,89.9269,True
2020-02-08 14:04:58,90.1246,True
2020-02-08 14:04:59,90.1771,True
2020-02-08 14:05:00,89.9357,True
2020-02-08 14:05:01,89.8701,True
2020-02-08 14:05:02,89.82464999999999,True
2020-02-08 14:05:03,89.7792,True
2020-02-08 14:05:04,89.7201,True
2020-02-08 14:05:05,89.906,True
2020-02-08 14:05:06,89.807,True
2020-02-08 14:05:07,89.7338,True
2020-02-08 14:05:08,89.8779,True
2020-02-08 14:05:09,89.8582,True
2020-02-08 14:05:10,89.945,True
2020-02-08 14:05:11,89.9602,True
2020-02-08 14:05:12,89.681,True
2020-02-08 14:05:13,89.6932,True
2020-02-08 14:05:14,89.8044,True
2020-02-08 14:05:15,89.8697,True
2020-02-08 14:05:16,89.7474,True
2020-02-08 14:05:17,89.6485,True
2020-02-08 14:05:18,89.8016,True
2020-02-08 14:05:19,89.7473,True
2020-02-08 14:05:20,89.80455,True
2020-02-08 14:05:21,89.8618,True
2020-02-08 14:05:22,89.8196,True
2020-02-08 14:05:23,89.8079,True
2020-02-08 14:05:24,89.7212,True
2020-02-08 14:05:25,89.7968,True
2020-02-08 14:05:26,89.879,True
2020-02-08 14:05:27,89.7955,True
2020-02-08 14:05:28,89.8476,True
2020-02-08 14:05:29,89.9908,True
2020-02-08 14:05:30,89.8833,True
2020-02-08 14:05:31,89.9231,True
2020-02-08 14:05:32,89.5867,True
2020-02-08 14:05:33,89.8519,True
2020-02-08 14:05:34,89.8592,True
2020-02-08 14:05:35,89.6077,True
2020-02-08 14:05:36,89.70724999999999,True
2020-02-08 14:05:37,89.8068,True
2020-02-08 14:05:38,89.8943,True
2020-02-08 14:05:39,89.7545,True
2020-02-08 14:05:40,89.7556,True
2020-02-08 14:05:41,89.7096,True
2020-02-08 14:05:42,89.8356,True
2020-02-08 14:05:43,89.8108,True
2020-02-08 14:05:44,89.9692,True
2020-02-08 14:05:45,89.8194,True
2020-02-08 14:05:46,89.7534,True
2020-02-08 14:05:47,90.1671,True
2020-02-08 14:05:48,90.1245,True
2020-02-08 14:05:49,90.0015,True
2020-02-08 14:05:50,90.202,True
2020-02-08 14:05:51,89.6622,True
2020-02-08 14:05:52,89.67015,True
2020-02-08 14:05:53,89.6781,True
2020-02-08 14:05:54,89.7461,True
2020-02-08 14:05:55,89.8336,True
2020-02-08 14:05:56,90.2251,True
2020-02-08 14:05:57,90.0471,True
2020-02-08 14:05:58,89.8885,True
2020-02-08 14:05:59,90.1975,True
2020-02-08 14:06:00,90.0995,True
2020-02-08 14:06:01,90.0727,True
2020-02-08 14:06:02,90.0295,True
2020-02-08 14:06:03,90.0485,True
2020-02-08 14:06:04,90.1596,True
2020-02-08 14:06:05,90.3159,True
2020-02-08 14:06:06,90.0141,True
2020-02-08 14:06:07,90.05449999999999,True
2020-02-08 14:06:08,90.0949,True
2020-02-08 14:06:09,90.2909,True
2020-02-08 14:06:10,90.188,True
2020-02-08 14:06:11,90.2498,True
2020-02-08 14:06:12,90.1543,True
2020-02-08 14:06:13,90.2076,True
2020-02-08 14:06:14,90.3546,True
2020-02-08 14:06:15,90.4618,True
2020-02-08 14:06:16,90.4367,True
2020-02-08 14:06:17,90.1833,True
2020-02-08 14:06:18,90.4956,True
2020-02-08 14:06:19,90.1765,True
2020-02-08 14:06:20,90.4378,True
2020-02-08 14:06:21,90.3512,True
2020-02-08 14:06:22,90.3473,True
2020-02-08 14:06:23,90.3434,True
2020-02-08 14:06:24,89.8591,True
2020-02-08 14:06:25,89.8782,True
2020-02-08 14:06:26,90.3019,True
2020-02-08 14:06:27,90.2798,True
2020-02-08 14:06:28,90.3031,True
2020-02-08 14:06:29,90.3758,True
2020-02-08 14:06:30,89.8164,True
2020-02-08 14:06:31,89.803,True
2020-02-08 14:06:32,89.9816,True
2020-02-08 14:06:33,89.7309,True
2020-02-08 14:06:34,89.6351,True
2020-02-08 14:06:35,89.6385,True
2020-02-08 14:06:36,89.8011,True
2020-02-08 14:06:37,89.6619,True
2020-02-08 14:06:38,89.6503,True
2020-02-08 14:06:39,89.7662,True
2020-02-08 14:06:40,89.6857,True
2020-02-08 14:06:41,89.7132,True
2020-02-08 14:06:42,89.6502,True
2020-02-08 14:06:43,89.5872,True
2020-02-08 14:06:44,89.8259,True
2020-02-08 14:06:45,89.7162,True
2020-02-08 14:06:46,89.703,True
2020-02-08 14:06:47,89.7869,True
2020-02-08 14:06:48,89.6881,True
2020-02-08 14:06:49,89.6499,True
2020-02-08 14:06:50,89.7489,True
2020-02-08 14:06:51,89.6235,True
2020-02-08 14:06:52,89.6945,True
2020-02-08 14:06:53,89.7684,True
2020-02-08 14:06:54,89.525,True
2020-02-08 14:06:55,89.7494,True
2020-02-08 14:06:56,89.862,True
2020-02-08 14:06:57,89.5767,True
2020-02-08 14:06:58,89.8445,True
2020-02-08 14:06:59,89.7549,True
2020-02-08 14:07:00,89.73,True
2020-02-08 14:07:01,89.7051,True
2020-02-08 14:07:02,89.5485,True
2020-02-08 14:07:03,89.5831,True
2020-02-08 14:07:04,89.8779,True
2020-02-08 14:07:05,89.6696,True
2020-02-08 14:07:06,89.6471,True
2020-02-08 14:07:07,89.7743,True
2020-02-08 14:07:08,89.6857,True
2020-02-08 14:07:09,89.7822,True
2020-02-08 14:07:10,90.0386,True
2020-02-08 14:07:11,89.96,True
2020-02-08 14:07:12,89.608,True
2020-02-08 14:07:13,90.1071,True
2020-02-08 14:07:14,90.1478,True
2020-02-08 14:07:15,90.0317,True
2020-02-08 14:07:16,89.7628,True
2020-02-08 14:07:17,89.9279,True
2020-02-08 14:07:18,90.0009,True
2020-02-08 14:07:19,90.0739,True
2020-02-08 14:07:20,90.1892,True
2020-02-08 14:07:21,89.8909,True
2020-02-08 14:07:22,89.9324,True
2020-02-08 14:07:23,89.6535,True
2020-02-08 14:07:24,90.0904,True
2020-02-08 14:07:25,90.087,True
2020-02-08 14:07:26,90.1608,True
2020-02-08 14:07:27,90.0277,True
2020-02-08 14:07:28,90.1916,True
2020-02-08 14:07:29,90.2584,True
2020-02-08 14:07:30,90.1746,True
2020-02-08 14:07:31,90.2798,True
2020-02-08 14:07:32,90.2405,True
2020-02-08 14:07:33,90.3038,True
2020-02-08 14:07:34,90.3018,True
2020-02-08 14:07:35,90.41749999999999,True
2020-02-08 14:07:36,90.5332,True
2020-02-08 14:07:37,90.3474,True
2020-02-08 14:07:38,90.1619,True
2020-02-08 14:07:39,90.2675,True
2020-02-08 14:07:40,90.308,True
2020-02-08 14:07:41,90.2956,True
2020-02-08 14:07:42,90.2487,True
2020-02-08 14:07:43,90.2304,True
2020-02-08 14:07:44,90.2831,True
2020-02-08 14:07:45,90.1798,True
2020-02-08 14:07:46,90.2933,True
2020-02-08 14:07:47,90.3297,True
2020-02-08 14:07:48,90.2044,True
2020-02-08 14:07:49,90.25205,True
2020-02-08 14:07:50,90.2997,True
2020-02-08 14:07:51,90.3724,True
2020-02-08 14:07:52,90.3035,True
2020-02-08 14:07:53,90.179,True
2020-02-08 14:07:54,90.0722,True
2020-02-08 14:07:55,90.2797,True
2020-02-08 14:07:56,90.2509,True
2020-02-08 14:07:57,90.3882,True
2020-02-08 14:07:58,89.9956,True
2020-02-08 14:07:59,90.4821,True
2020-02-08 14:08:00,90.2248,True
2020-02-08 14:08:01,89.7158,True
2020-02-08 14:08:02,90.0302,True
2020-02-08 14:08:03,89.5673,True
2020-02-08 14:08:04,89.74605,True
2020-02-08 14:08:05,89.9248,True
2020-02-08 14:08:06,89.6873,True
2020-02-08 14:08:07,89.7587,True
2020-02-08 14:08:08,89.7944,True
2020-02-08 14:08:09,89.6455,True
2020-02-08 14:08:10,89.679,True
2020-02-08 14:08:11,89.7044,True
2020-02-08 14:08:12,89.6097,True
2020-02-08 14:08:13,89.6921,True
2020-02-08 14:08:14,89.6663,True
2020-02-08 14:08:15,89.7276,True
2020-02-08 14:08:16,89.5354,True
2020-02-08 14:08:17,89.7939,True
2020-02-08 14:08:18,89.8306,True
2020-02-08 14:08:19,90.1163,True
2020-02-08 14:08:20,89.787,True
2020-02-08 14:08:21,89.95915,True
2020-02-08 14:08:22,90.1313,True
2020-02-08 14:08:23,89.619,True
2020-02-08 14:08:24,89.6489,True
2020-02-08 14:08:25,89.6693,True
2020-02-08 14:08:26,89.553,True
2020-02-08 14:08:27,89.7514,True
2020-02-08 14:08:28,89.6499,True
2020-02-08 14:08:29,89.7672,True
2020-02-08 14:08:30,89.7804,True
2020-02-08 14:08:31,89.6441,True
2020-02-08 14:08:32,89.6021,True
2020-02-08 14:08:33,89.5514,True
2020-02-08 14:08:34,89.6268,True
2020-02-08 14:08:35,89.5405,True
2020-02-08 14:08:36,89.754,True
2020-02-08 14:08:37,89.5751,True
2020-02-08 14:08:38,89.6086,True
2020-02-08 14:08:39,89.6829,True
2020-02-08 14:08:40,89.57220000000001,True
2020-02-08 14:08:41,89.4615,True
2020-02-08 14:08:42,89.7482,True
2020-02-08 14:08:43,89.6784,True
2020-02-08 14:08:44,90.067,True
2020-02-08 14:08:45,89.4896,True
2020-02-08 14:08:46,89.9866,True
2020-02-08 14:08:47,89.6928,True
2020-02-08 14:08:48,90.0443,True
2020-02-08 14:08:49,89.9914,True
2020-02-08 14:08:50,90.0384,True
2020-02-08 14:08:51,90.1301,True
2020-02-08 14:08:52,90.1443,True
2020-02-08 14:08:53,90.1511,True
2020-02-08 14:08:54,90.1468,True
2020-02-08 14:08:55,90.1425,True
2020-02-08 14:08:56,90.2865,True
2020-02-08 14:08:57,90.0307,True
2020-02-08 14:08:58,90.2678,True
2020-02-08 14:08:59,90.0026,True
2020-02-08 14:09:00,90.1187,True
2020-02-08 14:09:01,90.107,True
2020-02-08 14:09:02,90.2739,True
2020-02-08 14:09:03,89.5676,True
2020-02-08 14:09:04,90.2589,True
2020-02-08 14:09:05,90.0378,True
2020-02-08 14:09:06,90.1025,True
2020-02-08 14:09:07,90.1473,True
2020-02-08 14:09:08,90.13775000000001,True
2020-02-08 14:09:09,90.1282,True
2020-02-08 14:09:10,90.2398,True
2020-02-08 14:09:11,90.161,True
2020-02-08 14:09:12,90.0062,True
2020-02-08 14:09:13,90.0809,True
2020-02-08 14:09:14,90.2584,True
2020-02-08 14:09:15,90.1032,True
2020-02-08 14:09:16,90.1076,True
2020-02-08 14:09:17,90.0989,True
2020-02-08 14:09:18,90.3006,True
2020-02-08 14:09:19,90.3697,True
2020-02-08 14:09:20,90.1515,True
2020-02-08 14:09:21,90.2411,True
2020-02-08 14:09:22,90.30485,True
2020-02-08 14:09:23,90.3686,True
2020-02-08 14:09:24,90.4564,True
2020-02-08 14:09:25,90.0543,True
2020-02-08 14:09:26,90.369,True
2020-02-08 14:09:27,90.3162,True
2020-02-08 14:09:28,90.2552,True
2020-02-08 14:09:29,89.9945,True
2020-02-08 14:09:30,90.2355,True
2020-02-08 14:09:31,90.2495,True
2020-02-08 14:09:32,89.7679,True
2020-02-08 14:09:33,90.3973,True
2020-02-08 14:09:34,90.4946,True
2020-02-08 14:09:35,89.617,True
2020-02-08 14:09:36,89.5609,True
2020-02-08 14:09:37,89.6514,True
2020-02-08 14:09:38,90.2971,True
2020-02-08 14:09:39,90.2715,True
2020-02-08 14:09:40,89.9623,True
2020-02-08 14:09:41,89.6531,True
2020-02-08 14:09:42,89.9301,True
2020-02-08 14:09:43,90.089,True
2020-02-08 14:09:44,89.5659,True
2020-02-08 14:09:45,89.7386,True
2020-02-08 14:09:46,89.6845,True
2020-02-08 14:09:47,90.1995,True
2020-02-08 14:09:48,89.5991,True
2020-02-08 14:09:49,89.7118,True
2020-02-08 14:09:50,89.7227,True
2020-02-08 14:09:51,89.6482,True
2020-02-08 14:09:52,89.7677,True
2020-02-08 14:09:53,89.6179,True
2020-02-08 14:09:54,89.7662,True
2020-02-08 14:09:55,90.2886,True
2020-02-08 14:09:56,89.8032,True
2020-02-08 14:09:57,89.6719,True
2020-02-08 14:09:58,89.6472,True
2020-02-08 14:09:59,89.6225,True
2020-02-08 14:10:00,89.6827,True
2020-02-08 14:10:01,89.54,True
2020-02-08 14:10:02,89.5185,True
2020-02-08 14:10:03,89.7654,True
2020-02-08 14:10:04,89.6209,True
2020-02-08 14:10:05,89.6796,True
2020-02-08 14:10:06,89.635,True
2020-02-08 14:10:07,89.6273,True
2020-02-08 14:10:08,89.7618,True
2020-02-08 14:10:09,89.7462,True
2020-02-08 14:10:10,89.7975,True
2020-02-08 14:10:11,89.5506,True
2020-02-08 14:10:12,89.7303,True
2020-02-08 14:10:13,89.7079,True
2020-02-08 14:10:14,89.6855,True
2020-02-08 14:10:15,89.6474,True
2020-02-08 14:10:16,89.6806,True
2020-02-08 14:10:17,89.6678,True
2020-02-08 14:10:18,89.4387,True
2020-02-08 14:10:19,89.6118,True
2020-02-08 14:10:20,89.682,True
2020-02-08 14:10:21,89.7333,True
2020-02-08 14:10:22,89.4856,True
2020-02-08 14:10:23,89.6805,True
2020-02-08 14:10:24,89.6205,True
2020-02-08 14:10:25,89.5766,True
2020-02-08 14:10:26,89.6695,True
2020-02-08 14:10:27,89.5167,True
2020-02-08 14:10:28,89.50755000000001,True
2020-02-08 14:10:29,89.4984,True
2020-02-08 14:10:30,89.4345,True
2020-02-08 14:10:31,90.0311,True
2020-02-08 14:10:32,90.0863,True
2020-02-08 14:10:33,89.8394,True
2020-02-08 14:10:34,89.5185,True
2020-02-08 14:10:35,90.0625,True
2020-02-08 14:10:36,89.9976,True
2020-02-08 14:10:37,89.5279,True
2020-02-08 14:10:38,89.6085,True
2020-02-08 14:10:39,89.6874,True
2020-02-08 14:10:40,89.7996,True
2020-02-08 14:10:41,90.0585,True
2020-02-08 14:10:42,89.6064,True
2020-02-08 14:10:43,90.0243,True
2020-02-08 14:10:44,90.0993,True
2020-02-08 14:10:45,90.03614999999999,True
2020-02-08 14:10:46,89.973,True
2020-02-08 14:10:47,89.9933,True
2020-02-08 14:10:48,90.1444,True
2020-02-08 14:10:49,89.9631,True
2020-02-08 14:10:50,90.0737,True
2020-02-08 14:10:51,90.1982,True
2020-02-08 14:10:52,90.0967,True
2020-02-08 14:10:53,90.0103,True
2020-02-08 14:10:54,90.0494,True
2020-02-08 14:10:55,90.0485,True
2020-02-08 14:10:56,90.0476,True
2020-02-08 14:10:57,89.9898,True
2020-02-08 14:10:58,89.9131,True
2020-02-08 14:10:59,89.9617,True
2020-02-08 14:11:00,90.1184,True
2020-02-08 14:11:01,90.1361,True
2020-02-08 14:11:02,90.1378,True
2020-02-08 14:11:03,90.0686,True
2020-02-08 14:11:04,90.323,True
2020-02-08 14:11:05,90.3781,True
2020-02-08 14:11:06,90.11,True
2020-02-08 14:11:07,90.21655,True
2020-02-08 14:11:08,90.3231,True
2020-02-08 14:11:09,90.147,True
2020-02-08 14:11:10,89.9191,True
2020-02-08 14:11:11,89.8137,True
2020-02-08 14:11:12,90.3598,True
2020-02-08 14:11:13,90.1772,True
2020-02-08 14:11:14,90.2242,True
2020-02-08 14:11:15,89.8081,True
2020-02-08 14:11:16,89.8165,True
2020-02-08 14:11:17,89.8283,True
2020-02-08 14:11:18,89.6885,True
2020-02-08 14:11:19,89.6878,True
2020-02-08 14:11:20,89.6653,True
2020-02-08 14:11:21,89.59135,True
2020-02-08 14:11:22,89.5174,True
2020-02-08 14:11:23,89.6055,True
2020-02-08 14:11:24,89.5856,True
2020-02-08 14:11:25,89.6634,True
2020-02-08 14:11:26,89.7007,True
2020-02-08 14:11:27,89.7051,True
2020-02-08 14:11:28,90.2166,True
2020-02-08 14:11:29,89.685,True
2020-02-08 14:11:30,89.622,True
2020-02-08 14:11:31,89.6366,True
2020-02-08 14:11:32,89.7552,True
2020-02-08 14:11:33,89.5562,True
2020-02-08 14:11:34,89.52955,True
2020-02-08 14:11:35,89.5029,True
2020-02-08 14:11:36,89.6324,True
2020-02-08 14:11:37,89.5628,True
2020-02-08 14:11:38,89.7163,True
2020-02-08 14:11:39,89.6982,True
2020-02-08 14:11:40,89.5734,True
2020-02-08 14:11:41,89.6724,True
2020-02-08 14:11:42,89.6913,True
2020-02-08 14:11:43,89.759,True
2020-02-08 14:11:44,89.4341,True
2020-02-08 14:11:45,89.5443,True
2020-02-08 14:11:46,89.8336,True
2020-02-08 14:11:47,89.6558,True
2020-02-08 14:11:48,89.55945,True
2020-02-08 14:11:49,89.4631,True
2020-02-08 14:11:50,89.5955,True
2020-02-08 14:11:51,89.4837,True
2020-02-08 14:11:52,89.4819,True
2020-02-08 14:11:53,89.5725,True
2020-02-08 14:11:54,89.5587,True
2020-02-08 14:11:55,89.7086,True
2020-02-08 14:11:56,89.6818,True
2020-02-08 14:11:57,90.1861,True
2020-02-08 14:11:58,89.6031,True
2020-02-08 14:11:59,89.5062,True
2020-02-08 14:12:00,90.0784,True
2020-02-08 14:12:01,89.70125,True
2020-02-08 14:12:02,89.3241,True
2020-02-08 14:12:03,89.7615,True
2020-02-08 14:12:04,90.0128,True
2020-02-08 14:12:05,89.9917,True
2020-02-08 14:12:06,90.2816,True
2020-02-08 14:12:07,89.5899,True
2020-02-08 14:12:08,90.0333,True
2020-02-08 14:12:09,90.0612,True
2020-02-08 14:12:10,90.0378,True
2020-02-08 14:12:11,90.2728,True
2020-02-08 14:12:12,89.9888,True
2020-02-08 14:12:13,90.1187,True
2020-02-08 14:12:14,89.9475,True
2020-02-08 14:12:15,90.1508,True
2020-02-08 14:12:16,90.17135,True
2020-02-08 14:12:17,90.1919,True
2020-02-08 14:12:18,90.0612,True
2020-02-08 14:12:19,89.9884,True
2020-02-08 14:12:20,90.1701,True
2020-02-08 14:12:21,90.1023,True
2020-02-08 14:12:22,89.6165,True
2020-02-08 14:12:23,90.0937,True
2020-02-08 14:12:24,90.0056,True
2020-02-08 14:12:25,90.3134,True
2020-02-08 14:12:26,89.7656,True
2020-02-08 14:12:27,90.3379,True
2020-02-08 14:12:28,90.2947,True
2020-02-08 14:12:29,90.0718,True
2020-02-08 14:12:30,90.2552,True
2020-02-08 14:12:31,90.1898,True
2020-02-08 14:12:32,90.153,True
2020-02-08 14:12:33,90.19785,True
2020-02-08 14:12:34,90.2427,True
2020-02-08 14:12:35,90.2006,True
2020-02-08 14:12:36,90.0976,True
2020-02-08 14:12:37,90.3335,True
2020-02-08 14:12:38,90.121,True
2020-02-08 14:12:39,90.3193,True
2020-02-08 14:12:40,89.7425,True
2020-02-08 14:12:41,90.1357,True
2020-02-08 14:12:42,89.9078,True
2020-02-08 14:12:43,89.9242,True
2020-02-08 14:12:44,89.6931,True
2020-02-08 14:12:45,90.1821,True
2020-02-08 14:12:46,90.2006,True
2020-02-08 14:12:47,90.2453,True
2020-02-08 14:12:48,89.9487,True
2020-02-08 14:12:49,89.72995,True
2020-02-08 14:12:50,89.5112,True
2020-02-08 14:12:51,89.642,True
2020-02-08 14:12:52,89.6973,True
2020-02-08 14:12:53,89.6405,True
2020-02-08 14:12:54,89.7949,True
2020-02-08 14:12:55,89.5306,True
2020-02-08 14:12:56,89.7728,True
2020-02-08 14:12:57,89.6873,True
2020-02-08 14:12:58,89.5767,True
2020-02-08 14:12:59,89.6362,True
2020-02-08 14:13:00,89.7143,True
2020-02-08 14:13:01,89.5813,True
2020-02-08 14:13:02,89.7612,True
2020-02-08 14:13:03,89.6558,True
2020-02-08 14:13:04,89.5504,True
2020-02-08 14:13:05,89.6299,True
2020-02-08 14:13:06,89.6187,True
2020-02-08 14:13:07,89.706,True
2020-02-08 14:13:08,89.6551,True
2020-02-08 14:13:09,89.672,True
2020-02-08 14:13:10,89.6603,True
2020-02-08 14:13:11,89.525,True
2020-02-08 14:13:12,89.5878,True
2020-02-08 14:13:13,89.6793,True
2020-02-08 14:13:14,89.7156,True
2020-02-08 14:13:15,89.7229,True
2020-02-08 14:13:16,89.4878,True
2020-02-08 14:13:17,89.5919,True
2020-02-08 14:13:18,89.696,True
2020-02-08 14:13:19,89.6089,True
2020-02-08 14:13:20,89.6865,True
2020-02-08 14:13:21,89.7382,True
2020-02-08 14:13:22,89.536,True
2020-02-08 14:13:23,89.359,True
2020-02-08 14:13:24,89.623,True
2020-02-08 14:13:25,89.5112,True
2020-02-08 14:13:26,89.5465,True
2020-02-08 14:13:27,89.5253,True
2020-02-08 14:13:28,89.4879,True
2020-02-08 14:13:29,89.8379,True
2020-02-08 14:13:30,89.6793,True
2020-02-08 14:13:31,89.82849999999999,True
2020-02-08 14:13:32,89.9777,True
2020-02-08 14:13:33,90.1018,True
2020-02-08 14:13:34,90.0734,True
2020-02-08 14:13:35,90.013,True
2020-02-08 14:13:36,89.8821,True
2020-02-08 14:13:37,90.136,True
2020-02-08 14:13:38,89.6524,True
2020-02-08 14:13:39,89.9802,True
2020-02-08 14:13:40,89.9803,True
2020-02-08 14:13:41,90.0114,True
2020-02-08 14:13:42,89.9226,True
2020-02-08 14:13:43,89.9581,True
2020-02-08 14:13:44,90.1618,True
2020-02-08 14:13:45,90.03620000000001,True
2020-02-08 14:13:46,89.9106,True
2020-02-08 14:13:47,89.9725,True
2020-02-08 14:13:48,90.1296,True
2020-02-08 14:13:49,90.1416,True
2020-02-08 14:13:50,89.9225,True
2020-02-08 14:13:51,90.231,True
2020-02-08 14:13:52,90.0927,True
2020-02-08 14:13:53,90.1946,True
2020-02-08 14:13:54,90.025,True
2020-02-08 14:13:55,90.1411,True
2020-02-08 14:13:56,90.0324,True
2020-02-08 14:13:57,90.2133,True
2020-02-08 14:13:58,90.17490000000001,True
2020-02-08 14:13:59,90.1365,True
2020-02-08 14:14:00,90.1599,True
2020-02-08 14:14:01,90.0945,True
2020-02-08 14:14:02,90.3229,True
2020-02-08 14:14:03,90.2144,True
2020-02-08 14:14:04,89.9796,True
2020-02-08 14:14:05,90.2788,True
2020-02-08 14:14:06,89.9313,True
2020-02-08 14:14:07,89.6736,True
2020-02-08 14:14:08,90.106,True
2020-02-08 14:14:09,89.605,True
2020-02-08 14:14:10,90.4995,True
2020-02-08 14:14:11,89.9231,True
2020-02-08 14:14:12,89.7355,True
2020-02-08 14:14:13,89.67654999999999,True
2020-02-08 14:14:14,89.6176,True
2020-02-08 14:14:15,89.5872,True
2020-02-08 14:14:16,89.9323,True
2020-02-08 14:14:17,89.5807,True
2020-02-08 14:14:18,89.5093,True
2020-02-08 14:14:19,89.6403,True
2020-02-08 14:14:20,89.4881,True
2020-02-08 14:14:21,89.8026,True
2020-02-08 14:14:22,89.7823,True
2020-02-08 14:14:23,89.7943,True
2020-02-08 14:14:24,89.7294,True
2020-02-08 14:14:25,89.5601,True
2020-02-08 14:14:26,89.6209,True
2020-02-08 14:14:27,89.4918,True
2020-02-08 14:14:28,89.5055,True
2020-02-08 14:14:29,89.50315,True
2020-02-08 14:14:30,89.5008,True
2020-02-08 14:14:31,89.5554,True
2020-02-08 14:14:32,89.6554,True
2020-02-08 14:14:33,89.6344,True
2020-02-08 14:14:34,89.6612,True
2020-02-08 14:14:35,89.6186,True
2020-02-08 14:14:36,89.597,True
2020-02-08 14:14:37,89.8062,True
2020-02-08 14:14:38,89.4147,True
2020-02-08 14:14:39,89.6877,True
2020-02-08 14:14:40,89.6131,True
2020-02-08 14:14:41,89.3675,True
2020-02-08 14:14:42,89.7308,True
2020-02-08 14:14:43,89.3848,True
2020-02-08 14:14:44,89.512,True
2020-02-08 14:14:45,89.5012,True
2020-02-08 14:14:46,89.51025,True
2020-02-08 14:14:47,89.5193,True
2020-02-08 14:14:48,89.3823,True
2020-02-08 14:14:49,89.5207,True
2020-02-08 14:14:50,89.6634,True
2020-02-08 14:14:51,89.528,True
2020-02-08 14:14:52,89.3873,True
2020-02-08 14:14:53,89.4292,True
2020-02-08 14:14:54,89.5431,True
2020-02-08 14:14:55,89.8257,True
2020-02-08 14:14:56,89.8854,True
2020-02-08 14:14:57,89.7922,True
2020-02-08 14:14:58,89.7407,True
2020-02-08 14:14:59,89.5504,True
2020-02-08 14:15:00,89.7673,True
2020-02-08 14:15:01,89.9842,True
2020-02-08 14:15:02,89.8868,True
2020-02-08 14:15:03,89.4533,True
2020-02-08 14:15:04,90.1407,True
2020-02-08 14:15:05,89.4554,True
2020-02-08 14:15:06,90.0261,True
2020-02-08 14:15:07,90.1029,True
2020-02-08 14:15:08,90.0426,True
2020-02-08 14:15:09,90.1438,True
2020-02-08 14:15:10,90.0044,True
2020-02-08 14:15:11,90.0017,True
2020-02-08 14:15:12,90.0343,True
2020-02-08 14:15:13,90.001,True
2020-02-08 14:15:14,89.8722,True
2020-02-08 14:15:15,90.0101,True
2020-02-08 14:15:16,90.148,True
2020-02-08 14:15:17,90.1112,True
2020-02-08 14:15:18,90.0439,True
2020-02-08 14:15:19,90.0357,True
2020-02-08 14:15:20,90.1045,True
2020-02-08 14:15:21,90.25,True
2020-02-08 14:15:22,90.2258,True
2020-02-08 14:15:23,90.2819,True
2020-02-08 14:15:24,90.0993,True
2020-02-08 14:15:25,90.1759,True
2020-02-08 14:15:26,90.0865,True
2020-02-08 14:15:27,89.9098,True
2020-02-08 14:15:28,89.9778,True
2020-02-08 14:15:29,90.08765,True
2020-02-08 14:15:30,90.1975,True
2020-02-08 14:15:31,90.179,True
2020-02-08 14:15:32,90.2371,True
2020-02-08 14:15:33,89.7969,True
2020-02-08 14:15:34,89.7554,True
2020-02-08 14:15:35,90.3358,True
2020-02-08 14:15:36,90.2202,True
2020-02-08 14:15:37,89.5603,True
2020-02-08 14:15:38,89.3412,True
2020-02-08 14:15:39,90.0292,True
2020-02-08 14:15:40,89.9486,True
2020-02-08 14:15:41,90.1152,True
2020-02-08 14:15:42,89.8022,True
2020-02-08 14:15:43,89.4892,True
2020-02-08 14:15:44,89.6319,True
2020-02-08 14:15:45,89.7877,True
2020-02-08 14:15:46,89.4612,True
2020-02-08 14:15:47,89.5505,True
2020-02-08 14:15:48,89.7088,True
2020-02-08 14:15:49,89.4599,True
2020-02-08 14:15:50,89.5089,True
2020-02-08 14:15:51,89.6013,True
2020-02-08 14:15:52,89.6143,True
2020-02-08 14:15:53,89.5138,True
2020-02-08 14:15:54,89.5669,True
2020-02-08 14:15:55,89.5402,True
2020-02-08 14:15:56,89.5358,True
2020-02-08 14:15:57,89.5314,True
2020-02-08 14:15:58,89.5522,True
2020-02-08 14:15:59,89.5894,True
2020-02-08 14:16:00,89.5007,True
2020-02-08 14:16:01,89.4397,True
2020-02-08 14:16:02,89.5738,True
2020-02-08 14:16:03,89.6609,True
2020-02-08 14:16:04,89.4107,True
2020-02-08 14:16:05,89.5275,True
2020-02-08 14:16:06,89.5366,True
2020-02-08 14:16:07,89.3242,True
2020-02-08 14:16:08,89.376,True
2020-02-08 14:16:09,89.4216,True
2020-02-08 14:16:10,89.42054999999999,True
2020-02-08 14:16:11,89.4195,True
2020-02-08 14:16:12,89.4502,True
2020-02-08 14:16:13,89.7641,True
2020-02-08 14:16:14,89.4822,True
2020-02-08 14:16:15,89.6488,True
2020-02-08 14:16:16,89.8865,True
2020-02-08 14:16:17,89.7837,True
2020-02-08 14:16:18,89.4746,True
2020-02-08 14:16:19,89.767,True
2020-02-08 14:16:20,89.7691,True
2020-02-08 14:16:21,89.5084,True
2020-02-08 14:16:22,89.38,True
2020-02-08 14:16:23,89.74064999999999,True
2020-02-08 14:16:24,90.1013,True
2020-02-08 14:16:25,89.9674,True
2020-02-08 14:16:26,90.0714,True
2020-02-08 14:16:27,89.9661,True
2020-02-08 14:16:28,90.0034,True
2020-02-08 14:16:29,89.8548,True
2020-02-08 14:16:30,89.9149,True
2020-02-08 14:16:31,89.9159,True
2020-02-08 14:16:32,90.189,True
2020-02-08 14:16:33,90.0195,True
2020-02-08 14:16:34,90.0025,True
2020-02-08 14:16:35,89.6829,True
2020-02-08 14:16:36,90.0223,True
2020-02-08 14:16:37,90.1147,True
2020-02-08 14:16:38,90.156,True
2020-02-08 14:16:39,90.0727,True
2020-02-08 14:16:40,90.0185,True
2020-02-08 14:16:41,90.1643,True
2020-02-08 14:16:42,90.16669999999999,True
2020-02-08 14:16:43,90.1691,True
2020-02-08 14:16:44,90.0534,True
2020-02-08 14:16:45,90.262,True
2020-02-08 14:16:46,90.1695,True
2020-02-08 14:16:47,90.1035,True
2020-02-08 14:16:48,90.0082,True
2020-02-08 14:16:49,90.1951,True
2020-02-08 14:16:50,90.2466,True
2020-02-08 14:16:51,90.0561,True
2020-02-08 14:16:52,90.4746,True
2020-02-08 14:16:53,90.1648,True
2020-02-08 14:16:54,90.2258,True
2020-02-08 14:16:55,90.13845,True
2020-02-08 14:16:56,90.0511,True
2020-02-08 14:16:57,89.6603,True
2020-02-08 14:16:58,89.7105,True
2020-02-08 14:16:59,89.5356,True
2020-02-08 14:17:00,90.1803,True
2020-02-08 14:17:01,89.6001,True
2020-02-08 14:17:02,89.3984,True
2020-02-08 14:17:03,90.0814,True
2020-02-08 14:17:04,89.4128,True
2020-02-08 14:17:05,89.9711,True
2020-02-08 14:17:06,89.5291,True
2020-02-08 14:17:07,89.4804,True
2020-02-08 14:17:08,89.4344,True
2020-02-08 14:17:09,89.64410000000001,True
2020-02-08 14:17:10,89.8538,True
2020-02-08 14:17:11,89.5362,True
2020-02-08 14:17:12,89.5309,True
2020-02-08 14:17:13,89.7087,True
2020-02-08 14:17:14,89.7671,True
2020-02-08 14:17:15,89.5881,True
2020-02-08 14:17:16,89.328,True
2020-02-08 14:17:17,89.5569,True
2020-02-08 14:17:18,89.5457,True
2020-02-08 14:17:19,89.4346,True
2020-02-08 14:17:20,89.5297,True
2020-02-08 14:17:21,89.5634,True
2020-02-08 14:17:22,89.4991,True
2020-02-08 14:17:23,89.50505,True
2020-02-08 14:17:24,89.511,True
2020-02-08 14:17:25,89.6164,True
2020-02-08 14:17:26,89.6386,True
2020-02-08 14:17:27,89.4466,True
2020-02-08 14:17:28,89.4435,True
2020-02-08 14:17:29,89.6602,True
2020-02-08 14:17:30,89.3382,True
2020-02-08 14:17:31,89.6198,True
2020-02-08 14:17:32,89.3985,True
2020-02-08 14:17:33,89.4107,True
2020-02-08 14:17:34,89.8478,True
2020-02-08 14:17:35,89.4333,True
2020-02-08 14:17:36,89.4227,True
2020-02-08 14:17:37,89.62780000000001,True
2020-02-08 14:17:38,89.8329,True
2020-02-08 14:17:39,89.7517,True
2020-02-08 14:17:40,89.8123,True
2020-02-08 14:17:41,89.9486,True
2020-02-08 14:17:42,89.4853,True
2020-02-08 14:17:43,89.9321,True
2020-02-08 14:17:44,89.9356,True
2020-02-08 14:17:45,89.9059,True
2020-02-08 14:17:46,89.9839,True
2020-02-08 14:17:47,89.7251,True
2020-02-08 14:17:48,90.0005,True
2020-02-08 14:17:49,89.9012,True
2020-02-08 14:17:50,90.013,True
2020-02-08 14:17:51,90.00925000000001,True
2020-02-08 14:17:52,90.0055,True
2020-02-08 14:17:53,89.9477,True
2020-02-08 14:17:54,89.8957,True
2020-02-08 14:17:55,89.9169,True
2020-02-08 14:17:56,89.9209,True
2020-02-08 14:17:57,90.0345,True
2020-02-08 14:17:58,89.8095,True
2020-02-08 14:17:59,89.9117,True
2020-02-08 14:18:00,90.0074,True
2020-02-08 14:18:01,89.9377,True
2020-02-08 14:18:02,89.9675,True
2020-02-08 14:18:03,89.8793,True
2020-02-08 14:18:04,90.0023,True
2020-02-08 14:18:05,90.1534,True
2020-02-08 14:18:06,90.3045,True
2020-02-08 14:18:07,90.1556,True
2020-02-08 14:18:08,90.2221,True
2020-02-08 14:18:09,90.1549,True
2020-02-08 14:18:10,90.0887,True
2020-02-08 14:18:11,89.9043,True
2020-02-08 14:18:12,90.0274,True
2020-02-08 14:18:13,90.1337,True
2020-02-08 14:18:14,90.0186,True
2020-02-08 14:18:15,90.1363,True
2020-02-08 14:18:16,90.2497,True
2020-02-08 14:18:17,90.0924,True
2020-02-08 14:18:18,90.155,True
2020-02-08 14:18:19,90.21289999999999,True
2020-02-08 14:18:20,90.2708,True
2020-02-08 14:18:21,89.7878,True
2020-02-08 14:18:22,89.3891,True
2020-02-08 14:18:23,89.824,True
2020-02-08 14:18:24,90.2568,True
2020-02-08 14:18:25,89.5806,True
2020-02-08 14:18:26,89.4917,True
2020-02-08 14:18:27,89.8471,True
2020-02-08 14:18:28,89.8254,True
2020-02-08 14:18:29,89.4995,True
2020-02-08 14:18:30,89.4525,True
2020-02-08 14:18:31,89.3681,True
2020-02-08 14:18:32,89.6137,True
2020-02-08 14:18:33,89.4041,True
2020-02-08 14:18:34,89.5689,True
2020-02-08 14:18:35,89.4003,True
2020-02-08 14:18:36,89.4608,True
2020-02-08 14:18:37,89.3516,True
2020-02-08 14:18:38,89.45515,True
2020-02-08 14:18:39,89.5587,True
2020-02-08 14:18:40,89.537,True
2020-02-08 14:18:41,89.4855,True
2020-02-08 14:18:42,89.3968,True
2020-02-08 14:18:43,89.5473,True
2020-02-08 14:18:44,89.4485,True
2020-02-08 14:18:45,89.5176,True
2020-02-08 14:18:46,89.5796,True
2020-02-08 14:18:47,89.5323,True
2020-02-08 14:18:48,89.3845,True
2020-02-08 14:18:49,89.5028,True
2020-02-08 14:18:50,89.4415,True
2020-02-08 14:18:51,89.4805,True
2020-02-08 14:18:52,89.39445,True
2020-02-08 14:18:53,89.3084,True
2020-02-08 14:18:54,89.4087,True
2020-02-08 14:18:55,89.328,True
2020-02-08 14:18:56,89.5833,True
2020-02-08 14:18:57,89.2125,True
2020-02-08 14:18:58,89.6293,True
2020-02-08 14:18:59,89.8781,True
2020-02-08 14:19:00,89.8271,True
2020-02-08 14:19:01,89.8329,True
2020-02-08 14:19:02,89.3089,True
2020-02-08 14:19:03,89.3255,True
2020-02-08 14:19:04,89.2467,True
2020-02-08 14:19:05,89.6674,True
2020-02-08 14:19:06,89.8069,True
2020-02-08 14:19:07,89.905,True
2020-02-08 14:19:08,89.8214,True
2020-02-08 14:19:09,89.9323,True
2020-02-08 14:19:10,89.9531,True
2020-02-08 14:19:11,89.93945,True
2020-02-08 14:19:12,89.9258,True
2020-02-08 14:19:13,89.8187,True
2020-02-08 14:19:14,89.8536,True
2020-02-08 14:19:15,89.9857,True
2020-02-08 14:19:16,89.778,True
2020-02-08 14:19:17,89.8669,True
2020-02-08 14:19:18,89.8753,True
2020-02-08 14:19:19,89.9787,True
2020-02-08 14:19:20,89.9982,True
2020-02-08 14:19:21,90.0057,True
2020-02-08 14:19:22,89.8352,True
2020-02-08 14:19:23,89.8347,True
2020-02-08 14:19:24,89.7341,True
2020-02-08 14:19:25,89.85905,True
2020-02-08 14:19:26,89.984,True
2020-02-08 14:19:27,90.0781,True
2020-02-08 14:19:28,90.123,True
2020-02-08 14:19:29,89.9782,True
2020-02-08 14:19:30,90.0417,True
2020-02-08 14:19:31,90.1744,True
2020-02-08 14:19:32,89.7053,True
2020-02-08 14:19:33,90.0234,True
2020-02-08 14:19:34,90.011,True
2020-02-08 14:19:35,89.9765,True
2020-02-08 14:19:36,90.2634,True
2020-02-08 14:19:37,89.7921,True
2020-02-08 14:19:38,89.76665,True
2020-02-08 14:19:39,89.7412,True
2020-02-08 14:19:40,89.3796,True
2020-02-08 14:19:41,89.4096,True
2020-02-08 14:19:42,90.1139,True
2020-02-08 14:19:43,89.7626,True
2020-02-08 14:19:44,89.6739,True
2020-02-08 14:19:45,89.4067,True
2020-02-08 14:19:46,89.6857,True
2020-02-08 14:19:47,90.0129,True
2020-02-08 14:19:48,89.958,True
2020-02-08 14:19:49,89.5438,True
2020-02-08 14:19:50,89.5203,True
2020-02-08 14:19:51,89.4265,True
2020-02-08 14:19:52,89.4379,True
2020-02-08 14:19:53,89.5631,True
2020-02-08 14:19:54,89.4365,True
2020-02-08 14:19:55,89.5055,True
2020-02-08 14:19:56,89.54589999999999,True
2020-02-08 14:19:57,89.5863,True
2020-02-08 14:19:58,89.4123,True
2020-02-08 14:19:59,89.2273,True
2020-02-08 14:20:00,89.601,True
2020-02-08 14:20:01,89.5187,True
2020-02-08 14:20:02,89.3531,True
2020-02-08 14:20:03,89.3809,True
2020-02-08 14:20:04,89.2747,True
2020-02-08 14:20:05,89.4269,True
2020-02-08 14:20:06,89.2928,True
2020-02-08 14:20:07,89.4083,True
2020-02-08 14:20:08,89.3409,True
2020-02-08 14:20:09,89.324,True
2020-02-08 14:20:10,89.3005,True
2020-02-08 14:20:11,89.30685,True
2020-02-08 14:20:12,89.3132,True
2020-02-08 14:20:13,89.3849,True
2020-02-08 14:20:14,89.2066,True
2020-02-08 14:20:15,89.6657,True
2020-02-08 14:20:16,89.6294,True
2020-02-08 14:20:17,89.3203,True
2020-02-08 14:20:18,89.2337,True
2020-02-08 14:20:19,89.855,True
2020-02-08 14:20:20,89.4192,True
2020-02-08 14:20:21,89.6432,True
2020-02-08 14:20:22,89.337,True
2020-02-08 14:20:23,89.7416,True
2020-02-08 14:20:24,89.8047,True
2020-02-08 14:20:25,89.7778,True
2020-02-08 14:20:26,89.7509,True
2020-02-08 14:20:27,89.6723,True
2020-02-08 14:20:28,89.765,True
2020-02-08 14:20:29,89.6165,True
2020-02-08 14:20:30,89.853,True
2020-02-08 14:20:31,89.7344,True
2020-02-08 14:20:32,89.8189,True
2020-02-08 14:20:33,89.8235,True
2020-02-08 14:20:34,89.7393,True
2020-02-08 14:20:35,89.7889,True
2020-02-08 14:20:36,89.7513,True
2020-02-08 14:20:37,90.0225,True
2020-02-08 14:20:38,89.8769,True
2020-02-08 14:20:39,89.9204,True
2020-02-08 14:20:40,89.9727,True
2020-02-08 14:20:41,90.025,True
2020-02-08 14:20:42,89.8444,True
2020-02-08 14:20:43,89.9393,True
2020-02-08 14:20:44,90.1166,True
2020-02-08 14:20:45,90.0619,True
2020-02-08 14:20:46,89.8983,True
2020-02-08 14:20:47,90.0672,True
2020-02-08 14:20:48,89.5741,True
2020-02-08 14:20:49,89.8797,True
2020-02-08 14:20:50,89.9141,True
2020-02-08 14:20:51,89.8579,True
2020-02-08 14:20:52,89.9516,True
2020-02-08 14:20:53,89.9009,True
2020-02-08 14:20:54,89.9487,True
2020-02-08 14:20:55,89.9965,True
2020-02-08 14:20:56,90.0392,True
2020-02-08 14:20:57,89.8888,True
2020-02-08 14:20:58,89.8856,True
2020-02-08 14:20:59,90.0978,True
2020-02-08 14:21:00,89.817,True
2020-02-08 14:21:01,89.3621,True
2020-02-08 14:21:02,89.9051,True
2020-02-08 14:21:03,89.3898,True
2020-02-08 14:21:04,89.6716,True
2020-02-08 14:21:05,89.9534,True
2020-02-08 14:21:06,89.806,True
2020-02-08 14:21:07,89.3512,True
2020-02-08 14:21:08,89.5003,True
2020-02-08 14:21:09,89.6238,True
2020-02-08 14:21:10,89.4758,True
2020-02-08 14:21:11,89.2903,True
2020-02-08 14:21:12,89.4984,True
2020-02-08 14:21:13,89.3445,True
2020-02-08 14:21:14,89.3114,True
2020-02-08 14:21:15,89.3865,True
2020-02-08 14:21:16,89.4155,True
2020-02-08 14:21:17,89.4599,True
2020-02-08 14:21:18,89.5043,True
2020-02-08 14:21:19,89.4888,True
2020-02-08 14:21:20,89.3469,True
2020-02-08 14:21:21,89.3595,True
2020-02-08 14:21:22,89.3357,True
2020-02-08 14:21:23,89.3117,True
2020-02-08 14:21:24,89.4754,True
2020-02-08 14:21:25,89.3908,True
2020-02-08 14:21:26,89.4002,True
2020-02-08 14:21:27,89.3945,True
2020-02-08 14:21:28,89.3752,True
2020-02-08 14:21:29,89.151,True
2020-02-08 14:21:30,89.3255,True
2020-02-08 14:21:31,89.39070000000001,True
2020-02-08 14:21:32,89.4559,True
2020-02-08 14:21:33,89.2827,True
2020-02-08 14:21:34,89.2875,True
2020-02-08 14:21:35,89.243,True
2020-02-08 14:21:36,89.348,True
2020-02-08 14:21:37,89.2271,True
2020-02-08 14:21:38,89.2195,True
2020-02-08 14:21:39,89.362,True
2020-02-08 14:21:40,89.29,True
2020-02-08 14:21:41,89.2375,True
2020-02-08 14:21:42,89.1328,True
2020-02-08 14:21:43,89.1212,True
2020-02-08 14:21:44,89.28885,True
2020-02-08 14:21:45,89.4565,True
2020-02-08 14:21:46,89.2784,True
2020-02-08 14:21:47,89.3488,True
2020-02-08 14:21:48,89.2534,True
2020-02-08 14:21:49,89.3268,True
2020-02-08 14:21:50,89.6876,True
2020-02-08 14:21:51,89.8615,True
2020-02-08 14:21:52,89.7774,True
2020-02-08 14:21:53,89.7478,True
2020-02-08 14:21:54,89.7757,True
2020-02-08 14:21:55,89.7968,True
2020-02-08 14:21:56,89.6864,True
2020-02-08 14:21:57,89.8335,True
2020-02-08 14:21:58,89.9439,True
2020-02-08 14:21:59,89.83160000000001,True
2020-02-08 14:22:00,89.7193,True
2020-02-08 14:22:01,89.7835,True
2020-02-08 14:22:02,89.82,True
2020-02-08 14:22:03,89.7837,True
2020-02-08 14:22:04,89.9326,True
2020-02-08 14:22:05,89.7492,True
2020-02-08 14:22:06,89.7711,True
2020-02-08 14:22:07,89.8499,True
2020-02-08 14:22:08,89.7366,True
2020-02-08 14:22:09,89.9017,True
2020-02-08 14:22:10,89.8489,True
2020-02-08 14:22:11,89.8143,True
2020-02-08 14:22:12,89.84495000000001,True
2020-02-08 14:22:13,89.8756,True
2020-02-08 14:22:14,89.9547,True
2020-02-08 14:22:15,90.024,True
2020-02-08 14:22:16,89.8393,True
2020-02-08 14:22:17,89.9154,True
2020-02-08 14:22:18,89.8573,True
2020-02-08 14:22:19,89.9717,True
2020-02-08 14:22:20,89.7709,True
2020-02-08 14:22:21,90.1494,True
2020-02-08 14:22:22,90.065,True
2020-02-08 14:22:23,90.031,True
2020-02-08 14:22:24,89.8571,True
2020-02-08 14:22:25,89.874,True
2020-02-08 14:22:26,89.6606,True
2020-02-08 14:22:27,89.4303,True
2020-02-08 14:22:28,89.68885,True
2020-02-08 14:22:29,89.9474,True
2020-02-08 14:22:30,90.1211,True
2020-02-08 14:22:31,90.0716,True
2020-02-08 14:22:32,89.9512,True
2020-02-08 14:22:33,89.5184,True
2020-02-08 14:22:34,89.7792,True
2020-02-08 14:22:35,90.0227,True
2020-02-08 14:22:36,89.3098,True
2020-02-08 14:22:37,90.0641,True
2020-02-08 14:22:38,90.0968,True
2020-02-08 14:22:39,90.0396,True
2020-02-08 14:22:40,89.9622,True
2020-02-08 14:22:41,89.6621,True
2020-02-08 14:22:42,89.4453,True
2020-02-08 14:22:43,90.0695,True
2020-02-08 14:22:44,89.4613,True
2020-02-08 14:22:45,89.409,True
2020-02-08 14:22:46,89.4753,True
2020-02-08 14:22:47,89.5416,True
2020-02-08 14:22:48,89.2742,True
2020-02-08 14:22:49,89.4153,True
2020-02-08 14:22:50,89.488,True
2020-02-08 14:22:51,89.5417,True
2020-02-08 14:22:52,89.2877,True
2020-02-08 14:22:53,89.482,True
2020-02-08 14:22:54,89.47,True
2020-02-08 14:22:55,89.3327,True
2020-02-08 14:22:56,89.4069,True
2020-02-08 14:22:57,89.3414,True
2020-02-08 14:22:58,89.5663,True
2020-02-08 14:22:59,89.4755,True
2020-02-08 14:23:00,89.3847,True
2020-02-08 14:23:01,89.5676,True
2020-02-08 14:23:02,89.4395,True
2020-02-08 14:23:03,89.5596,True
2020-02-08 14:23:04,89.4466,True
2020-02-08 14:23:05,89.3585,True
2020-02-08 14:23:06,89.2192,True
2020-02-08 14:23:07,89.2374,True
2020-02-08 14:23:08,89.343,True
2020-02-08 14:23:09,89.4043,True
2020-02-08 14:23:10,89.7731,True
2020-02-08 14:23:11,89.2133,True
2020-02-08 14:23:12,89.2684,True
2020-02-08 14:23:13,89.43950000000001,True
2020-02-08 14:23:14,89.6106,True
2020-02-08 14:23:15,89.347,True
2020-02-08 14:23:16,89.5648,True
2020-02-08 14:23:17,89.8567,True
2020-02-08 14:23:18,89.8353,True
2020-02-08 14:23:19,89.6295,True
2020-02-08 14:23:20,89.7858,True
2020-02-08 14:23:21,89.9176,True
2020-02-08 14:23:22,89.824,True
2020-02-08 14:23:23,89.831,True
2020-02-08 14:23:24,89.8486,True
2020-02-08 14:23:25,89.7357,True
2020-02-08 14:23:26,89.7982,True
2020-02-08 14:23:27,89.82275,True
2020-02-08 14:23:28,89.8473,True
2020-02-08 14:23:29,89.9187,True
2020-02-08 14:23:30,89.7887,True
2020-02-08 14:23:31,89.7474,True
2020-02-08 14:23:32,89.9717,True
2020-02-08 14:23:33,89.826,True
2020-02-08 14:23:34,89.8231,True
2020-02-08 14:23:35,90.0811,True
2020-02-08 14:23:36,90.0286,True
2020-02-08 14:23:37,90.0082,True
2020-02-08 14:23:38,89.8648,True
2020-02-08 14:23:39,89.8954,True
2020-02-08 14:23:40,89.6744,True
2020-02-08 14:23:41,89.79405,True
2020-02-08 14:23:42,89.9137,True
2020-02-08 14:23:43,90.0426,True
2020-02-08 14:23:44,89.8339,True
2020-02-08 14:23:45,89.8651,True
2020-02-08 14:23:46,89.9891,True
2020-02-08 14:23:47,90.055,True
2020-02-08 14:23:48,89.9879,True
2020-02-08 14:23:49,89.9969,True
2020-02-08 14:23:50,89.9832,True
2020-02-08 14:23:51,89.6431,True
2020-02-08 14:23:52,89.9739,True
2020-02-08 14:23:53,89.9451,True
2020-02-08 14:23:54,89.4666,True
2020-02-08 14:23:55,89.54975,True
2020-02-08 14:23:56,89.6329,True
2020-02-08 14:23:57,89.8108,True
2020-02-08 14:23:58,89.836,True
2020-02-08 14:23:59,89.9423,True
2020-02-08 14:24:00,90.1189,True
2020-02-08 14:24:01,89.4007,True
2020-02-08 14:24:02,90.1294,True
2020-02-08 14:24:03,89.4743,True
2020-02-08 14:24:04,89.5909,True
2020-02-08 14:24:05,89.4844,True
2020-02-08 14:24:06,89.6289,True
2020-02-08 14:24:07,89.3259,True
2020-02-08 14:24:08,89.4845,True
2020-02-08 14:24:09,89.4314,True
2020-02-08 14:24:10,89.3783,True
2020-02-08 14:24:11,89.3564,True
2020-02-08 14:24:12,89.4388,True
2020-02-08 14:24:13,89.3142,True
2020-02-08 14:24:14,89.4047,True
2020-02-08 14:24:15,89.3739,True
2020-02-08 14:24:16,89.3584,True
2020-02-08 14:24:17,89.3116,True
2020-02-08 14:24:18,89.4572,True
2020-02-08 14:24:19,89.3589,True
2020-02-08 14:24:20,89.3258,True
2020-02-08 14:24:21,89.3995,True
2020-02-08 14:24:22,89.48695000000001,True
2020-02-08 14:24:23,89.5744,True
2020-02-08 14:24:24,89.3614,True
2020-02-08 14:24:25,89.42,True
2020-02-08 14:24:26,89.2941,True
2020-02-08 14:24:27,89.3848,True
2020-02-08 14:24:28,89.3245,True
2020-02-08 14:24:29,89.4184,True
2020-02-08 14:24:30,89.5051,True
2020-02-08 14:24:31,89.3642,True
2020-02-08 14:24:32,89.2992,True
2020-02-08 14:24:33,89.42,True
2020-02-08 14:24:34,89.1981,True
2020-02-08 14:24:35,89.256,True
2020-02-08 14:24:36,89.3951,True
2020-02-08 14:24:37,89.1302,True
2020-02-08 14:24:38,89.1127,True
2020-02-08 14:24:39,89.2281,True
2020-02-08 14:24:40,89.2236,True
2020-02-08 14:24:41,89.2191,True
2020-02-08 14:24:42,89.2147,True
2020-02-08 14:24:43,89.8636,True
2020-02-08 14:24:44,89.636,True
2020-02-08 14:24:45,89.3303,True
2020-02-08 14:24:46,89.3952,True
2020-02-08 14:24:47,89.8689,True
2020-02-08 14:24:48,89.1334,True
2020-02-08 14:24:49,89.7059,True
2020-02-08 14:24:50,89.5378,True
2020-02-08 14:24:51,89.8312,True
2020-02-08 14:24:52,89.257,True
2020-02-08 14:24:53,89.7324,True
2020-02-08 14:24:54,89.78790000000001,True
2020-02-08 14:24:55,89.8434,True
2020-02-08 14:24:56,89.7408,True
2020-02-08 14:24:57,89.7697,True
2020-02-08 14:24:58,89.682,True
2020-02-08 14:24:59,89.6789,True
2020-02-08 14:25:00,89.8286,True
2020-02-08 14:25:01,89.839,True
2020-02-08 14:25:02,89.9917,True
2020-02-08 14:25:03,89.7249,True
2020-02-08 14:25:04,89.8202,True
2020-02-08 14:25:05,90.0113,True
2020-02-08 14:25:06,89.8547,True
2020-02-08 14:25:07,89.9569,True
2020-02-08 14:25:08,89.9586,True
2020-02-08 14:25:09,89.7901,True
2020-02-08 14:25:10,89.83615,True
2020-02-08 14:25:11,89.8822,True
2020-02-08 14:25:12,89.9165,True
2020-02-08 14:25:13,89.9897,True
2020-02-08 14:25:14,89.7106,True
2020-02-08 14:25:15,90.0812,True
2020-02-08 14:25:16,90.021,True
2020-02-08 14:25:17,89.9941,True
2020-02-08 14:25:18,89.9303,True
2020-02-08 14:25:19,89.5359,True
2020-02-08 14:25:20,89.8549,True
2020-02-08 14:25:21,89.9224,True
2020-02-08 14:25:22,89.9281,True
2020-02-08 14:25:23,89.9194,True
2020-02-08 14:25:24,89.2408,True
2020-02-08 14:25:25,89.31909999999999,True
2020-02-08 14:25:26,89.3974,True
2020-02-08 14:25:27,89.5408,True
2020-02-08 14:25:28,89.4864,True
2020-02-08 14:25:29,89.5957,True
2020-02-08 14:25:30,90.025,True
2020-02-08 14:25:31,89.9507,True
2020-02-08 14:25:32,89.5018,True
2020-02-08 14:25:33,89.4937,True
2020-02-08 14:25:34,89.2888,True
2020-02-08 14:25:35,89.3139,True
2020-02-08 14:25:36,89.3527,True
2020-02-08 14:25:37,89.4222,True
2020-02-08 14:25:38,89.411,True
2020-02-08 14:25:39,89.1833,True
2020-02-08 14:25:40,89.3453,True
2020-02-08 14:25:41,89.36580000000001,True
2020-02-08 14:25:42,89.3863,True
2020-02-08 14:25:43,89.2088,True
2020-02-08 14:25:44,89.4303,True
2020-02-08 14:25:45,89.3455,True
2020-02-08 14:25:46,89.341,True
2020-02-08 14:25:47,89.3324,True
2020-02-08 14:25:48,89.3435,True
2020-02-08 14:25:49,89.3705,True
2020-02-08 14:25:50,89.3459,True
2020-02-08 14:25:51,89.4538,True
2020-02-08 14:25:52,89.4097,True
2020-02-08 14:25:53,89.432,True
2020-02-08 14:25:54,89.2385,True
2020-02-08 14:25:55,89.439,True
2020-02-08 14:25:56,89.4061,True
2020-02-08 14:25:57,89.3732,True
2020-02-08 14:25:58,89.2363,True
2020-02-08 14:25:59,89.2355,True
2020-02-08 14:26:00,89.2946,True
2020-02-08 14:26:01,89.4441,True
2020-02-08 14:26:02,89.3039,True
2020-02-08 14:26:03,89.3894,True
2020-02-08 14:26:04,89.1793,True
2020-02-08 14:26:05,89.2512,True
2020-02-08 14:26:06,89.376,True
2020-02-08 14:26:07,89.0852,True
2020-02-08 14:26:08,89.4412,True
2020-02-08 14:26:09,89.2157,True
2020-02-08 14:26:10,89.3,True
2020-02-08 14:26:11,89.34995,True
2020-02-08 14:26:12,89.3999,True
2020-02-08 14:26:13,89.4839,True
2020-02-08 14:26:14,89.2104,True
2020-02-08 14:26:15,89.0839,True
2020-02-08 14:26:16,89.125,True
2020-02-08 14:26:17,89.1211,True
2020-02-08 14:26:18,89.7458,True
2020-02-08 14:26:19,89.2923,True
2020-02-08 14:26:20,89.3584,True
2020-02-08 14:26:21,89.8164,True
2020-02-08 14:26:22,89.3302,True
2020-02-08 14:26:23,89.8307,True
2020-02-08 14:26:24,89.2483,True
2020-02-08 14:26:25,89.2968,True
2020-02-08 14:26:26,89.7698,True
2020-02-08 14:26:27,89.7379,True
2020-02-08 14:26:28,89.72739999999999,True
2020-02-08 14:26:29,89.7169,True
2020-02-08 14:26:30,89.7657,True
2020-02-08 14:26:31,89.8129,True
2020-02-08 14:26:32,89.612,True
2020-02-08 14:26:33,89.8591,True
2020-02-08 14:26:34,89.6904,True
2020-02-08 14:26:35,89.8835,True
2020-02-08 14:26:36,90.1263,True
2020-02-08 14:26:37,89.9113,True
2020-02-08 14:26:38,89.8021,True
2020-02-08 14:26:39,89.8965,True
2020-02-08 14:26:40,89.9295,True
2020-02-08 14:26:41,89.8648,True
2020-02-08 14:26:42,90.0694,True
2020-02-08 14:26:43,90.0342,True
2020-02-08 14:26:44,89.828,True
2020-02-08 14:26:45,90.002,True
2020-02-08 14:26:46,89.98285,True
2020-02-08 14:26:47,89.9637,True
2020-02-08 14:26:48,89.9303,True
2020-02-08 14:26:49,89.9001,True
2020-02-08 14:26:50,89.3484,True
2020-02-08 14:26:51,89.6003,True
2020-02-08 14:26:52,89.9932,True
2020-02-08 14:26:53,89.9195,True
2020-02-08 14:26:54,89.3917,True
2020-02-08 14:26:55,89.2359,True
2020-02-08 14:26:56,89.3413,True
2020-02-08 14:26:57,89.3664,True
2020-02-08 14:26:58,90.0339,True
2020-02-08 14:26:59,89.5918,True
2020-02-08 14:27:00,89.4239,True
2020-02-08 14:27:01,89.1829,True
2020-02-08 14:27:02,89.2089,True
2020-02-08 14:27:03,89.2349,True
2020-02-08 14:27:04,89.2437,True
2020-02-08 14:27:05,89.2347,True
2020-02-08 14:27:06,89.5249,True
2020-02-08 14:27:07,89.4588,True
2020-02-08 14:27:08,89.3086,True
2020-02-08 14:27:09,89.2789,True
2020-02-08 14:27:10,89.4948,True
2020-02-08 14:27:11,89.41,True
2020-02-08 14:27:12,89.4782,True
2020-02-08 14:27:13,89.3067,True
2020-02-08 14:27:14,89.2003,True
2020-02-08 14:27:15,89.4476,True
2020-02-08 14:27:16,89.0354,True
2020-02-08 14:27:17,89.2055,True
2020-02-08 14:27:18,89.30330000000001,True
2020-02-08 14:27:19,89.4011,True
2020-02-08 14:27:20,89.2062,True
2020-02-08 14:27:21,89.1058,True
2020-02-08 14:27:22,89.1898,True
2020-02-08 14:27:23,89.2457,True
2020-02-08 14:27:24,89.4988,True
2020-02-08 14:27:25,89.3109,True
2020-02-08 14:27:26,89.3087,True
2020-02-08 14:27:27,89.6731,True
2020-02-08 14:27:28,89.2697,True
2020-02-08 14:27:29,89.1008,True
2020-02-08 14:27:30,89.5036,True
2020-02-08 14:27:31,89.6529,True
2020-02-08 14:27:32,89.2385,True
2020-02-08 14:27:33,89.6973,True
2020-02-08 14:27:34,89.6907,True
2020-02-08 14:27:35,89.46010000000001,True
2020-02-08 14:27:36,89.2295,True
2020-02-08 14:27:37,89.7854,True
2020-02-08 14:27:38,89.8719,True
2020-02-08 14:27:39,89.6471,True
2020-02-08 14:27:40,89.7897,True
2020-02-08 14:27:41,89.6737,True
2020-02-08 14:27:42,89.75,True
2020-02-08 14:27:43,89.8136,True
2020-02-08 14:27:44,89.8114,True
2020-02-08 14:27:45,89.7245,True
2020-02-08 14:27:46,89.7643,True
2020-02-08 14:27:47,89.7738,True
2020-02-08 14:27:48,89.7362,True
2020-02-08 14:27:49,89.6328,True
2020-02-08 14:27:50,89.68865,True
2020-02-08 14:27:51,89.7445,True
2020-02-08 14:27:52,89.6527,True
2020-02-08 14:27:53,89.714,True
2020-02-08 14:27:54,89.7417,True
2020-02-08 14:27:55,89.7199,True
2020-02-08 14:27:56,89.6676,True
2020-02-08 14:27:57,89.6541,True
2020-02-08 14:27:58,89.759,True
2020-02-08 14:27:59,89.7671,True
2020-02-08 14:28:00,89.5975,True
2020-02-08 14:28:01,89.7063,True
2020-02-08 14:28:02,89.7361,True
2020-02-08 14:28:03,90.0422,True
2020-02-08 14:28:04,89.7997,True
2020-02-08 14:28:05,89.8681,True
2020-02-08 14:28:06,89.77765,True
2020-02-08 14:28:07,89.6872,True
2020-02-08 14:28:08,89.8593,True
2020-02-08 14:28:09,89.7642,True
2020-02-08 14:28:10,89.9508,True
2020-02-08 14:28:11,89.9967,True
2020-02-08 14:28:12,89.9839,True
2020-02-08 14:28:13,89.4165,True
2020-02-08 14:28:14,89.7466,True
2020-02-08 14:28:15,89.4472,True
2020-02-08 14:28:16,89.227,True
2020-02-08 14:28:17,89.8857,True
2020-02-08 14:28:18,89.3934,True
2020-02-08 14:28:19,89.7978,True
2020-02-08 14:28:20,89.5385,True
2020-02-08 14:28:21,89.2101,True
2020-02-08 14:28:22,89.2209,True
2020-02-08 14:28:23,89.2317,True
2020-02-08 14:28:24,89.8632,True
2020-02-08 14:28:25,89.3877,True
2020-02-08 14:28:26,89.2319,True
2020-02-08 14:28:27,89.167,True
2020-02-08 14:28:28,89.3924,True
2020-02-08 14:28:29,89.2923,True
2020-02-08 14:28:30,89.7254,True
2020-02-08 14:28:31,89.3034,True
2020-02-08 14:28:32,89.3885,True
2020-02-08 14:28:33,89.3277,True
2020-02-08 14:28:34,89.531,True
2020-02-08 14:28:35,89.5546,True
2020-02-08 14:28:36,89.3396,True
2020-02-08 14:28:37,90.019,True
2020-02-08 14:28:38,89.1874,True
2020-02-08 14:28:39,89.3746,True
2020-02-08 14:28:40,89.2505,True
2020-02-08 14:28:41,89.2668,True
2020-02-08 14:28:42,89.2831,True
2020-02-08 14:28:43,89.371,True
2020-02-08 14:28:44,89.387,True
2020-02-08 14:28:45,89.318,True
2020-02-08 14:28:46,89.345,True
2020-02-08 14:28:47,89.1467,True
2020-02-08 14:28:48,89.226,True
2020-02-08 14:28:49,89.3477,True
2020-02-08 14:28:50,89.3472,True
2020-02-08 14:28:51,89.1762,True
2020-02-08 14:28:52,89.3904,True
2020-02-08 14:28:53,89.2387,True
2020-02-08 14:28:54,89.1146,True
2020-02-08 14:28:55,89.1481,True
2020-02-08 14:28:56,89.1311,True
2020-02-08 14:28:57,89.1141,True
2020-02-08 14:28:58,88.9231,True
2020-02-08 14:28:59,89.3377,True
2020-02-08 14:29:00,89.1704,True
2020-02-08 14:29:01,89.1767,True
2020-02-08 14:29:02,89.35,True
2020-02-08 14:29:03,89.408,True
2020-02-08 14:29:04,89.1541,True
2020-02-08 14:29:05,89.2707,True
2020-02-08 14:29:06,89.3686,True
2020-02-08 14:29:07,89.1521,True
2020-02-08 14:29:08,89.228,True
2020-02-08 14:29:09,89.2336,True
2020-02-08 14:29:10,89.2084,True
2020-02-08 14:29:11,89.2462,True
2020-02-08 14:29:12,89.1289,True
2020-02-08 14:29:13,89.0116,True
2020-02-08 14:29:14,89.0822,True
2020-02-08 14:29:15,89.1607,True
2020-02-08 14:29:16,89.1728,True
2020-02-08 14:29:17,89.1938,True
2020-02-08 14:29:18,89.0538,True
2020-02-08 14:29:19,89.6972,True
2020-02-08 14:29:20,89.1428,True
2020-02-08 14:29:21,89.4857,True
2020-02-08 14:29:22,89.098,True
2020-02-08 14:29:23,89.1184,True
2020-02-08 14:29:24,89.1927,True
2020-02-08 14:29:25,89.2027,True
2020-02-08 14:29:26,89.273,True
2020-02-08 14:29:27,89.3227,True
2020-02-08 14:29:28,89.623,True
2020-02-08 14:29:29,89.4776,True
2020-02-08 14:29:30,89.3322,True
2020-02-08 14:29:31,89.6415,True
2020-02-08 14:29:32,89.6302,True
2020-02-08 14:29:33,89.7747,True
2020-02-08 14:29:34,89.6782,True
2020-02-08 14:29:35,89.238,True
2020-02-08 14:29:36,89.2124,True
2020-02-08 14:29:37,89.6343,True
2020-02-08 14:29:38,89.7185,True
2020-02-08 14:29:39,89.7246,True
2020-02-08 14:29:40,89.6412,True
2020-02-08 14:29:41,89.7761,True
2020-02-08 14:29:42,89.6499,True
2020-02-08 14:29:43,89.6292,True
2020-02-08 14:29:44,89.69305,True
2020-02-08 14:29:45,89.7569,True
2020-02-08 14:29:46,89.5772,True
2020-02-08 14:29:47,89.7427,True
2020-02-08 14:29:48,89.6678,True
2020-02-08 14:29:49,89.8713,True
2020-02-08 14:29:50,89.6927,True
2020-02-08 14:29:51,89.6864,True
2020-02-08 14:29:52,89.8561,True
2020-02-08 14:29:53,89.603,True
2020-02-08 14:29:54,90.1033,True
2020-02-08 14:29:55,89.7171,True
2020-02-08 14:29:56,89.7921,True
2020-02-08 14:29:57,89.9026,True
2020-02-08 14:29:58,89.9088,True
2020-02-08 14:29:59,89.7715,True
2020-02-08 14:30:00,89.83745,True
2020-02-08 14:30:01,89.9034,True
2020-02-08 14:30:02,89.8456,True
2020-02-08 14:30:03,89.8623,True
2020-02-08 14:30:04,89.9733,True
2020-02-08 14:30:05,89.384,True
2020-02-08 14:30:06,89.5445,True
2020-02-08 14:30:07,89.3053,True
2020-02-08 14:30:08,89.727,True
2020-02-08 14:30:09,89.8655,True
2020-02-08 14:30:10,89.2964,True
2020-02-08 14:30:11,89.1057,True
2020-02-08 14:30:12,89.2315,True
2020-02-08 14:30:13,89.3022,True
2020-02-08 14:30:14,89.2054,True
2020-02-08 14:30:15,89.2392,True
2020-02-08 14:30:16,89.3141,True
2020-02-08 14:30:17,89.389,True
2020-02-08 14:30:18,89.3048,True
2020-02-08 14:30:19,89.3113,True
2020-02-08 14:30:20,89.2932,True
2020-02-08 14:30:21,89.3145,True
2020-02-08 14:30:22,89.2975,True
2020-02-08 14:30:23,89.2688,True
2020-02-08 14:30:24,89.3255,True
2020-02-08 14:30:25,89.1896,True
2020-02-08 14:30:26,89.2984,True
2020-02-08 14:30:27,89.2976,True
2020-02-08 14:30:28,89.029,True
2020-02-08 14:30:29,89.4014,True
2020-02-08 14:30:30,89.323,True
2020-02-08 14:30:31,89.1678,True
2020-02-08 14:30:32,89.4474,True
2020-02-08 14:30:33,89.1488,True
2020-02-08 14:30:34,89.093,True
2020-02-08 14:30:35,89.14255,True
2020-02-08 14:30:36,89.1921,True
2020-02-08 14:30:37,89.1583,True
2020-02-08 14:30:38,89.1122,True
2020-02-08 14:30:39,89.0021,True
2020-02-08 14:30:40,89.0991,True
2020-02-08 14:30:41,89.1288,True
2020-02-08 14:30:42,89.5041,True
2020-02-08 14:30:43,89.1566,True
2020-02-08 14:30:44,89.2303,True
2020-02-08 14:30:45,89.7098,True
2020-02-08 14:30:46,89.1042,True
2020-02-08 14:30:47,89.657,True
2020-02-08 14:30:48,89.6205,True
2020-02-08 14:30:49,89.0918,True
2020-02-08 14:30:50,89.7677,True
2020-02-08 14:30:51,89.4344,True
2020-02-08 14:30:52,89.37955,True
2020-02-08 14:30:53,89.3247,True
2020-02-08 14:30:54,89.419,True
2020-02-08 14:30:55,89.1527,True
2020-02-08 14:30:56,89.6932,True
2020-02-08 14:30:57,89.7383,True
2020-02-08 14:30:58,89.4583,True
2020-02-08 14:30:59,89.7336,True
2020-02-08 14:31:00,89.6365,True
2020-02-08 14:31:01,89.6673,True
2020-02-08 14:31:02,89.7139,True
2020-02-08 14:31:03,89.7605,True
2020-02-08 14:31:04,89.4695,True
2020-02-08 14:31:05,89.8715,True
2020-02-08 14:31:06,89.794,True
2020-02-08 14:31:07,89.7263,True
2020-02-08 14:31:08,89.5984,True
2020-02-08 14:31:09,89.5547,True
2020-02-08 14:31:10,89.7317,True
2020-02-08 14:31:11,89.6443,True
2020-02-08 14:31:12,89.7301,True
2020-02-08 14:31:13,89.8058,True
2020-02-08 14:31:14,89.6576,True
2020-02-08 14:31:15,89.9212,True
2020-02-08 14:31:16,89.77225,True
2020-02-08 14:31:17,89.6233,True
2020-02-08 14:31:18,89.8155,True
2020-02-08 14:31:19,89.8946,True
2020-02-08 14:31:20,89.7719,True
2020-02-08 14:31:21,89.7986,True
2020-02-08 14:31:22,89.8992,True
2020-02-08 14:31:23,89.9957,True
2020-02-08 14:31:24,89.4874,True
2020-02-08 14:31:25,89.9725,True
2020-02-08 14:31:26,89.9127,True
2020-02-08 14:31:27,89.7113,True
2020-02-08 14:31:28,89.566,True
2020-02-08 14:31:29,89.4842,True
2020-02-08 14:31:30,89.3869,True
2020-02-08 14:31:31,89.27735,True
2020-02-08 14:31:32,89.1678,True
2020-02-08 14:31:33,89.2822,True
2020-02-08 14:31:34,89.3952,True
2020-02-08 14:31:35,89.47,True
2020-02-08 14:31:36,89.2421,True
2020-02-08 14:31:37,89.2249,True
2020-02-08 14:31:38,89.2685,True
2020-02-08 14:31:39,89.2878,True
2020-02-08 14:31:40,89.2061,True
2020-02-08 14:31:41,89.3885,True
2020-02-08 14:31:42,89.3754,True
2020-02-08 14:31:43,89.3746,True
2020-02-08 14:31:44,89.3762,True
2020-02-08 14:31:45,89.0229,True
2020-02-08 14:31:46,89.1406,True
2020-02-08 14:31:47,89.2583,True
2020-02-08 14:31:48,89.2942,True
2020-02-08 14:31:49,89.3293,True
2020-02-08 14:31:50,89.2675,True
2020-02-08 14:31:51,89.1308,True
2020-02-08 14:31:52,89.2148,True
2020-02-08 14:31:53,88.997,True
2020-02-08 14:31:54,89.1188,True
2020-02-08 14:31:55,89.3262,True
2020-02-08 14:31:56,89.1912,True
2020-02-08 14:31:57,89.2817,True
2020-02-08 14:31:58,89.1273,True
2020-02-08 14:31:59,89.4911,True
2020-02-08 14:32:00,89.1574,True
2020-02-08 14:32:01,89.1559,True
2020-02-08 14:32:02,89.1544,True
2020-02-08 14:32:03,89.2331,True
2020-02-08 14:32:04,89.1933,True
2020-02-08 14:32:05,89.083,True
2020-02-08 14:32:06,89.1218,True
2020-02-08 14:32:07,89.2061,True
2020-02-08 14:32:08,89.0178,True
2020-02-08 14:32:09,89.1973,True
2020-02-08 14:32:10,89.2357,True
2020-02-08 14:32:11,89.6912,True
2020-02-08 14:32:12,89.7227,True
2020-02-08 14:32:13,89.0796,True
2020-02-08 14:32:14,89.2271,True
2020-02-08 14:32:15,89.1351,True
2020-02-08 14:32:16,89.3707,True
2020-02-08 14:32:17,89.6063,True
2020-02-08 14:32:18,89.1364,True
2020-02-08 14:32:19,89.151,True
2020-02-08 14:32:20,89.3367,True
2020-02-08 14:32:21,89.4756,True
2020-02-08 14:32:22,89.779,True
2020-02-08 14:32:23,89.7567,True
2020-02-08 14:32:24,89.132,True
2020-02-08 14:32:25,89.6023,True
2020-02-08 14:32:26,89.6586,True
2020-02-08 14:32:27,89.6909,True
2020-02-08 14:32:28,89.7053,True
2020-02-08 14:32:29,89.6853,True
2020-02-08 14:32:30,89.7588,True
2020-02-08 14:32:31,89.8185,True
2020-02-08 14:32:32,89.6051,True
2020-02-08 14:32:33,89.673,True
2020-02-08 14:32:34,89.72370000000001,True
2020-02-08 14:32:35,89.7744,True
2020-02-08 14:32:36,89.7134,True
2020-02-08 14:32:37,89.6882,True
2020-02-08 14:32:38,89.6162,True
2020-02-08 14:32:39,89.7878,True
2020-02-08 14:32:40,89.5962,True
2020-02-08 14:32:41,89.8079,True
2020-02-08 14:32:42,89.7506,True
2020-02-08 14:32:43,89.7082,True
2020-02-08 14:32:44,89.7381,True
2020-02-08 14:32:45,89.8279,True
2020-02-08 14:32:46,89.6806,True
2020-02-08 14:32:47,89.6745,True
2020-02-08 14:32:48,89.8237,True
2020-02-08 14:32:49,89.6604,True
2020-02-08 14:32:50,89.674,True
2020-02-08 14:32:51,89.6876,True
2020-02-08 14:32:52,89.677,True
2020-02-08 14:32:53,89.6694,True
2020-02-08 14:32:54,89.755,True
2020-02-08 14:32:55,90.1157,True
2020-02-08 14:32:56,89.7775,True
2020-02-08 14:32:57,89.9218,True
2020-02-08 14:32:58,89.8972,True
2020-02-08 14:32:59,89.792,True
2020-02-08 14:33:00,89.9329,True
2020-02-08 14:33:01,89.8266,True
2020-02-08 14:33:02,90.0395,True
2020-02-08 14:33:03,89.7568,True
2020-02-08 14:33:04,89.8611,True
2020-02-08 14:33:05,89.50909999999999,True
2020-02-08 14:33:06,89.1571,True
2020-02-08 14:33:07,89.7156,True
2020-02-08 14:33:08,89.3286,True
2020-02-08 14:33:09,89.2789,True
2020-02-08 14:33:10,89.3162,True
2020-02-08 14:33:11,89.7553,True
2020-02-08 14:33:12,89.2747,True
2020-02-08 14:33:13,89.1253,True
2020-02-08 14:33:14,89.2269,True
2020-02-08 14:33:15,89.5196,True
2020-02-08 14:33:16,89.7519,True
2020-02-08 14:33:17,89.2826,True
2020-02-08 14:33:18,89.2708,True
2020-02-08 14:33:19,89.1686,True
2020-02-08 14:33:20,89.2004,True
2020-02-08 14:33:21,89.2322,True
2020-02-08 14:33:22,89.2864,True
2020-02-08 14:33:23,89.204,True
2020-02-08 14:33:24,89.3234,True
2020-02-08 14:33:25,89.4241,True
2020-02-08 14:33:26,89.4385,True
2020-02-08 14:33:27,89.387,True
2020-02-08 14:33:28,89.3718,True
2020-02-08 14:33:29,89.1768,True
2020-02-08 14:33:30,89.1676,True
2020-02-08 14:33:31,89.2115,True
2020-02-08 14:33:32,89.366,True
2020-02-08 14:33:33,89.2967,True
2020-02-08 14:33:34,89.23505,True
2020-02-08 14:33:35,89.1734,True
2020-02-08 14:33:36,89.2809,True
2020-02-08 14:33:37,88.9602,True
2020-02-08 14:33:38,89.2428,True
2020-02-08 14:33:39,89.3137,True
2020-02-08 14:33:40,89.1268,True
2020-02-08 14:33:41,89.1562,True
2020-02-08 14:33:42,89.2762,True
2020-02-08 14:33:43,88.9848,True
2020-02-08 14:33:44,89.2675,True
2020-02-08 14:33:45,89.4024,True
2020-02-08 14:33:46,89.1788,True
2020-02-08 14:33:47,88.9369,True
2020-02-08 14:33:48,89.1634,True
2020-02-08 14:33:49,89.20769999999999,True
2020-02-08 14:33:50,89.252,True
2020-02-08 14:33:51,89.2737,True
2020-02-08 14:33:52,89.1507,True
2020-02-08 14:33:53,89.2284,True
2020-02-08 14:33:54,89.1862,True
2020-02-08 14:33:55,89.152,True
2020-02-08 14:33:56,89.1531,True
2020-02-08 14:33:57,89.3152,True
2020-02-08 14:33:58,89.6822,True
2020-02-08 14:33:59,89.0506,True
2020-02-08 14:34:00,88.9859,True
2020-02-08 14:34:01,89.0277,True
2020-02-08 14:34:02,89.3085,True
2020-02-08 14:34:03,89.6277,True
2020-02-08 14:34:04,89.6111,True
2020-02-08 14:34:05,89.423,True
2020-02-08 14:34:06,89.2349,True
2020-02-08 14:34:07,89.5335,True
2020-02-08 14:34:08,89.7169,True
2020-02-08 14:34:09,89.6829,True
2020-02-08 14:34:10,89.5939,True
2020-02-08 14:34:11,89.7139,True
2020-02-08 14:34:12,89.6887,True
2020-02-08 14:34:13,89.6168,True
2020-02-08 14:34:14,89.6048,True
2020-02-08 14:34:15,89.861,True
2020-02-08 14:34:16,89.5249,True
2020-02-08 14:34:17,89.7023,True
2020-02-08 14:34:18,89.7749,True
2020-02-08 14:34:19,89.73655,True
2020-02-08 14:34:20,89.6982,True
2020-02-08 14:34:21,89.837,True
2020-02-08 14:34:22,89.5932,True
2020-02-08 14:34:23,89.6638,True
2020-02-08 14:34:24,89.811,True
2020-02-08 14:34:25,89.7461,True
2020-02-08 14:34:26,89.9824,True
2020-02-08 14:34:27,89.6538,True
2020-02-08 14:34:28,89.7272,True
2020-02-08 14:34:29,89.6993,True
2020-02-08 14:34:30,89.7868,True
2020-02-08 14:34:31,90.0506,True
2020-02-08 14:34:32,89.6178,True
2020-02-08 14:34:33,89.8316,True
2020-02-08 14:34:34,89.7726,True
2020-02-08 14:34:35,89.7709,True
2020-02-08 14:34:36,89.952,True
2020-02-08 14:34:37,89.6948,True
2020-02-08 14:34:38,89.7873,True
2020-02-08 14:34:39,89.8798,True
2020-02-08 14:34:40,89.8491,True
2020-02-08 14:34:41,89.6765,True
2020-02-08 14:34:42,89.3017,True
2020-02-08 14:34:43,89.3932,True
2020-02-08 14:34:44,89.1275,True
2020-02-08 14:34:45,89.1262,True
2020-02-08 14:34:46,89.2115,True
2020-02-08 14:34:47,89.2152,True
2020-02-08 14:34:48,89.1429,True
2020-02-08 14:34:49,89.2094,True
2020-02-08 14:34:50,89.2427,True
2020-02-08 14:34:51,89.1369,True
2020-02-08 14:34:52,89.269,True
2020-02-08 14:34:53,89.191,True
2020-02-08 14:34:54,89.113,True
2020-02-08 14:34:55,89.0183,True
2020-02-08 14:34:56,89.426,True
2020-02-08 14:34:57,89.268,True
2020-02-08 14:34:58,89.2238,True
2020-02-08 14:34:59,89.2684,True
2020-02-08 14:35:00,89.4145,True
2020-02-08 14:35:01,89.179,True
2020-02-08 14:35:02,89.2944,True
2020-02-08 14:35:03,89.2859,True
2020-02-08 14:35:04,89.3006,True
2020-02-08 14:35:05,89.2318,True
2020-02-08 14:35:06,89.0724,True
2020-02-08 14:35:07,89.1225,True
2020-02-08 14:35:08,89.1793,True
2020-02-08 14:35:09,89.2361,True
2020-02-08 14:35:10,89.234,True
2020-02-08 14:35:11,89.244,True
2020-02-08 14:35:12,89.2717,True
2020-02-08 14:35:13,89.0942,True
2020-02-08 14:35:14,89.0847,True
2020-02-08 14:35:15,89.1971,True
2020-02-08 14:35:16,89.1222,True
2020-02-08 14:35:17,89.0879,True
2020-02-08 14:35:18,89.0497,True
2020-02-08 14:35:19,89.0801,True
2020-02-08 14:35:20,89.6188,True
2020-02-08 14:35:21,89.727,True
2020-02-08 14:35:22,89.657,True
2020-02-08 14:35:23,89.6249,True
2020-02-08 14:35:24,89.35815,True
2020-02-08 14:35:25,89.0914,True
2020-02-08 14:35:26,89.0801,True
2020-02-08 14:35:27,89.3437,True
2020-02-08 14:35:28,89.6155,True
2020-02-08 14:35:29,89.6824,True
2020-02-08 14:35:30,89.6303,True
2020-02-08 14:35:31,89.8527,True
2020-02-08 14:35:32,89.6035,True
2020-02-08 14:35:33,89.5984,True
2020-02-08 14:35:34,88.9253,True
2020-02-08 14:35:35,89.5945,True
2020-02-08 14:35:36,89.59,True
2020-02-08 14:35:37,89.61045,True
2020-02-08 14:35:38,89.6309,True
2020-02-08 14:35:39,89.6127,True
2020-02-08 14:35:40,89.7,True
2020-02-08 14:35:41,89.7461,True
2020-02-08 14:35:42,89.6367,True
2020-02-08 14:35:43,89.6664,True
2020-02-08 14:35:44,89.6663,True
2020-02-08 14:35:45,89.6072,True
2020-02-08 14:35:46,89.6583,True
2020-02-08 14:35:47,89.7546,True
2020-02-08 14:35:48,89.7963,True
2020-02-08 14:35:49,89.838,True
2020-02-08 14:35:50,89.7162,True
2020-02-08 14:35:51,89.9455,True
2020-02-08 14:35:52,89.7884,True
2020-02-08 14:35:53,89.3898,True
2020-02-08 14:35:54,89.7109,True
2020-02-08 14:35:55,89.7067,True
2020-02-08 14:35:56,89.7547,True
2020-02-08 14:35:57,89.8048,True
2020-02-08 14:35:58,89.9521,True
2020-02-08 14:35:59,89.7694,True
2020-02-08 14:36:00,89.8954,True
2020-02-08 14:36:01,89.9144,True
2020-02-08 14:36:02,89.9334,True
2020-02-08 14:36:03,89.6815,True
2020-02-08 14:36:04,89.9461,True
2020-02-08 14:36:05,89.8148,True
2020-02-08 14:36:06,89.8381,True
2020-02-08 14:36:07,89.9586,True
2020-02-08 14:36:08,89.8294,True
2020-02-08 14:36:09,89.1578,True
2020-02-08 14:36:10,89.2841,True
2020-02-08 14:36:11,89.785,True
2020-02-08 14:36:12,89.8608,True
2020-02-08 14:36:13,89.926,True
2020-02-08 14:36:14,89.4274,True
2020-02-08 14:36:15,89.65985,True
2020-02-08 14:36:16,89.8923,True
2020-02-08 14:36:17,89.7662,True
2020-02-08 14:36:18,89.2138,True
2020-02-08 14:36:19,89.397,True
2020-02-08 14:36:20,89.2347,True
2020-02-08 14:36:21,89.1748,True
2020-02-08 14:36:22,89.2079,True
2020-02-08 14:36:23,89.2592,True
2020-02-08 14:36:24,89.1536,True
2020-02-08 14:36:25,89.0934,True
2020-02-08 14:36:26,89.1361,True
2020-02-08 14:36:27,89.1367,True
2020-02-08 14:36:28,89.2823,True
2020-02-08 14:36:29,89.2265,True
2020-02-08 14:36:30,89.1072,True
2020-02-08 14:36:31,89.1513,True
2020-02-08 14:36:32,89.1954,True
2020-02-08 14:36:33,89.0112,True
2020-02-08 14:36:34,89.0861,True
2020-02-08 14:36:35,89.0383,True
2020-02-08 14:36:36,89.1339,True
2020-02-08 14:36:37,89.279,True
2020-02-08 14:36:38,89.191,True
2020-02-08 14:36:39,89.2394,True
2020-02-08 14:36:40,88.9479,True
2020-02-08 14:36:41,88.9559,True
2020-02-08 14:36:42,89.1117,True
2020-02-08 14:36:43,89.0854,True
2020-02-08 14:36:44,89.555,True
2020-02-08 14:36:45,89.4261,True
2020-02-08 14:36:46,89.4174,True
2020-02-08 14:36:47,89.34155,True
2020-02-08 14:36:48,89.2657,True
2020-02-08 14:36:49,89.1211,True
2020-02-08 14:36:50,89.6089,True
2020-02-08 14:36:51,89.6336,True
2020-02-08 14:36:52,89.7574,True
2020-02-08 14:36:53,89.2875,True
2020-02-08 14:36:54,89.5558,True
2020-02-08 14:36:55,89.145,True
2020-02-08 14:36:56,89.4682,True
2020-02-08 14:36:57,89.6278,True
2020-02-08 14:36:58,89.7264,True
2020-02-08 14:36:59,89.7391,True
2020-02-08 14:37:00,89.6977,True
2020-02-08 14:37:01,89.63855000000001,True
2020-02-08 14:37:02,89.5794,True
2020-02-08 14:37:03,89.6552,True
2020-02-08 14:37:04,89.6667,True
2020-02-08 14:37:05,89.6789,True
2020-02-08 14:37:06,89.6615,True
2020-02-08 14:37:07,89.599,True
2020-02-08 14:37:08,89.6004,True
2020-02-08 14:37:09,89.6578,True
2020-02-08 14:37:10,89.5357,True
2020-02-08 14:37:11,89.5124,True
2020-02-08 14:37:12,89.5876,True
2020-02-08 14:37:13,89.6395,True
2020-02-08 14:37:14,89.7924,True
2020-02-08 14:37:15,89.6813,True
2020-02-08 14:37:16,89.7447,True
2020-02-08 14:37:17,89.8081,True
2020-02-08 14:37:18,89.7865,True
2020-02-08 14:37:19,89.79,True
2020-02-08 14:37:20,89.7811,True
2020-02-08 14:37:21,89.8377,True
2020-02-08 14:37:22,89.2044,True
2020-02-08 14:37:23,89.7341,True
2020-02-08 14:37:24,89.6578,True
2020-02-08 14:37:25,89.7764,True
2020-02-08 14:37:26,89.9542,True
2020-02-08 14:37:27,89.7652,False
2020-02-08 14:37:28,89.2435,False
2020-02-08 14:37:29,89.7164,False
2020-02-08 14:37:30,89.6541,False
2020-02-08 14:37:31,89.5918,False
2020-02-08 14:37:32,89.8814,False
2020-02-08 14:37:33,89.2987,False
2020-02-08 14:37:34,89.5642,False
2020-02-08 14:37:35,89.4492,False
2020-02-08 14:37:36,89.5933,False
2020-02-08 14:37:37,89.5563,False
2020-02-08 14:37:38,89.1051,False
2020-02-08 14:37:39,89.9007,False
2020-02-08 14:37:40,89.9189,False
2020-02-08 14:37:41,89.4896,False
2020-02-08 14:37:42,89.7099,False
2020-02-08 14:37:43,89.45824999999999,False
2020-02-08 14:37:44,89.2066,False
2020-02-08 14:37:45,89.848,False
2020-02-08 14:37:46,89.2268,False
2020-02-08 14:37:47,89.2056,False
2020-02-08 14:37:48,89.222,False
2020-02-08 14:37:49,89.6886,False
2020-02-08 14:37:50,89.272,False
2020-02-08 14:37:51,89.1555,False
2020-02-08 14:37:52,89.3224,False
2020-02-08 14:37:53,89.6413,False
2020-02-08 14:37:54,89.0683,False
2020-02-08 14:37:55,89.2774,False
2020-02-08 14:37:56,89.1875,False
2020-02-08 14:37:57,89.20755,False
2020-02-08 14:37:58,89.2276,False
2020-02-08 14:37:59,89.5975,False
2020-02-08 14:38:00,89.0957,False
2020-02-08 14:38:01,89.2359,False
2020-02-08 14:38:02,89.2437,False
2020-02-08 14:38:03,89.2785,False
2020-02-08 14:38:04,89.1995,False
2020-02-08 14:38:05,89.1508,False
2020-02-08 14:38:06,89.1457,False
2020-02-08 14:38:07,89.2771,False
2020-02-08 14:38:08,89.2047,False
2020-02-08 14:38:09,89.1817,False
2020-02-08 14:38:10,89.0981,False
2020-02-08 14:38:11,89.1697,False
2020-02-08 14:38:12,89.2413,False
2020-02-08 14:38:13,89.3099,False
2020-02-08 14:38:14,89.2103,False
2020-02-08 14:38:15,89.0942,False
2020-02-08 14:38:16,89.0841,False
2020-02-08 14:38:17,89.2491,False
2020-02-08 14:38:18,89.1266,False
2020-02-08 14:38:19,89.1058,False
2020-02-08 14:38:20,89.0889,False
2020-02-08 14:38:21,89.3755,False
2020-02-08 14:38:22,89.0865,False
2020-02-08 14:38:23,89.5913,False
2020-02-08 14:38:24,89.53085,False
2020-02-08 14:38:25,89.4704,False
2020-02-08 14:38:26,89.0418,False
